Name,PokemonID,MonsNo,FormNo,Type 1,Type 2,Egg Group 1,Egg Group 2,Held Item (50%),Held Item (45%),Held Item (5%),Ability1,Ability2,Ability3,HP,Attack,Defense,Special Attack,Special Defense,Speed,Learnset,,,,,,,,,,,,,,,,,,,,,,,,,,,,,,,,,,,,,,,,,,,,,,,,,,,,,,,,,,,,,,,,,,,,,,,,,,,,,,,,,,,,,,,,,,,,,,,,,,,,TM Learnset,,,,,,,,,,,,,,,,,,,,,,,,,,,,,,,,,,,,,,,,,,,,,,,,,,,,,,,,,,,,,,,,,,,,,,,,,,,,,,,,,,,,,,,,,,,,,,,,,,,,,,,,,,,,,,,,,,,,,,,,,,,,,,,,,,,,,,,,,,,,,,,,,,,,,,,,,,,Egg Learnset,,,,,,,,,,,,,,,,,,,,,,,,,,,,,,,,,,,,,,,,,,,,,,,,,,,,,,,,,,,,,,,,,,,,,,,,,,,,,,,,,,,,,,,,,,,,,,,,,,,,Tutor Learnset,,,,,,,,,,,,,,,,,,,,,,,,,,,,,,,,,,,,,,,,,,,,,,,,,,,,,,,,,,,,,,,,,,,,,,,,,,,,,,,,,,,,,,,,,,,,,,,,,,,
Huevo,0,0,0,Normal,,None,None,Ningún objeto,Ningún objeto,Ningún objeto,—,—,—,0,0,0,0,0,0,,,,,,,,,,,,,,,,,,,,,,,,,,,,,,,,,,,,,,,,,,,,,,,,,,,,,,,,,,,,,,,,,,,,,,,,,,,,,,,,,,,,,,,,,,,,,,,,,,,,,,,,,,,,,,,,,,,,,,,,,,,,,,,,,,,,,,,,,,,,,,,,,,,,,,,,,,,,,,,,,,,,,,,,,,,,,,,,,,,,,,,,,,,,,,,,,,,,,,,,,,,,,,,,,,,,,,,,,,,,,,,,,,,,,,,,,,,,,,,,,,,,,,,,,,,,,,,,,,,,,,,,,,,,,,,,,,,,,,,,,,,,,,,,,,,,,,,,,,,,,,,,,,,,,,,,,,,,,,,,,,,,,,,,,,,,,,,,,,,,,,,,,,,,,,,,,,,,,,,,,,,,,,,,,,,,,,,,,,,,,,,,,,,,,,,,,,,,,,,,,,,,,,,,,,,,,,,,,,,,,,,,,,,,,,,,,,,,,,,,,,,,,,,,,,,,,,,
Bulbasaur,1,1,0,Planta,Veneno,Monster,Grass,Ningún objeto,Ningún objeto,Ningún objeto,Clorofila,Espesura,Herbogénesis,45,49,49,65,65,45,1,Gruñido,1,Placaje,5,Látigo Cepa,8,Drenadoras,11,Hoja Afilada,14,Polvo Veneno,14,Somnífero,17,Residuos,20,Derribo,23,Dulce Aroma,26,Bomba Lodo,29,Desarrollo,32,Abatidoras,35,Doble Filo,36,Rayo Solar,38,Síntesis,41,Bomba Germen,44,Lluevehojas,,,,,,,,,,,,,,,,,,,,,,,,,,,,,,,,,,,,,,,,,,,,,,,,,,,,,,,,,,,,,,,,,Tóxico,Semilladora,Poder Oculto,Día Soleado,Pantalla de Luz,Protección,Gigadrenado,Velo Sagrado,Rayo Solar,Doble Equipo,Bomba Lodo,Atracción,Energibola,Falso Tortazo,Destello,Danza Espada,Hierba Lazo,Corte,Fuerza,Golpe Roca,,,,,,,,,,,,,,,,,,,,,,,,,,,,,,,,,,,,,,,,,,,,,,,,,,,,,,,,,,,,,,,,,,,,,,,,,,,,,,,,,,,,,,,,,,,,,,,,,,,,,,,,,,,,,,,,,,,,,,,,,,,,,,,,,,,,,,,,Cabezazo,Danza Pétalo,Maldición,Arraigo,Adaptación,Encanto,Hoja Mágica,Amnesia,Lluevehojas,Latigazo,Residuos,Campo de Hierba,Silbato,Viento Cortante,,,,,,,,,,,,,,,,,,,,,,,,,,,,,,,,,,,,,,,,,,,,,,,,,,,,,,,,,,,,,,,,,,,,,,,,,,,,,,,,,,,,,,,Ronquido,Atadura,Refuerzo,Abatidoras,Bofetón Lodo,Corte Furia,Síntesis,Bomba Germen,Desarme,,,,,,,,,,,,,,,,,,,,,,,,,,,,,,,,,,,,,,,,,,,,,,,,,,,,,,,,,,,,,,,,,,,,,,,,,,,,,,,,,,,,,,,,,,,
Ivysaur,2,2,0,Planta,Veneno,Monster,Grass,Ningún objeto,Ningún objeto,Ningún objeto,Clorofila,Espesura,Herbogénesis,60,62,63,80,80,60,1,Desarrollo,1,Látigo Cepa,1,Gruñido,1,Placaje,5,Látigo Cepa,8,Drenadoras,11,Hoja Afilada,14,Polvo Veneno,14,Somnífero,16,Hoja Mágica,18,Residuos,20,Bomba Germen,22,Derribo,26,Dulce Aroma,30,Bomba Lodo,34,Desarrollo,38,Abatidoras,42,Doble Filo,46,Síntesis,50,Rayo Solar,54,Lluevehojas,,,,,,,,,,,,,,,,,,,,,,,,,,,,,,,,,,,,,,,,,,,,,,,,,,,,,,,,,,,Tóxico,Semilladora,Poder Oculto,Día Soleado,Pantalla de Luz,Protección,Gigadrenado,Velo Sagrado,Rayo Solar,Doble Equipo,Bomba Lodo,Atracción,Energibola,Falso Tortazo,Destello,Danza Espada,Hierba Lazo,Corte,Fuerza,Golpe Roca,,,,,,,,,,,,,,,,,,,,,,,,,,,,,,,,,,,,,,,,,,,,,,,,,,,,,,,,,,,,,,,,,,,,,,,,,,,,,,,,,,,,,,,,,,,,,,,,,,,,,,,,,,,,,,,,,,,,,,,,,,,,,,,,,,,,,,,,Cabezazo,Danza Pétalo,Maldición,Arraigo,Adaptación,Encanto,Hoja Mágica,Amnesia,Lluevehojas,Latigazo,Residuos,Campo de Hierba,Silbato,Viento Cortante,,,,,,,,,,,,,,,,,,,,,,,,,,,,,,,,,,,,,,,,,,,,,,,,,,,,,,,,,,,,,,,,,,,,,,,,,,,,,,,,,,,,,,,Ronquido,Atadura,Refuerzo,Abatidoras,Bofetón Lodo,Corte Furia,Síntesis,Bomba Germen,Desarme,,,,,,,,,,,,,,,,,,,,,,,,,,,,,,,,,,,,,,,,,,,,,,,,,,,,,,,,,,,,,,,,,,,,,,,,,,,,,,,,,,,,,,,,,,,
Venusaur,3,3,0,Planta,Veneno,Monster,Grass,Ningún objeto,Ningún objeto,Ningún objeto,Clorofila,Sebo,Herbogénesis,80,82,83,110,100,80,0,Tormenta Floral,1,Desarrollo,1,Látigo Cepa,1,Gruñido,1,Placaje,1,Danza Pétalo,1,Latigazo,1,Tierra Viva,5,Látigo Cepa,8,Drenadoras,11,Hoja Afilada,14,Polvo Veneno,14,Somnífero,16,Hoja Mágica,18,Residuos,20,Bomba Germen,22,Derribo,26,Dulce Aroma,30,Bomba Lodo,32,Danza Pétalo,35,Desarrollo,40,Abatidoras,45,Doble Filo,50,Síntesis,55,Rayo Solar,60,Lluevehojas,,,,,,,,,,,,,,,,,,,,,,,,,,,,,,,,,,,,,,,,,,,,,,,,,Rugido,Tóxico,Semilladora,Poder Oculto,Día Soleado,Hiperrayo,Pantalla de Luz,Protección,Gigadrenado,Velo Sagrado,Rayo Solar,Terremoto,Doble Equipo,Bomba Lodo,Atracción,Energibola,Falso Tortazo,Gigaimpacto,Destello,Danza Espada,Vozarrón,Hierba Lazo,Corte,Fuerza,Golpe Roca,Treparrocas,,,,,,,,,,,,,,,,,,,,,,,,,,,,,,,,,,,,,,,,,,,,,,,,,,,,,,,,,,,,,,,,,,,,,,,,,,,,,,,,,,,,,,,,,,,,,,,,,,,,,,,,,,,,,,,,,,,,,,,,,,,,,,,,,,Cabezazo,Danza Pétalo,Maldición,Arraigo,Adaptación,Encanto,Hoja Mágica,Amnesia,Lluevehojas,Latigazo,Residuos,Campo de Hierba,Silbato,Viento Cortante,,,,,,,,,,,,,,,,,,,,,,,,,,,,,,,,,,,,,,,,,,,,,,,,,,,,,,,,,,,,,,,,,,,,,,,,,,,,,,,,,,,,,,,Ronquido,Atadura,Refuerzo,Terratemblor,Abatidoras,Bofetón Lodo,Bloqueo,Corte Furia,Pataleta,Síntesis,Bomba Germen,Desarme,Enfado,Tierra Viva,,,,,,,,,,,,,,,,,,,,,,,,,,,,,,,,,,,,,,,,,,,,,,,,,,,,,,,,,,,,,,,,,,,,,,,,,,,,,,,,,,,,,,
Charmander,4,4,0,Fuego,,Monster,Dragon,Ningún objeto,Ningún objeto,Ningún objeto,Poder Solar,Mar Llamas,Sequía,39,52,43,60,50,65,1,Gruñido,1,Arañazo,5,Ascuas,8,Pantalla de Humo,11,Garra Metal,12,Dragoaliento,14,Mordisco,20,Colmillo Ígneo,23,Cuchillada,26,Lanzallamas,29,Cara Susto,32,Triturar,35,Pulso Dragón,36,Infierno,38,Giro Fuego,41,Tambor,44,Envite Ígneo,,,,,,,,,,,,,,,,,,,,,,,,,,,,,,,,,,,,,,,,,,,,,,,,,,,,,,,,,,,,,,,,,,,Puño Certero,Garra Dragón,Tóxico,Poder Oculto,Día Soleado,Protección,Cola Férrea,Excavar,Demolición,Doble Equipo,Lanzallamas,Llamarada,Tumba Rocas,Golpe Aéreo,Atracción,Sofoco,Falso Tortazo,Lanzamiento,Pulso Dragón,Fuego Fatuo,Garra Umbría,Danza Espada,Avalancha,Corte,Fuerza,Golpe Roca,,,,,,,,,,,,,,,,,,,,,,,,,,,,,,,,,,,,,,,,,,,,,,,,,,,,,,,,,,,,,,,,,,,,,,,,,,,,,,,,,,,,,,,,,,,,,,,,,,,,,,,,,,,,,,,,,,,,,,,,,,,,,,,,,,Tambor,Poder Pasado,Mordisco,Carga Dragón,Garra Metal,Contraataque,Ataque Ala,Cola Dragón,Enfado,Paliza,Danza Dragón,Triturar,Envite Ígneo,Aire Afilado,,,,,,,,,,,,,,,,,,,,,,,,,,,,,,,,,,,,,,,,,,,,,,,,,,,,,,,,,,,,,,,,,,,,,,,,,,,,,,,,,,,,,,,Ronquido,Refuerzo,Bofetón Lodo,Corte Furia,Puño Fuego,Puño Trueno,Sísmico,Meteoros,Puño Incremento,Onda Ígnea,Enfado,,,,,,,,,,,,,,,,,,,,,,,,,,,,,,,,,,,,,,,,,,,,,,,,,,,,,,,,,,,,,,,,,,,,,,,,,,,,,,,,,,,,,,,,,
Charmeleon,5,5,0,Fuego,,Monster,Dragon,Ningún objeto,Ningún objeto,Ningún objeto,Poder Solar,Mar Llamas,Sequía,58,64,58,80,65,80,1,Gruñido,1,Arañazo,5,Ascuas,8,Pantalla de Humo,11,Garra Metal,14,Mordisco,16,Dragoaliento,22,Colmillo Ígneo,26,Cuchillada,30,Lanzallamas,34,Cara Susto,38,Triturar,42,Pulso Dragón,46,Giro Fuego,48,Infierno,50,Tambor,54,Envite Ígneo,,,,,,,,,,,,,,,,,,,,,,,,,,,,,,,,,,,,,,,,,,,,,,,,,,,,,,,,,,,,,,,,,,,Puño Certero,Garra Dragón,Tóxico,Poder Oculto,Día Soleado,Protección,Cola Férrea,Excavar,Demolición,Doble Equipo,Lanzallamas,Llamarada,Tumba Rocas,Golpe Aéreo,Atracción,Sofoco,Falso Tortazo,Lanzamiento,Pulso Dragón,Fuego Fatuo,Garra Umbría,Danza Espada,Avalancha,Corte,Fuerza,Golpe Roca,,,,,,,,,,,,,,,,,,,,,,,,,,,,,,,,,,,,,,,,,,,,,,,,,,,,,,,,,,,,,,,,,,,,,,,,,,,,,,,,,,,,,,,,,,,,,,,,,,,,,,,,,,,,,,,,,,,,,,,,,,,,,,,,,,Tambor,Poder Pasado,Mordisco,Carga Dragón,Garra Metal,Contraataque,Ataque Ala,Cola Dragón,Enfado,Paliza,Danza Dragón,Triturar,Envite Ígneo,Aire Afilado,,,,,,,,,,,,,,,,,,,,,,,,,,,,,,,,,,,,,,,,,,,,,,,,,,,,,,,,,,,,,,,,,,,,,,,,,,,,,,,,,,,,,,,Ronquido,Refuerzo,Bofetón Lodo,Corte Furia,Puño Fuego,Puño Trueno,Sísmico,Meteoros,Puño Incremento,Onda Ígnea,Enfado,,,,,,,,,,,,,,,,,,,,,,,,,,,,,,,,,,,,,,,,,,,,,,,,,,,,,,,,,,,,,,,,,,,,,,,,,,,,,,,,,,,,,,,,,
Charizard,6,6,0,Fuego,Dragón,Dragon,Monster,Ningún objeto,Ningún objeto,Ningún objeto,Levitación,Mar Llamas,Sequía,78,84,78,110,85,100,0,Tajo Aéreo,1,Garra Dragón,1,Garra Umbría,1,Gruñido,1,Arañazo,1,Onda Ígnea,1,Ataque Ala,1,Tajo Aéreo,5,Ascuas,8,Pantalla de Humo,11,Garra Metal,14,Mordisco,16,Dragoaliento,22,Colmillo Ígneo,26,Cuchillada,30,Lanzallamas,34,Cara Susto,36,Tajo Aéreo,39,Triturar,44,Pulso Dragón,49,Giro Fuego,54,Tambor,54,Infierno,59,Envite Ígneo,,,,,,,,,,,,,,,,,,,,,,,,,,,,,,,,,,,,,,,,,,,,,,,,,,,,,Puño Certero,Garra Dragón,Rugido,Tóxico,Poder Oculto,Día Soleado,Hiperrayo,Protección,Rayo Solar,Cola Férrea,Terremoto,Excavar,Demolición,Doble Equipo,Lanzallamas,Llamarada,Tumba Rocas,Golpe Aéreo,Atracción,Ala de Acero,Sofoco,Respiro,Onda Certera,Falso Tortazo,Lanzamiento,Aguante,Pulso Dragón,Fuego Fatuo,Garra Umbría,Gigaimpacto,Danza Espada,Avalancha,Vozarrón,Vendaval,Corte,Vuelo,Fuerza,Golpe Roca,,,,,,,,,,,,,,,,,,,,,,,,,,,,,,,,,,,,,,,,,,,,,,,,,,,,,,,,,,,,,,,,,,,,,,,,,,,,,,,,,,,,,,,,,,,,,,,,,,,,,,,,,,,,,,,,,,,,,,Tambor,Poder Pasado,Mordisco,Carga Dragón,Garra Metal,Contraataque,Ataque Ala,Cola Dragón,Enfado,Paliza,Danza Dragón,Triturar,Envite Ígneo,Aire Afilado,,,,,,,,,,,,,,,,,,,,,,,,,,,,,,,,,,,,,,,,,,,,,,,,,,,,,,,,,,,,,,,,,,,,,,,,,,,,,,,,,,,,,,,Ronquido,Refuerzo,Terratemblor,Aire Afilado,Bofetón Lodo,Ala Bis,Corte Furia,Viento Aciago,Puño Fuego,Puño Trueno,Sísmico,Viento Afín,Meteoros,Arenas Ardientes,Puño Incremento,Onda Ígnea,Enfado,Ciclón,,,,,,,,,,,,,,,,,,,,,,,,,,,,,,,,,,,,,,,,,,,,,,,,,,,,,,,,,,,,,,,,,,,,,,,,,,,,,,,,,,
Squirtle,7,7,0,Agua,,Monster,Water 1,Ningún objeto,Ningún objeto,Ningún objeto,Cura Lluvia,Torrente,Llovizna,44,48,65,50,64,43,1,Látigo,1,Placaje,5,Pistola Agua,8,Refugio,11,Burbuja,14,Mordisco,17,Giro Rápido,20,Hidropulso,23,Protección,26,Agua Lodosa,27,Rompecoraza,29,Defensa Férrea,32,Cabezazo,35,Acua Cola,38,Danza Lluvia,41,Hidrobomba,44,Salpicar,,,,,,,,,,,,,,,,,,,,,,,,,,,,,,,,,,,,,,,,,,,,,,,,,,,,,,,,,,,,,,,,,,,Puño Certero,Hidropulso,Tóxico,Granizo,Poder Oculto,Rayo Hielo,Ventisca,Protección,Danza Lluvia,Cola Férrea,Excavar,Demolición,Doble Equipo,Tumba Rocas,Atracción,Salmuera,Falso Tortazo,Escaldar,Lanzamiento,Pulso Dragón,Giro Bola,Surf,Fuerza,Golpe Roca,Cascada,,,,,,,,,,,,,,,,,,,,,,,,,,,,,,,,,,,,,,,,,,,,,,,,,,,,,,,,,,,,,,,,,,,,,,,,,,,,,,,,,,,,,,,,,,,,,,,,,,,,,,,,,,,,,,,,,,,,,,,,,,,,,,,,,,,Manto Espejo,Niebla,Neblina,Azote,Bostezo,Sorpresa,Acua Aro,Acua Jet,Salpicar,Gota Vital,Agua Lodosa,Esfera Aural,,,,,,,,,,,,,,,,,,,,,,,,,,,,,,,,,,,,,,,,,,,,,,,,,,,,,,,,,,,,,,,,,,,,,,,,,,,,,,,,,,,,,,,,,Ronquido,Refuerzo,Rodar,Bofetón Lodo,Puño Hielo,Defensa Férrea,Sísmico,Buceo,Cabezazo Zen,Acua Cola,Puño Incremento,Viento Hielo,Electrocañón,,,,,,,,,,,,,,,,,,,,,,,,,,,,,,,,,,,,,,,,,,,,,,,,,,,,,,,,,,,,,,,,,,,,,,,,,,,,,,,,,,,,,,,
Wartortle,8,8,0,Agua,,Monster,Water 1,Ningún objeto,Ningún objeto,Ningún objeto,Cura Lluvia,Torrente,Llovizna,59,63,80,65,80,58,1,Refugio,1,Pistola Agua,1,Látigo,1,Placaje,5,Pistola Agua,8,Refugio,11,Burbuja,14,Mordisco,16,Bostezo,18,Giro Rápido,22,Hidropulso,26,Protección,30,Agua Lodosa,34,Defensa Férrea,35,Rompecoraza,38,Cabezazo,42,Acua Cola,46,Danza Lluvia,50,Hidrobomba,54,Salpicar,,,,,,,,,,,,,,,,,,,,,,,,,,,,,,,,,,,,,,,,,,,,,,,,,,,,,,,,,,,,,Puño Certero,Hidropulso,Granizo,Poder Oculto,Rayo Hielo,Ventisca,Protección,Danza Lluvia,Cola Férrea,Excavar,Demolición,Doble Equipo,Tumba Rocas,Atracción,Salmuera,Falso Tortazo,Escaldar,Lanzamiento,Pulso Dragón,Giro Bola,Surf,Fuerza,Golpe Roca,Cascada,,,,,,,,,,,,,,,,,,,,,,,,,,,,,,,,,,,,,,,,,,,,,,,,,,,,,,,,,,,,,,,,,,,,,,,,,,,,,,,,,,,,,,,,,,,,,,,,,,,,,,,,,,,,,,,,,,,,,,,,,,,,,,,,,,,,Manto Espejo,Niebla,Neblina,Azote,Bostezo,Sorpresa,Acua Aro,Acua Jet,Salpicar,Gota Vital,Agua Lodosa,Esfera Aural,,,,,,,,,,,,,,,,,,,,,,,,,,,,,,,,,,,,,,,,,,,,,,,,,,,,,,,,,,,,,,,,,,,,,,,,,,,,,,,,,,,,,,,,,Ronquido,Refuerzo,Rodar,Bofetón Lodo,Puño Hielo,Defensa Férrea,Sísmico,Buceo,Cabezazo Zen,Acua Cola,Puño Incremento,Viento Hielo,Electrocañón,,,,,,,,,,,,,,,,,,,,,,,,,,,,,,,,,,,,,,,,,,,,,,,,,,,,,,,,,,,,,,,,,,,,,,,,,,,,,,,,,,,,,,,
Blastoise,9,9,0,Agua,Acero,Monster,Water 1,Ningún objeto,Ningún objeto,Ningún objeto,Megadisparador,Torrente,Llovizna,79,83,100,90,105,78,0,Foco Resplandor,1,Refugio,1,Pistola Agua,1,Látigo,1,Placaje,5,Pistola Agua,8,Refugio,11,Burbuja,14,Mordisco,16,Bostezo,18,Giro Rápido,22,Hidropulso,26,Protección,30,Agua Lodosa,34,Defensa Férrea,35,Rompecoraza,36,Esfera Aural,39,Cabezazo,44,Acua Cola,49,Danza Lluvia,54,Hidrobomba,59,Salpicar,,,,,,,,,,,,,,,,,,,,,,,,,,,,,,,,,,,,,,,,,,,,,,,,,,,,,,,,,Puño Certero,Hidropulso,Rugido,Tóxico,Granizo,Poder Oculto,Rayo Hielo,Ventisca,Hiperrayo,Protección,Danza Lluvia,Cola Férrea,Terremoto,Excavar,Demolición,Doble Equipo,Tumba Rocas,Atracción,Salmuera,Onda Certera,Falso Tortazo,Escaldar,Lanzamiento,Pulso Dragón,Gigaimpacto,Alud,Giro Bola,Pulso Umbrío,Avalancha,Vozarrón,Foco Resplandor,Surf,Fuerza,Golpe Roca,Cascada,Treparrocas,,,,,,,,,,,,,,,,,,,,,,,,,,,,,,,,,,,,,,,,,,,,,,,,,,,,,,,,,,,,,,,,,,,,,,,,,,,,,,,,,,,,,,,,,,,,,,,,,,,,,,,,,,,,,,,,,,,,,,,,Manto Espejo,Niebla,Neblina,Azote,Bostezo,Sorpresa,Acua Aro,Acua Jet,Salpicar,Gota Vital,Agua Lodosa,Esfera Aural,,,,,,,,,,,,,,,,,,,,,,,,,,,,,,,,,,,,,,,,,,,,,,,,,,,,,,,,,,,,,,,,,,,,,,,,,,,,,,,,,,,,,,,,,Ronquido,Refuerzo,Terratemblor,Rodar,Bofetón Lodo,Rayo Señal,Puño Hielo,Defensa Férrea,Sísmico,Buceo,Cabezazo Zen,Acua Cola,Puño Incremento,Viento Hielo,Electrocañón,Hidroariete,Enfado,,,,,,,,,,,,,,,,,,,,,,,,,,,,,,,,,,,,,,,,,,,,,,,,,,,,,,,,,,,,,,,,,,,,,,,,,,,,,,,,,,,
Caterpie,10,10,0,Bicho,,Bug,Bug,Ningún objeto,Ningún objeto,Ningún objeto,Polvo Escudo,Fuga,Hedor,45,30,35,20,20,45,1,Disparo Demora,1,Placaje,1,Picadura,,,,,,,,,,,,,,,,,,,,,,,,,,,,,,,,,,,,,,,,,,,,,,,,,,,,,,,,,,,,,,,,,,,,,,,,,,,,,,,,,,,,,,,,,,,,,,,,,,,,,,,,,,,,,,,,,,,,,,,,,,,,,,,,,,,,,,,,,,,,,,,,,,,,,,,,,,,,,,,,,,,,,,,,,,,,,,,,,,,,,,,,,,,,,,,,,,,,,,,,,,,,,,,,,,,,,,,,,,,,,,,,,,,,,,,,,,,,,,,,,,,,,,,,,,,,,,,,,,,,,,,,,,,,,,,,,,,,,,,,,,,,,,,,,,,,,,,,,,,,,,,,,,,,,,,,,,,,,,,,,,,,,,,,,,,,,,,,,,,,,,,,,,,,,,Electrotela,,,,,,,,,,,,,,,,,,,,,,,,,,,,,,,,,,,,,,,,,,,,,,,,,,,,,,,,,,,,,,,,,,,,,,,,,,,,,,,,,,,,,,,,,,,,,,,,,,,
Metapod,11,11,0,Bicho,,Bug,Bug,Ningún objeto,Ningún objeto,Ningún objeto,Mudar,Mudar,Mudar,50,20,55,25,25,30,0,Fortaleza,1,Fortaleza,7,Fortaleza,7,Defensa Férrea,,,,,,,,,,,,,,,,,,,,,,,,,,,,,,,,,,,,,,,,,,,,,,,,,,,,,,,,,,,,,,,,,,,,,,,,,,,,,,,,,,,,,,,,,,,,,,,,,,,,,,,,,,,,,,,,,,,,,,,,,,,,,,,,,,,,,,,,,,,,,,,,,,,,,,,,,,,,,,,,,,,,,,,,,,,,,,,,,,,,,,,,,,,,,,,,,,,,,,,,,,,,,,,,,,,,,,,,,,,,,,,,,,,,,,,,,,,,,,,,,,,,,,,,,,,,,,,,,,,,,,,,,,,,,,,,,,,,,,,,,,,,,,,,,,,,,,,,,,,,,,,,,,,,,,,,,,,,,,,,,,,,,,,,,,,,,,,,,,,,,,,,,,,,Electrotela,Defensa Férrea,,,,,,,,,,,,,,,,,,,,,,,,,,,,,,,,,,,,,,,,,,,,,,,,,,,,,,,,,,,,,,,,,,,,,,,,,,,,,,,,,,,,,,,,,,,,,,,,,,
Butterfree,12,12,0,Bicho,Volador,Bug,Bug,Ningún objeto,Ningún objeto,Polvo Plata,Cromolente,Ojo Compuesto,Efecto Espora,60,45,45,110,100,90,0,Tornado,1,Picadura,1,Disparo Demora,1,Placaje,1,Fortaleza,1,Confusión,1,Tornado,10,Tornado,11,Confusión,13,Paralizador,13,Polvo Veneno,13,Somnífero,17,Aire Afilado,19,Psicorrayo,19,Viento Plata,21,Supersónico,23,Tajo Aéreo,25,Velo Sagrado,28,Zumbido,34,Psíquico,37,Remolino,40,Polvo Ira,40,Viento Afín,43,Teletransporte,44,Danza Aleteo,45,Vendaval,,,,,,,,,,,,,,,,,,,,,,,,,,,,,,,,,,,,,,,,,,,,,,,,,Tóxico,Día Soleado,Hiperrayo,Protección,Danza Lluvia,Gigadrenado,Velo Sagrado,Rayo Solar,Psíquico,Bola Sombra,Doble Equipo,Golpe Aéreo,Atracción,Ladrón,Intercambio,Respiro,Energibola,Aguante,Zumbido,Gigaimpacto,Destello,Autosugestión,Brillo Mágico,Vendaval,Ida y Vuelta,Vuelo,Despejar,,,,,,,,,,,,,,,,,,,,,,,,,,,,,,,,,,,,,,,,,,,,,,,,,,,,,,,,,,,,,,,,,,,,,,,,,,,,,,,,,,,,,,,,,,,,,,,,,,,,,,,,,,,,,,,,,,,,,,,,,,,,,,,,,,,,,,,,,,,,,,,,,,,,,,,,,,,,,,,,,,,,,,,,,,,,,,,,,,,,,,,,,,,,,,,,,,,,,,,,,,,,,,,,,,,,,,,,,,,,,,,,,,,,,Ronquido,Aire Afilado,Electrotela,Ala Bis,Rayo Señal,Viento Aciago,Defensa Férrea,Viento Afín,Meteoros,Ciclón,,,,,,,,,,,,,,,,,,,,,,,,,,,,,,,,,,,,,,,,,,,,,,,,,,,,,,,,,,,,,,,,,,,,,,,,,,,,,,,,,,,,,,,,,,
Weedle,13,13,0,Bicho,Veneno,Bug,Bug,Ningún objeto,Ningún objeto,Ningún objeto,Polvo Escudo,Fuga,Punto Tóxico,40,35,30,20,20,50,1,Disparo Demora,1,Picotazo Veneno,1,Picadura,,,,,,,,,,,,,,,,,,,,,,,,,,,,,,,,,,,,,,,,,,,,,,,,,,,,,,,,,,,,,,,,,,,,,,,,,,,,,,,,,,,,,,,,,,,,,,,,,,,,,,,,,,,,,,,,,,,,,,,,,,,,,,,,,,,,,,,,,,,,,,,,,,,,,,,,,,,,,,,,,,,,,,,,,,,,,,,,,,,,,,,,,,,,,,,,,,,,,,,,,,,,,,,,,,,,,,,,,,,,,,,,,,,,,,,,,,,,,,,,,,,,,,,,,,,,,,,,,,,,,,,,,,,,,,,,,,,,,,,,,,,,,,,,,,,,,,,,,,,,,,,,,,,,,,,,,,,,,,,,,,,,,,,,,,,,,,,,,,,,,,,,,,,,,,Electrotela,,,,,,,,,,,,,,,,,,,,,,,,,,,,,,,,,,,,,,,,,,,,,,,,,,,,,,,,,,,,,,,,,,,,,,,,,,,,,,,,,,,,,,,,,,,,,,,,,,,
Kakuna,14,14,0,Bicho,Veneno,Bug,Bug,Ningún objeto,Ningún objeto,Ningún objeto,Mudar,Mudar,Mudar,45,25,50,25,25,35,0,Fortaleza,1,Fortaleza,7,Fortaleza,7,Defensa Férrea,,,,,,,,,,,,,,,,,,,,,,,,,,,,,,,,,,,,,,,,,,,,,,,,,,,,,,,,,,,,,,,,,,,,,,,,,,,,,,,,,,,,,,,,,,,,,,,,,,,,,,,,,,,,,,,,,,,,,,,,,,,,,,,,,,,,,,,,,,,,,,,,,,,,,,,,,,,,,,,,,,,,,,,,,,,,,,,,,,,,,,,,,,,,,,,,,,,,,,,,,,,,,,,,,,,,,,,,,,,,,,,,,,,,,,,,,,,,,,,,,,,,,,,,,,,,,,,,,,,,,,,,,,,,,,,,,,,,,,,,,,,,,,,,,,,,,,,,,,,,,,,,,,,,,,,,,,,,,,,,,,,,,,,,,,,,,,,,,,,,,,,,,,,,Electrotela,Defensa Férrea,,,,,,,,,,,,,,,,,,,,,,,,,,,,,,,,,,,,,,,,,,,,,,,,,,,,,,,,,,,,,,,,,,,,,,,,,,,,,,,,,,,,,,,,,,,,,,,,,,
Beedrill,15,15,0,Bicho,Veneno,Bug,Bug,Ningún objeto,Ningún objeto,Flecha Venenosa,Adaptable,Francotirador,Toque Tóxico,65,115,40,40,95,95,0,Doble Ataque,0,Ataque Furia,1,Fortaleza,1,Disparo Demora,1,Picotazo Veneno,1,Picadura,1,Ataque Furia,1,Doble Ataque,10,Ataque Furia,11,Corte Furia,14,Aguzar,15,Púas Tóxicas,17,Pin Misil,21,Foco Energía,23,Carga Tóxica,23,Puya Nociva,25,Buena Baza,28,Tijera X,31,Veneno X,34,Pico Taladro,34,Taladradora,37,Agilidad,40,Esfuerzo,43,Enfado,44,Aguijón Letal,45,Megacuerno,,,,,,,,,,,,,,,,,,,,,,,,,,,,,,,,,,,,,,,,,,,,,,,,,Tóxico,Día Soleado,Hiperrayo,Protección,Gigadrenado,Rayo Solar,Demolición,Doble Equipo,Bomba Lodo,Golpe Aéreo,Atracción,Ladrón,Respiro,Falso Tortazo,Zumbido,Vendetta,Gigaimpacto,Destello,Danza Espada,Tijera X,Puya Nociva,Ida y Vuelta,Corte,Vuelo,Despejar,Golpe Roca,,,,,,,,,,,,,,,,,,,,,,,,,,,,,,,,,,,,,,,,,,,,,,,,,,,,,,,,,,,,,,,,,,,,,,,,,,,,,,,,,,,,,,,,,,,,,,,,,,,,,,,,,,,,,,,,,,,,,,,,,,,,,,,,,,,,,,,,,,,,,,,,,,,,,,,,,,,,,,,,,,,,,,,,,,,,,,,,,,,,,,,,,,,,,,,,,,,,,,,,,,,,,,,,,,,,,,,,,,,,,,,,,,,,,,Ronquido,Aire Afilado,Electrotela,Aguzar,Corte Furia,Viento Aciago,Defensa Férrea,Viento Afín,Meteoros,Taladradora,Desarme,Esfuerzo,,,,,,,,,,,,,,,,,,,,,,,,,,,,,,,,,,,,,,,,,,,,,,,,,,,,,,,,,,,,,,,,,,,,,,,,,,,,,,,,,,,,,,,,
Pidgey,16,16,0,Normal,Volador,Flying,Flying,Ningún objeto,Ningún objeto,Ningún objeto,Vista Lince,Tumbos,Sacapecho,40,35,35,50,35,56,1,Placaje,1,Ataque Arena,1,Tornado,6,Ataque Rápido,9,Ataque Ala,12,Meteoros,15,Aire Afilado,18,Danza Pluma,21,Alboroto,21,Ciclón,24,Tajo Aéreo,27,Agilidad,27,Viento Cortante,30,Respiro,34,Remolino,38,Viento Afín,42,Vendaval,45,Golpe Aéreo,45,Pájaro Osado,,,,,,,,,,,,,,,,,,,,,,,,,,,,,,,,,,,,,,,,,,,,,,,,,,,,,,,,,,,,,,,Tóxico,Poder Oculto,Día Soleado,Protección,Danza Lluvia,Doble Equipo,Golpe Aéreo,Descanso,Atracción,Ladrón,Ala de Acero,Respiro,Aguante,Vendaval,Ida y Vuelta,Vuelo,Despejar,,,,,,,,,,,,,,,,,,,,,,,,,,,,,,,,,,,,,,,,,,,,,,,,,,,,,,,,,,,,,,,,,,,,,,,,,,,,,,,,,,,,,,,,,,,,,,,,,,,,,,,,,,,,,,,,,,,,,,,,,,,,,,,,,,,,,,,,,,,Aire Afilado,Tajo Aéreo,Pájaro Osado,Alboroto,Finta,,,,,,,,,,,,,,,,,,,,,,,,,,,,,,,,,,,,,,,,,,,,,,,,,,,,,,,,,,,,,,,,,,,,,,,,,,,,,,,,,,,,,,,,,,,,,,,,Ronquido,Aire Afilado,Bofetón Lodo,Ala Bis,Alboroto,Viento Aciago,Ataque Aéreo,Viento Afín,Meteoros,Onda Ígnea,Ciclón,,,,,,,,,,,,,,,,,,,,,,,,,,,,,,,,,,,,,,,,,,,,,,,,,,,,,,,,,,,,,,,,,,,,,,,,,,,,,,,,,,,,,,,,,
Pidgeotto,17,17,0,Normal,Volador,Flying,Flying,Ningún objeto,Ningún objeto,Ningún objeto,Vista Lince,Tumbos,Sacapecho,63,50,50,65,50,71,1,Tornado,1,Ataque Arena,1,Placaje,6,Ataque Rápido,9,Ataque Ala,12,Meteoros,15,Aire Afilado,19,Danza Pluma,22,Ciclón,23,Alboroto,27,Tajo Aéreo,31,Agilidad,31,Viento Cortante,35,Respiro,39,Remolino,43,Viento Afín,47,Vendaval,52,Golpe Aéreo,55,Pájaro Osado,,,,,,,,,,,,,,,,,,,,,,,,,,,,,,,,,,,,,,,,,,,,,,,,,,,,,,,,,,,,,,,Tóxico,Poder Oculto,Día Soleado,Protección,Danza Lluvia,Doble Equipo,Golpe Aéreo,Descanso,Atracción,Ladrón,Ala de Acero,Respiro,Aguante,Vendaval,Ida y Vuelta,Vuelo,Despejar,,,,,,,,,,,,,,,,,,,,,,,,,,,,,,,,,,,,,,,,,,,,,,,,,,,,,,,,,,,,,,,,,,,,,,,,,,,,,,,,,,,,,,,,,,,,,,,,,,,,,,,,,,,,,,,,,,,,,,,,,,,,,,,,,,,,,,,,,,,Aire Afilado,Tajo Aéreo,Pájaro Osado,Alboroto,Finta,,,,,,,,,,,,,,,,,,,,,,,,,,,,,,,,,,,,,,,,,,,,,,,,,,,,,,,,,,,,,,,,,,,,,,,,,,,,,,,,,,,,,,,,,,,,,,,,Ronquido,Aire Afilado,Bofetón Lodo,Ala Bis,Alboroto,Viento Aciago,Ataque Aéreo,Viento Afín,Meteoros,Onda Ígnea,Ciclón,,,,,,,,,,,,,,,,,,,,,,,,,,,,,,,,,,,,,,,,,,,,,,,,,,,,,,,,,,,,,,,,,,,,,,,,,,,,,,,,,,,,,,,,,
Pidgeot,18,18,0,Normal,Volador,Flying,Flying,Ningún objeto,Ningún objeto,Ningún objeto,Indefenso,Tumbos,Sacapecho,83,60,70,115,70,101,1,Ataque Rápido,1,Tornado,1,Ataque Arena,1,Placaje,1,Onda Ígnea,6,Ataque Rápido,9,Ataque Ala,12,Meteoros,15,Aire Afilado,19,Danza Pluma,22,Ciclón,23,Alboroto,27,Tajo Aéreo,31,Agilidad,31,Viento Cortante,35,Respiro,40,Remolino,42,Doble Filo,45,Viento Afín,50,Vendaval,55,Golpe Aéreo,60,Pájaro Osado,,,,,,,,,,,,,,,,,,,,,,,,,,,,,,,,,,,,,,,,,,,,,,,,,,,,,,,,,Tóxico,Poder Oculto,Día Soleado,Hiperrayo,Protección,Danza Lluvia,Doble Equipo,Golpe Aéreo,Descanso,Atracción,Ladrón,Ala de Acero,Respiro,Aguante,Gigaimpacto,Vendaval,Ida y Vuelta,Vuelo,Despejar,,,,,,,,,,,,,,,,,,,,,,,,,,,,,,,,,,,,,,,,,,,,,,,,,,,,,,,,,,,,,,,,,,,,,,,,,,,,,,,,,,,,,,,,,,,,,,,,,,,,,,,,,,,,,,,,,,,,,,,,,,,,,,,,,,,,,,,,,Aire Afilado,Tajo Aéreo,Pájaro Osado,Alboroto,Finta,,,,,,,,,,,,,,,,,,,,,,,,,,,,,,,,,,,,,,,,,,,,,,,,,,,,,,,,,,,,,,,,,,,,,,,,,,,,,,,,,,,,,,,,,,,,,,,,Ronquido,Aire Afilado,Bofetón Lodo,Ala Bis,Aguzar,Alboroto,Viento Aciago,Ataque Aéreo,Viento Afín,Meteoros,Onda Ígnea,Ciclón,,,,,,,,,,,,,,,,,,,,,,,,,,,,,,,,,,,,,,,,,,,,,,,,,,,,,,,,,,,,,,,,,,,,,,,,,,,,,,,,,,,,,,,,
Rattata,19,19,0,Normal,,Field,Field,Ningún objeto,Ningún objeto,Ningún objeto,Entusiasmo,Agallas,Experto,30,56,35,25,35,72,1,Látigo,1,Placaje,1,Ataque Rápido,7,Mordisco,10,Foco Energía,13,Aguzar,16,Derribo,16,Hipercolmillo,19,Buena Baza,22,Superdiente,25,Triturar,28,Golpe Bajo,31,Rueda Fuego,34,Doble Filo,37,Inversión,40,Esfuerzo,43,Última Baza,,,,,,,,,,,,,,,,,,,,,,,,,,,,,,,,,,,,,,,,,,,,,,,,,,,,,,,,,,,,,,,,,,,Tóxico,Poder Oculto,Día Soleado,Mofa,Rayo Hielo,Ventisca,Protección,Danza Lluvia,Cola Férrea,Rayo,Trueno,Excavar,Bola Sombra,Doble Equipo,Onda Voltio,Bomba Lodo,Golpe Aéreo,Imagen,Atracción,Ladrón,Falso Tortazo,Voltio Cruel,Onda Trueno,Hierba Lazo,Ida y Vuelta,Corte,Golpe Roca,,,,,,,,,,,,,,,,,,,,,,,,,,,,,,,,,,,,,,,,,,,,,,,,,,,,,,,,,,,,,,,,,,,,,,,,,,,,,,,,,,,,,,,,,,,,,,,,,,,,,,,,,,,,,,,,,,,,,,,,,,,,,,,,,Chirrido,Rueda Fuego,Golpes Furia,Mordisco,Contraataque,Inversión,Alboroto,Última Baza,Desquite,Sacrificio,,,,,,,,,,,,,,,,,,,,,,,,,,,,,,,,,,,,,,,,,,,,,,,,,,,,,,,,,,,,,,,,,,,,,,,,,,,,,,,,,,,,,,,,,,,Ronquido,Antojo,Bofetón Lodo,Alboroto,Cabezazo Zen,Meteoros,Viento Hielo,Golpe Bajo,Última Baza,Esfuerzo,Superdiente,,,,,,,,,,,,,,,,,,,,,,,,,,,,,,,,,,,,,,,,,,,,,,,,,,,,,,,,,,,,,,,,,,,,,,,,,,,,,,,,,,,,,,,,,
Raticate,20,20,0,Normal,,Field,Field,Ningún objeto,Ningún objeto,Ningún objeto,Entusiasmo,Agallas,Experto,55,97,70,45,70,113,0,Cara Susto,1,Danza Espada,1,Ataque Rápido,1,Látigo,1,Placaje,1,Contraataque,1,Cara Susto,7,Mordisco,10,Foco Energía,13,Aguzar,16,Puño Mareo,16,Derribo,19,Buena Baza,20,Cara Susto,23,Superdiente,27,Triturar,31,Golpe Bajo,35,Rueda Fuego,39,Doble Filo,43,Inversión,47,Esfuerzo,51,Última Baza,,,,,,,,,,,,,,,,,,,,,,,,,,,,,,,,,,,,,,,,,,,,,,,,,,,,,,,,,Rugido,Tóxico,Poder Oculto,Día Soleado,Mofa,Rayo Hielo,Ventisca,Hiperrayo,Protección,Danza Lluvia,Cola Férrea,Rayo,Trueno,Excavar,Bola Sombra,Doble Equipo,Onda Voltio,Bomba Lodo,Golpe Aéreo,Imagen,Atracción,Ladrón,Falso Tortazo,Voltio Cruel,Gigaimpacto,Onda Trueno,Danza Espada,Hierba Lazo,Ida y Vuelta,Corte,Fuerza,Golpe Roca,,,,,,,,,,,,,,,,,,,,,,,,,,,,,,,,,,,,,,,,,,,,,,,,,,,,,,,,,,,,,,,,,,,,,,,,,,,,,,,,,,,,,,,,,,,,,,,,,,,,,,,,,,,,,,,,,,,,,,,,,,,,Chirrido,Rueda Fuego,Golpes Furia,Mordisco,Contraataque,Inversión,Alboroto,Última Baza,Desquite,Sacrificio,,,,,,,,,,,,,,,,,,,,,,,,,,,,,,,,,,,,,,,,,,,,,,,,,,,,,,,,,,,,,,,,,,,,,,,,,,,,,,,,,,,,,,,,,,,Ronquido,Antojo,Bofetón Lodo,Alboroto,Pataleta,Cabezazo Zen,Meteoros,Viento Hielo,Golpe Bajo,Última Baza,Esfuerzo,Superdiente,,,,,,,,,,,,,,,,,,,,,,,,,,,,,,,,,,,,,,,,,,,,,,,,,,,,,,,,,,,,,,,,,,,,,,,,,,,,,,,,,,,,,,,,
Spearow,21,21,0,Normal,Volador,Flying,Flying,Ningún objeto,Ningún objeto,Pico Afilado,Vista Lince,Francotirador,Intimidación,40,60,30,31,31,70,1,Gruñido,1,Picotazo,1,Malicioso,8,Ataque Furia,11,Golpe Aéreo,15,Ataque Ala,18,Imagen,22,Buena Baza,22,Derribo,25,Pico Taladro,28,Agilidad,31,Taladradora,34,Foco Energía,37,Respiro,40,Viento Afín,43,Doble Filo,46,Pájaro Osado,,,,,,,,,,,,,,,,,,,,,,,,,,,,,,,,,,,,,,,,,,,,,,,,,,,,,,,,,,,,,,,,,,,Tóxico,Poder Oculto,Día Soleado,Protección,Danza Lluvia,Doble Equipo,Golpe Aéreo,Atracción,Ladrón,Ala de Acero,Respiro,Falso Tortazo,Aguante,Vendaval,Ida y Vuelta,Vuelo,Despejar,,,,,,,,,,,,,,,,,,,,,,,,,,,,,,,,,,,,,,,,,,,,,,,,,,,,,,,,,,,,,,,,,,,,,,,,,,,,,,,,,,,,,,,,,,,,,,,,,,,,,,,,,,,,,,,,,,,,,,,,,,,,,,,,,,,,,,,,,,,Cara Susto,Ataque Rápido,Triataque,Impresionar,Ataque Aéreo,Remolino,Alboroto,Danza Pluma,Viento Cortante,Finta,,,,,,,,,,,,,,,,,,,,,,,,,,,,,,,,,,,,,,,,,,,,,,,,,,,,,,,,,,,,,,,,,,,,,,,,,,,,,,,,,,,,,,,,,,,Ronquido,Aire Afilado,Bofetón Lodo,Ala Bis,Alboroto,Viento Aciago,Ataque Aéreo,Viento Afín,Meteoros,Taladradora,Onda Ígnea,Ciclón,,,,,,,,,,,,,,,,,,,,,,,,,,,,,,,,,,,,,,,,,,,,,,,,,,,,,,,,,,,,,,,,,,,,,,,,,,,,,,,,,,,,,,,,
Fearow,22,22,0,Normal,Volador,Flying,Flying,Ningún objeto,Ningún objeto,Pico Afilado,Vista Lince,Francotirador,Intimidación,65,110,65,61,61,100,1,Malicioso,1,Gruñido,1,Picotazo,1,Picoteo,10,Ataque Furia,11,Golpe Aéreo,15,Ataque Ala,18,Imagen,23,Buena Baza,23,Derribo,27,Pico Taladro,31,Agilidad,35,Taladradora,39,Foco Energía,43,Respiro,47,Viento Afín,51,Doble Filo,55,Pájaro Osado,,,,,,,,,,,,,,,,,,,,,,,,,,,,,,,,,,,,,,,,,,,,,,,,,,,,,,,,,,,,,,,,,Tóxico,Poder Oculto,Día Soleado,Hiperrayo,Protección,Danza Lluvia,Doble Equipo,Golpe Aéreo,Atracción,Ladrón,Ala de Acero,Respiro,Falso Tortazo,Aguante,Gigaimpacto,Vendaval,Ida y Vuelta,Vuelo,Despejar,,,,,,,,,,,,,,,,,,,,,,,,,,,,,,,,,,,,,,,,,,,,,,,,,,,,,,,,,,,,,,,,,,,,,,,,,,,,,,,,,,,,,,,,,,,,,,,,,,,,,,,,,,,,,,,,,,,,,,,,,,,,,,,,,,,,,,,,,Cara Susto,Ataque Rápido,Triataque,Impresionar,Ataque Aéreo,Remolino,Alboroto,Danza Pluma,Viento Cortante,Finta,,,,,,,,,,,,,,,,,,,,,,,,,,,,,,,,,,,,,,,,,,,,,,,,,,,,,,,,,,,,,,,,,,,,,,,,,,,,,,,,,,,,,,,,,,,Ronquido,Aire Afilado,Bofetón Lodo,Ala Bis,Aguzar,Alboroto,Viento Aciago,Ataque Aéreo,Viento Afín,Meteoros,Taladradora,Onda Ígnea,Ciclón,,,,,,,,,,,,,,,,,,,,,,,,,,,,,,,,,,,,,,,,,,,,,,,,,,,,,,,,,,,,,,,,,,,,,,,,,,,,,,,,,,,,,,,
Ekans,23,23,0,Veneno,,Field,Dragon,Ningún objeto,Ningún objeto,Ningún objeto,Intimidación,Mudar,Ensañamiento,35,60,44,40,54,55,1,Malicioso,1,Constricción,4,Picotazo Veneno,7,Mordisco,10,Ácido,13,Deslumbrar,16,Colmillo Veneno,22,Chirrido,25,Escupir,25,Tragar,25,Reserva,28,Cola Veneno,28,Bomba Ácida,31,Chupavidas,33,Bomba Lodo,33,Bomba Fango,34,Niebla,37,Golpe Bajo,38,Eructo,40,Lanzamugre,44,Enrosque,48,Bilis,,,,,,,,,,,,,,,,,,,,,,,,,,,,,,,,,,,,,,,,,,,,,,,,,,,,,,,,,Tóxico,Día Soleado,Protección,Danza Lluvia,Gigadrenado,Cola Férrea,Terremoto,Excavar,Doble Equipo,Bomba Lodo,Tumba Rocas,Tormento,Atracción,Ladrón,Vendetta,Pulso Umbrío,Avalancha,Vozarrón,Puya Nociva,Fuerza,,,,,,,,,,,,,,,,,,,,,,,,,,,,,,,,,,,,,,,,,,,,,,,,,,,,,,,,,,,,,,,,,,,,,,,,,,,,,,,,,,,,,,,,,,,,,,,,,,,,,,,,,,,,,,,,,,,,,,,,,,,,,,,,,,,,,,,,Atizar,Rencor,Paliza,Colmillo Veneno,Cara Susto,Cola Veneno,Anulación,Trapicheo,Golpe Bajo,,,,,,,,,,,,,,,,,,,,,,,,,,,,,,,,,,,,,,,,,,,,,,,,,,,,,,,,,,,,,,,,,,,,,,,,,,,,,,,,,,,,,,,,,,,,Ronquido,Atadura,Terratemblor,Rencor,Bilis,Bomba Germen,Acua Cola,,,,,,,,,,,,,,,,,,,,,,,,,,,,,,,,,,,,,,,,,,,,,,,,,,,,,,,,,,,,,,,,,,,,,,,,,,,,,,,,,,,,,,,,,,,,,
Arbok,24,24,0,Veneno,,Field,Dragon,Ningún objeto,Ningún objeto,Ningún objeto,Intimidación,Mudar,Ensañamiento,60,110,70,55,80,80,0,Triturar,1,Malicioso,1,Constricción,1,Colmillo Ígneo,1,Colmillo Rayo,1,Colmillo Hielo,1,Triturar,4,Picotazo Veneno,7,Mordisco,10,Ácido,13,Deslumbrar,16,Colmillo Veneno,22,Triturar,23,Chirrido,27,Escupir,27,Tragar,27,Reserva,31,Cola Veneno,32,Bomba Ácida,35,Chupavidas,39,Bomba Lodo,39,Bomba Fango,39,Niebla,43,Golpe Bajo,47,Lanzamugre,48,Eructo,56,Enrosque,60,Bilis,,,,,,,,,,,,,,,,,,,,,,,,,,,,,,,,,,,,,,,,,,,,,Tóxico,Día Soleado,Hiperrayo,Protección,Danza Lluvia,Gigadrenado,Cola Férrea,Terremoto,Excavar,Doble Equipo,Bomba Lodo,Tumba Rocas,Tormento,Atracción,Ladrón,Vendetta,Gigaimpacto,Pulso Umbrío,Avalancha,Vozarrón,Puya Nociva,Fuerza,,,,,,,,,,,,,,,,,,,,,,,,,,,,,,,,,,,,,,,,,,,,,,,,,,,,,,,,,,,,,,,,,,,,,,,,,,,,,,,,,,,,,,,,,,,,,,,,,,,,,,,,,,,,,,,,,,,,,,,,,,,,,,,,,,,,,,Atizar,Rencor,Paliza,Colmillo Veneno,Cara Susto,Cola Veneno,Anulación,Trapicheo,Golpe Bajo,,,,,,,,,,,,,,,,,,,,,,,,,,,,,,,,,,,,,,,,,,,,,,,,,,,,,,,,,,,,,,,,,,,,,,,,,,,,,,,,,,,,,,,,,,,,Ronquido,Atadura,Terratemblor,Rencor,Pataleta,Bilis,Bomba Germen,Acua Cola,,,,,,,,,,,,,,,,,,,,,,,,,,,,,,,,,,,,,,,,,,,,,,,,,,,,,,,,,,,,,,,,,,,,,,,,,,,,,,,,,,,,,,,,,,,,
Pikachu,25,25,0,Eléctrico,,Field,Fairy,Ningún objeto,Ningún objeto,Bola Luminosa,Elec. Estática,Pararrayos,Piel Eléctrica,35,55,40,50,50,90,1,Gruñido,1,Látigo,1,Impactrueno,1,Encanto,1,Moflete Estático,1,Beso Dulce,1,Camaradería,4,Ataque Rápido,7,Onda Trueno,11,Doble Patada,12,Bola Voltio,13,Onda Voltio,16,Amago,19,Chispa,21,Doble Equipo,23,Atizar,26,Rayo,29,Agilidad,31,Chispazo,33,Voltio Cruel,36,Pantalla de Luz,39,Trueno,,,,,,,,,,,,,,,,,,,,,,,,,,,,,,,,,,,,,,,,,,,,,,,,,,,,,,,,,Puño Certero,Tóxico,Pantalla de Luz,Protección,Danza Lluvia,Cola Férrea,Rayo,Trueno,Excavar,Demolición,Doble Equipo,Reflejo,Onda Voltio,Imagen,Voltiocambio,Descanso,Atracción,Ladrón,Lanzamiento,Voltio Cruel,Maquinación,Destello,Onda Trueno,Hierba Lazo,Surf,Fuerza,Golpe Roca,,,,,,,,,,,,,,,,,,,,,,,,,,,,,,,,,,,,,,,,,,,,,,,,,,,,,,,,,,,,,,,,,,,,,,,,,,,,,,,,,,,,,,,,,,,,,,,,,,,,,,,,,,,,,,,,,,,,,,,,,,,,,,,,,Presente,Deseo,Carga,Sorpresa,Cosquillas,Azote,Voz Cautivadora,Inversión,Otra Vez,Puño Trueno,Campo Eléctrico,Doble Bofetón,,,,,,,,,,,,,,,,,,,,,,,,,,,,,,,,,,,,,,,,,,,,,,,,,,,,,,,,,,,,,,,,,,,,,,,,,,,,,,,,,,,,,,,,,Ronquido,Refuerzo,Antojo,Rodar,Electrotela,Bofetón Lodo,Aguzar,Rayo Señal,Puño Hielo,Puño Trueno,Levitón,Sísmico,Meteoros,Desarme,Electrocañón,,,,,,,,,,,,,,,,,,,,,,,,,,,,,,,,,,,,,,,,,,,,,,,,,,,,,,,,,,,,,,,,,,,,,,,,,,,,,,,,,,,,,
Raichu,26,26,0,Eléctrico,,Field,Fairy,Ningún objeto,Ningún objeto,Ningún objeto,Elec. Estática,Pararrayos,Piel Eléctrica,60,95,55,95,80,110,0,Puño Trueno,1,Puño Trueno,1,Gruñido,1,Látigo,1,Impactrueno,1,Encanto,1,Moflete Estático,1,Beso Dulce,1,Camaradería,5,Ataque Rápido,10,Onda Trueno,15,Doble Patada,20,Bola Voltio,25,Onda Voltio,25,Sorpresa,30,Amago,35,Chispa,40,Doble Equipo,45,Atizar,50,Rayo,55,Danza Caos,55,Agilidad,60,Chispazo,65,Voltio Cruel,65,Voltio Cruel,70,Pantalla de Luz,75,Trueno,,,,,,,,,,,,,,,,,,,,,,,,,,,,,,,,,,,,,,,,,,,,,,,Puño Certero,Tóxico,Hiperrayo,Pantalla de Luz,Protección,Danza Lluvia,Velo Sagrado,Cola Férrea,Rayo,Trueno,Excavar,Psíquico,Demolición,Doble Equipo,Reflejo,Onda Voltio,Imagen,Voltiocambio,Descanso,Atracción,Ladrón,Onda Certera,Lanzamiento,Voltio Cruel,Maquinación,Gigaimpacto,Destello,Onda Trueno,Hierba Lazo,Surf,Fuerza,Golpe Roca,,,,,,,,,,,,,,,,,,,,,,,,,,,,,,,,,,,,,,,,,,,,,,,,,,,,,,,,,,,,,,,,,,,,,,,,,,,,,,,,,,,,,,,,,,,,,,,,,,,,,,,,,,,,,,,,,,,,,,,,,,,,Presente,Deseo,Carga,Sorpresa,Cosquillas,Azote,Voz Cautivadora,Inversión,Otra Vez,Puño Trueno,Campo Eléctrico,Doble Bofetón,,,,,,,,,,,,,,,,,,,,,,,,,,,,,,,,,,,,,,,,,,,,,,,,,,,,,,,,,,,,,,,,,,,,,,,,,,,,,,,,,,,,,,,,,Ronquido,Refuerzo,Antojo,Rodar,Electrotela,Bofetón Lodo,Aguzar,Rayo Señal,Puño Hielo,Puño Trueno,Levitón,Sísmico,Meteoros,Desarme,Electrocañón,,,,,,,,,,,,,,,,,,,,,,,,,,,,,,,,,,,,,,,,,,,,,,,,,,,,,,,,,,,,,,,,,,,,,,,,,,,,,,,,,,,,,
Sandshrew,27,27,0,Tierra,,Field,Field,Ningún objeto,Ningún objeto,Garra Garfio,Velo Arena,Poder Arena,Ímpetu Arena,50,75,85,20,30,40,1,Rizo Defensa,1,Arañazo,1,Ataque Arena,1,Picotazo Veneno,7,Rodar,9,Terratemblor,11,Giro Rápido,13,Corte Furia,14,Magnitud,15,Meteoros,21,Golpes Furia,24,Cuchillada,24,Tajo Umbrío,27,Excavar,27,Agilidad,30,Giro Bola,33,Puya Nociva,36,Terremoto,39,Danza Espada,42,Tormenta Arena,45,Fisura,,,,,,,,,,,,,,,,,,,,,,,,,,,,,,,,,,,,,,,,,,,,,,,,,,,,,,,,,,,Puño Certero,Tóxico,Poder Oculto,Día Soleado,Protección,Velo Sagrado,Cola Férrea,Terremoto,Excavar,Demolición,Doble Equipo,Tormenta Arena,Tumba Rocas,Golpe Aéreo,Atracción,Ladrón,Falso Tortazo,Lanzamiento,Garra Umbría,Giro Bola,Danza Espada,Trampa Rocas,Avalancha,Tijera X,Vozarrón,Puya Nociva,Corte,Fuerza,Golpe Roca,Treparrocas,,,,,,,,,,,,,,,,,,,,,,,,,,,,,,,,,,,,,,,,,,,,,,,,,,,,,,,,,,,,,,,,,,,,,,,,,,,,,,,,,,,,,,,,,,,,,,,,,,,,,,,,,,,,,,,,,,,,,,,,,,,,,,Contraataque,Azote,Bofetón Lodo,Tajo Umbrío,Garra Metal,Afilagarras,Giro Rápido,Garra Brutal,Disparo Lodo,,,,,,,,,,,,,,,,,,,,,,,,,,,,,,,,,,,,,,,,,,,,,,,,,,,,,,,,,,,,,,,,,,,,,,,,,,,,,,,,,,,,,,,,,,,,Ronquido,Antojo,Terratemblor,Rodar,Bofetón Lodo,Corte Furia,Pataleta,Sísmico,Meteoros,Arenas Ardientes,Chupavidas,Desarme,Superdiente,Tierra Viva,,,,,,,,,,,,,,,,,,,,,,,,,,,,,,,,,,,,,,,,,,,,,,,,,,,,,,,,,,,,,,,,,,,,,,,,,,,,,,,,,,,,,,
Sandslash,28,28,0,Tierra,,Field,Field,Ningún objeto,Ningún objeto,Garra Garfio,Velo Arena,Poder Arena,Ímpetu Arena,75,100,110,45,55,65,1,Agilidad,1,Ataque Arena,1,Picotazo Veneno,1,Rizo Defensa,1,Arañazo,7,Rodar,9,Terratemblor,11,Giro Rápido,13,Corte Furia,14,Magnitud,15,Meteoros,21,Golpes Furia,22,Garra Brutal,25,Cuchillada,25,Tajo Umbrío,29,Excavar,31,Bucle Arena,33,Giro Bola,37,Puya Nociva,41,Terremoto,45,Danza Espada,49,Tormenta Arena,53,Fisura,,,,,,,,,,,,,,,,,,,,,,,,,,,,,,,,,,,,,,,,,,,,,,,,,,,,,,,Puño Certero,Tóxico,Poder Oculto,Día Soleado,Hiperrayo,Protección,Velo Sagrado,Cola Férrea,Terremoto,Excavar,Demolición,Doble Equipo,Tormenta Arena,Tumba Rocas,Golpe Aéreo,Atracción,Ladrón,Onda Certera,Falso Tortazo,Lanzamiento,Garra Umbría,Gigaimpacto,Roca Afilada,Giro Bola,Danza Espada,Trampa Rocas,Avalancha,Tijera X,Vozarrón,Puya Nociva,Corte,Fuerza,Golpe Roca,Treparrocas,,,,,,,,,,,,,,,,,,,,,,,,,,,,,,,,,,,,,,,,,,,,,,,,,,,,,,,,,,,,,,,,,,,,,,,,,,,,,,,,,,,,,,,,,,,,,,,,,,,,,,,,,,,,,,,,,,,,,,,,,,Contraataque,Azote,Bofetón Lodo,Tajo Umbrío,Garra Metal,Afilagarras,Giro Rápido,Garra Brutal,Disparo Lodo,,,,,,,,,,,,,,,,,,,,,,,,,,,,,,,,,,,,,,,,,,,,,,,,,,,,,,,,,,,,,,,,,,,,,,,,,,,,,,,,,,,,,,,,,,,,Ronquido,Antojo,Terratemblor,Rodar,Bofetón Lodo,Púas,Corte Furia,Pataleta,Sísmico,Meteoros,Taladradora,Arenas Ardientes,Chupavidas,Desarme,Superdiente,Tierra Viva,,,,,,,,,,,,,,,,,,,,,,,,,,,,,,,,,,,,,,,,,,,,,,,,,,,,,,,,,,,,,,,,,,,,,,,,,,,,,,,,,,,,
Nidoran-F,29,29,0,Veneno,,Monster,Field,Ningún objeto,Ningún objeto,Ningún objeto,Punto Tóxico,Rivalidad,Entusiasmo,55,47,52,40,40,41,1,Picotazo Veneno,1,Gruñido,1,Arañazo,1,Látigo,6,Golpes Furia,9,Doble Patada,12,Colmillo Veneno,15,Mordisco,18,Refuerzo,21,Púas Tóxicas,24,Puya Nociva,27,Camelo,30,Triturar,33,Cola Veneno,39,Superdiente,40,Tóxico,55,Tierra Viva,,,,,,,,,,,,,,,,,,,,,,,,,,,,,,,,,,,,,,,,,,,,,,,,,,,,,,,,,,,,,,,,,,,Hidropulso,Tóxico,Día Soleado,Rayo Hielo,Ventisca,Protección,Danza Lluvia,Cola Férrea,Rayo,Trueno,Excavar,Doble Equipo,Onda Voltio,Bomba Lodo,Golpe Aéreo,Atracción,Ladrón,Garra Umbría,Puya Nociva,Corte,Fuerza,Golpe Roca,,,,,,,,,,,,,,,,,,,,,,,,,,,,,,,,,,,,,,,,,,,,,,,,,,,,,,,,,,,,,,,,,,,,,,,,,,,,,,,,,,,,,,,,,,,,,,,,,,,,,,,,,,,,,,,,,,,,,,,,,,,,,,,,,,,,,,Contraataque,Anulación,Cola Veneno,Cabezazo,Supersónico,Derribo,Colmillo Veneno,Foco Energía,Encanto,Paliza,Trampa Venenosa,,,,,,,,,,,,,,,,,,,,,,,,,,,,,,,,,,,,,,,,,,,,,,,,,,,,,,,,,,,,,,,,,,,,,,,,,,,,,,,,,,,,,,,,,,Ronquido,Refuerzo,Bofetón Lodo,Golpe Bajo,Superdiente,,,,,,,,,,,,,,,,,,,,,,,,,,,,,,,,,,,,,,,,,,,,,,,,,,,,,,,,,,,,,,,,,,,,,,,,,,,,,,,,,,,,,,,,,,,,,,,
Nidorina,30,30,0,Veneno,,Monster,Field,Ningún objeto,Ningún objeto,Ningún objeto,Punto Tóxico,Rivalidad,Entusiasmo,70,62,67,55,55,56,1,Látigo,1,Arañazo,1,Picotazo Veneno,1,Gruñido,6,Golpes Furia,9,Doble Patada,12,Colmillo Veneno,15,Mordisco,19,Refuerzo,23,Púas Tóxicas,27,Puya Nociva,31,Camelo,35,Triturar,39,Cola Veneno,47,Superdiente,50,Tóxico,71,Tierra Viva,,,,,,,,,,,,,,,,,,,,,,,,,,,,,,,,,,,,,,,,,,,,,,,,,,,,,,,,,,,,,,,,,,,Hidropulso,Tóxico,Día Soleado,Rayo Hielo,Ventisca,Protección,Danza Lluvia,Cola Férrea,Rayo,Trueno,Excavar,Doble Equipo,Onda Voltio,Bomba Lodo,Golpe Aéreo,Atracción,Ladrón,Garra Umbría,Puya Nociva,Corte,Fuerza,Golpe Roca,,,,,,,,,,,,,,,,,,,,,,,,,,,,,,,,,,,,,,,,,,,,,,,,,,,,,,,,,,,,,,,,,,,,,,,,,,,,,,,,,,,,,,,,,,,,,,,,,,,,,,,,,,,,,,,,,,,,,,,,,,,,,,,,,,,,,,Contraataque,Anulación,Cola Veneno,Cabezazo,Supersónico,Derribo,Colmillo Veneno,Foco Energía,Encanto,Paliza,Trampa Venenosa,,,,,,,,,,,,,,,,,,,,,,,,,,,,,,,,,,,,,,,,,,,,,,,,,,,,,,,,,,,,,,,,,,,,,,,,,,,,,,,,,,,,,,,,,,Ronquido,Refuerzo,Bofetón Lodo,Pataleta,Golpe Bajo,Superdiente,,,,,,,,,,,,,,,,,,,,,,,,,,,,,,,,,,,,,,,,,,,,,,,,,,,,,,,,,,,,,,,,,,,,,,,,,,,,,,,,,,,,,,,,,,,,,,
Nidoqueen,31,31,0,Veneno,Tierra,Monster,Field,Ningún objeto,Ningún objeto,Ningún objeto,Punto Tóxico,Rompemoldes,Potencia Bruta,90,92,87,75,85,81,0,Fuerza Bruta,1,Fuerza Bruta,1,Látigo,1,Arañazo,1,Picotazo Veneno,1,Gruñido,6,Golpes Furia,11,Doble Patada,16,Colmillo Veneno,21,Mordisco,26,Refuerzo,29,Púas,31,Púas Tóxicas,36,Puya Nociva,39,Golpe Cuerpo,41,Camelo,46,Triturar,51,Taladradora,56,Cola Veneno,59,Terremoto,61,Onda Tóxica,66,Superdiente,71,Tóxico,76,Tierra Viva,,,,,,,,,,,,,,,,,,,,,,,,,,,,,,,,,,,,,,,,,,,,,,,,,,,,,Puño Certero,Hidropulso,Rugido,Tóxico,Día Soleado,Mofa,Rayo Hielo,Ventisca,Hiperrayo,Protección,Danza Lluvia,Cola Férrea,Rayo,Trueno,Terremoto,Excavar,Bola Sombra,Demolición,Doble Equipo,Onda Voltio,Lanzallamas,Bomba Lodo,Tormenta Arena,Llamarada,Tumba Rocas,Golpe Aéreo,Tormento,Atracción,Ladrón,Onda Certera,Lanzamiento,Pulso Dragón,Garra Umbría,Gigaimpacto,Roca Afilada,Alud,Trampa Rocas,Avalancha,Vozarrón,Puya Nociva,Corte,Surf,Fuerza,Golpe Roca,Treparrocas,,,,,,,,,,,,,,,,,,,,,,,,,,,,,,,,,,,,,,,,,,,,,,,,,,,,,,,,,,,,,,,,,,,,,,,,,,,,,,,,,,,,,,,,,,,,,,,,,,,,,,,,,,,,,,,Contraataque,Anulación,Cola Veneno,Cabezazo,Supersónico,Derribo,Colmillo Veneno,Foco Energía,Encanto,Paliza,Trampa Venenosa,,,,,,,,,,,,,,,,,,,,,,,,,,,,,,,,,,,,,,,,,,,,,,,,,,,,,,,,,,,,,,,,,,,,,,,,,,,,,,,,,,,,,,,,,,Ronquido,Refuerzo,Terratemblor,Bofetón Lodo,Corte Furia,Alboroto,Pataleta,Puño Fuego,Puño Hielo,Puño Trueno,Sísmico,Taladradora,Arenas Ardientes,Acua Cola,Puño Incremento,Viento Hielo,Fuerza Bruta,Golpe Bajo,Superdiente,Enfado,Tierra Viva,,,,,,,,,,,,,,,,,,,,,,,,,,,,,,,,,,,,,,,,,,,,,,,,,,,,,,,,,,,,,,,,,,,,,,,,,,,,,,,
Nidoran-M,32,32,0,Veneno,,Monster,Field,Ningún objeto,Ningún objeto,Ningún objeto,Punto Tóxico,Rivalidad,Entusiasmo,46,57,40,40,40,50,1,Picotazo Veneno,1,Malicioso,1,Picotazo,1,Foco Energía,6,Ataque Furia,9,Doble Patada,12,Colmillo Veneno,15,Cornada,18,Refuerzo,21,Púas Tóxicas,24,Puya Nociva,27,Camelo,30,Golpe Bajo,33,Cola Veneno,39,Testarazo,40,Tóxico,55,Tierra Viva,,,,,,,,,,,,,,,,,,,,,,,,,,,,,,,,,,,,,,,,,,,,,,,,,,,,,,,,,,,,,,,,,,,Hidropulso,Tóxico,Día Soleado,Rayo Hielo,Ventisca,Protección,Danza Lluvia,Cola Férrea,Rayo,Trueno,Excavar,Doble Equipo,Onda Voltio,Bomba Lodo,Atracción,Ladrón,Garra Umbría,Puya Nociva,Corte,Fuerza,Golpe Roca,,,,,,,,,,,,,,,,,,,,,,,,,,,,,,,,,,,,,,,,,,,,,,,,,,,,,,,,,,,,,,,,,,,,,,,,,,,,,,,,,,,,,,,,,,,,,,,,,,,,,,,,,,,,,,,,,,,,,,,,,,,,,,,,,,,,,,,Confusión,Contraataque,Anulación,Testarazo,Cola Veneno,Golpe Bajo,Supersónico,Derribo,Perforador,Golpe,Amnesia,Paliza,Trampa Venenosa,,,,,,,,,,,,,,,,,,,,,,,,,,,,,,,,,,,,,,,,,,,,,,,,,,,,,,,,,,,,,,,,,,,,,,,,,,,,,,,,,,,,,,,,Ronquido,Refuerzo,Bofetón Lodo,Taladradora,Golpe Bajo,Superdiente,,,,,,,,,,,,,,,,,,,,,,,,,,,,,,,,,,,,,,,,,,,,,,,,,,,,,,,,,,,,,,,,,,,,,,,,,,,,,,,,,,,,,,,,,,,,,,
Nidorino,33,33,0,Veneno,,Monster,Field,Ningún objeto,Ningún objeto,Ningún objeto,Punto Tóxico,Rivalidad,Entusiasmo,61,72,57,55,55,65,1,Foco Energía,1,Picotazo,1,Picotazo Veneno,1,Malicioso,6,Ataque Furia,9,Doble Patada,12,Colmillo Veneno,15,Cornada,19,Refuerzo,23,Púas Tóxicas,27,Puya Nociva,31,Camelo,35,Golpe Bajo,39,Cola Veneno,47,Testarazo,50,Tóxico,71,Tierra Viva,,,,,,,,,,,,,,,,,,,,,,,,,,,,,,,,,,,,,,,,,,,,,,,,,,,,,,,,,,,,,,,,,,,Hidropulso,Tóxico,Día Soleado,Rayo Hielo,Ventisca,Protección,Danza Lluvia,Cola Férrea,Rayo,Trueno,Excavar,Doble Equipo,Onda Voltio,Bomba Lodo,Atracción,Ladrón,Garra Umbría,Puya Nociva,Corte,Fuerza,Golpe Roca,,,,,,,,,,,,,,,,,,,,,,,,,,,,,,,,,,,,,,,,,,,,,,,,,,,,,,,,,,,,,,,,,,,,,,,,,,,,,,,,,,,,,,,,,,,,,,,,,,,,,,,,,,,,,,,,,,,,,,,,,,,,,,,,,,,,,,,Confusión,Contraataque,Anulación,Testarazo,Cola Veneno,Golpe Bajo,Supersónico,Derribo,Perforador,Golpe,Amnesia,Paliza,Trampa Venenosa,,,,,,,,,,,,,,,,,,,,,,,,,,,,,,,,,,,,,,,,,,,,,,,,,,,,,,,,,,,,,,,,,,,,,,,,,,,,,,,,,,,,,,,,Ronquido,Refuerzo,Bofetón Lodo,Pataleta,Taladradora,Golpe Bajo,Superdiente,,,,,,,,,,,,,,,,,,,,,,,,,,,,,,,,,,,,,,,,,,,,,,,,,,,,,,,,,,,,,,,,,,,,,,,,,,,,,,,,,,,,,,,,,,,,,
Nidoking,34,34,0,Veneno,Tierra,Monster,Field,Ningún objeto,Ningún objeto,Ningún objeto,Punto Tóxico,Rompemoldes,Potencia Bruta,81,102,77,90,75,85,0,Megacuerno,1,Megacuerno,1,Foco Energía,1,Picotazo,1,Picotazo Veneno,1,Malicioso,6,Ataque Furia,11,Doble Patada,16,Colmillo Veneno,21,Cornada,26,Refuerzo,29,Golpe,31,Púas Tóxicas,36,Puya Nociva,41,Camelo,46,Golpe Bajo,51,Taladradora,56,Cola Veneno,59,Terremoto,61,Onda Tóxica,66,Testarazo,71,Tóxico,76,Tierra Viva,,,,,,,,,,,,,,,,,,,,,,,,,,,,,,,,,,,,,,,,,,,,,,,,,,,,,,,Puño Certero,Hidropulso,Rugido,Tóxico,Día Soleado,Mofa,Rayo Hielo,Ventisca,Hiperrayo,Protección,Danza Lluvia,Cola Férrea,Rayo,Trueno,Terremoto,Excavar,Bola Sombra,Demolición,Doble Equipo,Onda Voltio,Lanzallamas,Bomba Lodo,Tormenta Arena,Llamarada,Tumba Rocas,Tormento,Atracción,Ladrón,Onda Certera,Lanzamiento,Pulso Dragón,Garra Umbría,Gigaimpacto,Roca Afilada,Alud,Trampa Rocas,Avalancha,Vozarrón,Puya Nociva,Corte,Surf,Fuerza,Golpe Roca,Treparrocas,,,,,,,,,,,,,,,,,,,,,,,,,,,,,,,,,,,,,,,,,,,,,,,,,,,,,,,,,,,,,,,,,,,,,,,,,,,,,,,,,,,,,,,,,,,,,,,,,,,,,,,,,,,,,,,,Confusión,Contraataque,Anulación,Testarazo,Cola Veneno,Golpe Bajo,Supersónico,Derribo,Perforador,Golpe,Amnesia,Paliza,Trampa Venenosa,,,,,,,,,,,,,,,,,,,,,,,,,,,,,,,,,,,,,,,,,,,,,,,,,,,,,,,,,,,,,,,,,,,,,,,,,,,,,,,,,,,,,,,,Ronquido,Refuerzo,Terratemblor,Bofetón Lodo,Corte Furia,Alboroto,Pataleta,Puño Fuego,Puño Hielo,Puño Trueno,Sísmico,Taladradora,Arenas Ardientes,Acua Cola,Puño Incremento,Viento Hielo,Fuerza Bruta,Golpe Bajo,Superdiente,Enfado,Tierra Viva,,,,,,,,,,,,,,,,,,,,,,,,,,,,,,,,,,,,,,,,,,,,,,,,,,,,,,,,,,,,,,,,,,,,,,,,,,,,,,,
Clefairy,35,35,0,Hada,,Fairy,Fairy,Ningún objeto,Ningún objeto,Piedra Lunar,Gran Encanto,Muro Mágico,Compiescolta,70,45,48,60,65,35,1,Gruñido,1,Copión,1,Destructor,1,Salpicadura,1,Encanto,1,Beso Dulce,1,Teletransporte,4,Poder Reserva,4,Otra Vez,7,Canto,9,Voz Cautivadora,10,Doble Bofetón,11,Rizo Defensa,12,Cede Paso,13,Señuelo,15,Beso Drenaje,16,Gota Vital,19,Golpe Cuerpo,21,Reducción,23,Metrónomo,25,Masa Cósmica,29,Fuerza Lunar,31,Luz Lunar,33,Deseo,35,Puño Meteoro,37,Gravedad,39,Deseo Cura,,,,,,,,,,,,,,,,,,,,,,,,,,,,,,,,,,,,,,,,,,,,,,,Puño Certero,Hidropulso,Paz Mental,Tóxico,Poder Oculto,Día Soleado,Rayo Hielo,Ventisca,Pantalla de Luz,Protección,Danza Lluvia,Velo Sagrado,Comesueños,Rayo Solar,Cola Férrea,Rayo,Trueno,Excavar,Psíquico,Bola Sombra,Demolición,Doble Equipo,Reflejo,Onda Voltio,Lanzallamas,Llamarada,Descanso,Atracción,Lanzamiento,Voltio Cruel,Puño Drenaje,Reciclaje,Destello,Onda Trueno,Trampa Rocas,Autosugestión,Brillo Mágico,Hierba Lazo,Fuerza,Golpe Roca,,,,,,,,,,,,,,,,,,,,,,,,,,,,,,,,,,,,,,,,,,,,,,,,,,,,,,,,,,,,,,,,,,,,,,,,,,,,,,,,,,,,,,,,,,,,,,,,,,,,,,,,,,,,,,,,,,,,Presente,Deseo,Aromaterapia,Cosquillas,Pulso Cura,Metrónomo,Amnesia,Tambor,Salpicadura,Mimético,Llanto Falso,Antojo,Poder Reserva,Campo de Niebla,,,,,,,,,,,,,,,,,,,,,,,,,,,,,,,,,,,,,,,,,,,,,,,,,,,,,,,,,,,,,,,,,,,,,,,,,,,,,,,,,,,,,,,Ronquido,Refuerzo,Antojo,Cede Paso,Cambio de Banda,Rodar,Bofetón Lodo,Ala Bis,Cascabel Cura,Rayo Señal,Puño Fuego,Puño Hielo,Puño Trueno,Zona Extraña,Sísmico,Bote,Imitación,Cabezazo Zen,Capa Mágica,Truco,Gravedad,Puño Incremento,Viento Hielo,Desarme,Electrocañón,Última Baza,Esfuerzo,,,,,,,,,,,,,,,,,,,,,,,,,,,,,,,,,,,,,,,,,,,,,,,,,,,,,,,,,,,,,,,,,,,,,,,,,
Clefable,36,36,0,Hada,,Fairy,Fairy,Ningún objeto,Ningún objeto,Piedra Lunar,Gran Encanto,Muro Mágico,Ignorante,92,70,73,95,90,60,1,Gruñido,1,Copión,1,Destructor,1,Salpicadura,1,Encanto,1,Beso Dulce,1,Teletransporte,4,Poder Reserva,4,Otra Vez,9,Canto,14,Doble Bofetón,14,Rizo Defensa,19,Cede Paso,24,Señuelo,24,Beso Drenaje,29,Gota Vital,34,Golpe Cuerpo,34,Reducción,39,Metrónomo,44,Masa Cósmica,44,Fuerza Lunar,48,Luz Lunar,54,Deseo,59,Ovocuración,64,Puño Meteoro,59,Gravedad,74,Deseo Cura,,,,,,,,,,,,,,,,,,,,,,,,,,,,,,,,,,,,,,,,,,,,,,,Puño Certero,Hidropulso,Paz Mental,Tóxico,Poder Oculto,Día Soleado,Rayo Hielo,Ventisca,Hiperrayo,Pantalla de Luz,Protección,Danza Lluvia,Velo Sagrado,Comesueños,Rayo Solar,Cola Férrea,Rayo,Trueno,Excavar,Psíquico,Bola Sombra,Demolición,Doble Equipo,Reflejo,Onda Voltio,Lanzallamas,Llamarada,Descanso,Atracción,Onda Certera,Lanzamiento,Voltio Cruel,Puño Drenaje,Reciclaje,Gigaimpacto,Destello,Onda Trueno,Trampa Rocas,Autosugestión,Brillo Mágico,Hierba Lazo,Fuerza,Golpe Roca,,,,,,,,,,,,,,,,,,,,,,,,,,,,,,,,,,,,,,,,,,,,,,,,,,,,,,,,,,,,,,,,,,,,,,,,,,,,,,,,,,,,,,,,,,,,,,,,,,,,,,,,,,,,,,,,,Presente,Deseo,Aromaterapia,Cosquillas,Pulso Cura,Metrónomo,Amnesia,Tambor,Salpicadura,Mimético,Llanto Falso,Antojo,Poder Reserva,Campo de Niebla,,,,,,,,,,,,,,,,,,,,,,,,,,,,,,,,,,,,,,,,,,,,,,,,,,,,,,,,,,,,,,,,,,,,,,,,,,,,,,,,,,,,,,,Ronquido,Refuerzo,Antojo,Cede Paso,Cambio de Banda,Rodar,Bofetón Lodo,Ala Bis,Aguzar,Cascabel Cura,Rayo Señal,Puño Fuego,Puño Hielo,Puño Trueno,Zona Extraña,Sísmico,Bote,Imitación,Cabezazo Zen,Capa Mágica,Truco,Gravedad,Puño Incremento,Viento Hielo,Desarme,Electrocañón,Última Baza,Esfuerzo,,,,,,,,,,,,,,,,,,,,,,,,,,,,,,,,,,,,,,,,,,,,,,,,,,,,,,,,,,,,,,,,,,,,,,,,
Vulpix,37,37,0,Fuego,,Field,Field,Ningún objeto,Ningún objeto,Carbón,Sequía,Absorbe Fuego,Cuerpo Maldito,38,41,40,50,65,65,1,Látigo,1,Ascuas,4,Anulación,4,Rugido,7,Ataque Rápido,11,Rayo Confuso,12,Rencor,13,Giro Fuego,15,Vendetta,16,Calcinación,17,Fuego Fatuo,23,Paranormal,23,Finta,25,Lanzallamas,27,Velo Sagrado,31,Pulso Umbrío,33,Hipnosis,35,Onda Ígnea,37,Sellar,43,Rabia,45,Llamarada,48,Infierno,,,,,,,,,,,,,,,,,,,,,,,,,,,,,,,,,,,,,,,,,,,,,,,,,,,,,,,,,Rugido,Tóxico,Día Soleado,Protección,Velo Sagrado,Cola Férrea,Excavar,Doble Equipo,Lanzallamas,Llamarada,Atracción,Sofoco,Energibola,Fuego Fatuo,Vendetta,Autosugestión,Pulso Umbrío,,,,,,,,,,,,,,,,,,,,,,,,,,,,,,,,,,,,,,,,,,,,,,,,,,,,,,,,,,,,,,,,,,,,,,,,,,,,,,,,,,,,,,,,,,,,,,,,,,,,,,,,,,,,,,,,,,,,,,,,,,,,,,,,,,,,,,,,,,,Hipnosis,Azote,Aullido,Legado,Ojitos Tiernos,Nitrocarga,Rencor,Anulación,Onda Ígnea,Envite Ígneo,Paranormal,Cambiafuerza,Infortunio,Finta,,,,,,,,,,,,,,,,,,,,,,,,,,,,,,,,,,,,,,,,,,,,,,,,,,,,,,,,,,,,,,,,,,,,,,,,,,,,,,,,,,,,,,,Ronquido,Antojo,Cascabel Cura,Rencor,Viento Aciago,Imitación,Cabezazo Zen,Divide Dolor,Meteoros,Onda Ígnea,Juego Sucio,,,,,,,,,,,,,,,,,,,,,,,,,,,,,,,,,,,,,,,,,,,,,,,,,,,,,,,,,,,,,,,,,,,,,,,,,,,,,,,,,,,,,,,,,
Ninetales,38,38,0,Fuego,Hada,Field,Field,Ningún objeto,Ningún objeto,Carbón,Sequía,Absorbe Fuego,Cuerpo Maldito,73,67,75,81,100,109,0,Maquinación,1,Maquinación,1,Látigo,1,Ascuas,3,Anulación,3,Rugido,8,Ataque Rápido,13,Rencor,18,Infortunio,23,Calcinación,28,Rayo Confuso,28,Finta,33,Fuego Fatuo,38,Paranormal,43,Lanzallamas,48,Pulso Umbrío,48,Sellar,53,Giro Fuego,58,Velo Sagrado,63,Infierno,68,Rabia,73,Llamarada,,,,,,,,,,,,,,,,,,,,,,,,,,,,,,,,,,,,,,,,,,,,,,,,,,,,,,,,,Paz Mental,Rugido,Tóxico,Día Soleado,Hiperrayo,Protección,Velo Sagrado,Comesueños,Rayo Solar,Cola Férrea,Excavar,Psíquico,Bola Sombra,Doble Equipo,Lanzallamas,Llamarada,Atracción,Sofoco,Energibola,Fuego Fatuo,Maquinación,Vendetta,Gigaimpacto,Autosugestión,Pulso Umbrío,Brillo Mágico,,,,,,,,,,,,,,,,,,,,,,,,,,,,,,,,,,,,,,,,,,,,,,,,,,,,,,,,,,,,,,,,,,,,,,,,,,,,,,,,,,,,,,,,,,,,,,,,,,,,,,,,,,,,,,,,,,,,,,,,,,,,,,,,,,Hipnosis,Azote,Aullido,Legado,Ojitos Tiernos,Nitrocarga,Rencor,Anulación,Onda Ígnea,Envite Ígneo,Paranormal,Cambiafuerza,Infortunio,Finta,,,,,,,,,,,,,,,,,,,,,,,,,,,,,,,,,,,,,,,,,,,,,,,,,,,,,,,,,,,,,,,,,,,,,,,,,,,,,,,,,,,,,,,Ronquido,Antojo,Aguzar,Cascabel Cura,Rencor,Viento Aciago,Zona Extraña,Imitación,Cabezazo Zen,Divide Dolor,Meteoros,Arenas Ardientes,Onda Ígnea,Juego Sucio,,,,,,,,,,,,,,,,,,,,,,,,,,,,,,,,,,,,,,,,,,,,,,,,,,,,,,,,,,,,,,,,,,,,,,,,,,,,,,,,,,,,,,
Jigglypuff,39,39,0,Normal,Hada,Fairy,Fairy,Ningún objeto,Ningún objeto,Piedra Lunar,Muro Mágico,Tenacidad,Nebulogénesis,115,55,30,55,35,30,1,Rizo Defensa,1,Copión,1,Canto,1,Encanto,1,Anulación,1,Beso Dulce,4,Eco Voz,4,Destructor,7,Llanto Falso,8,Antojo,9,Voz Cautivadora,13,Anulación,15,Beso Drenaje,16,Canon,17,Rodar,17,Doble Bofetón,19,Golpe Cuerpo,21,Reserva,21,Tragar,21,Escupir,25,Vozarrón,27,Descanso,29,Fuerza Lunar,31,Giro Bola,33,Mimético,35,Doble Filo,37,Última Baza,40,Carantoña,,,,,,,,,,,,,,,,,,,,,,,,,,,,,,,,,,,,,,,,,,,,,Puño Certero,Hidropulso,Tóxico,Poder Oculto,Día Soleado,Rayo Hielo,Ventisca,Pantalla de Luz,Protección,Danza Lluvia,Velo Sagrado,Comesueños,Rayo Solar,Rayo,Trueno,Excavar,Psíquico,Bola Sombra,Demolición,Doble Equipo,Reflejo,Onda Voltio,Lanzallamas,Llamarada,Imagen,Descanso,Atracción,Lanzamiento,Voltio Cruel,Puño Drenaje,Reciclaje,Destello,Onda Trueno,Giro Bola,Trampa Rocas,Autosugestión,Brillo Mágico,Hierba Lazo,Fuerza,,,,,,,,,,,,,,,,,,,,,,,,,,,,,,,,,,,,,,,,,,,,,,,,,,,,,,,,,,,,,,,,,,,,,,,,,,,,,,,,,,,,,,,,,,,,,,,,,,,,,,,,,,,,,,,,,,,,,Antojo,Gravedad,Pulso Cura,Última Baza,Canto Mortal,Presente,Deseo,Rodar,Llanto Falso,Campo de Niebla,Finta,,,,,,,,,,,,,,,,,,,,,,,,,,,,,,,,,,,,,,,,,,,,,,,,,,,,,,,,,,,,,,,,,,,,,,,,,,,,,,,,,,,,,,,,,,Ronquido,Refuerzo,Antojo,Cambio de Banda,Rodar,Bofetón Lodo,Cascabel Cura,Puño Fuego,Puño Hielo,Puño Trueno,Sísmico,Bote,Imitación,Capa Mágica,Divide Dolor,Gravedad,Puño Incremento,Viento Hielo,Desarme,Electrocañón,Última Baza,Esfuerzo,,,,,,,,,,,,,,,,,,,,,,,,,,,,,,,,,,,,,,,,,,,,,,,,,,,,,,,,,,,,,,,,,,,,,,,,,,,,,,
Wigglytuff,40,40,0,Normal,Hada,Fairy,Fairy,Ningún objeto,Ningún objeto,Piedra Lunar,Muro Mágico,Tenacidad,Nebulogénesis,140,80,55,95,60,55,1,Rizo Defensa,1,Copión,1,Canto,1,Encanto,1,Beso Dulce,4,Eco Voz,9,Llanto Falso,14,Voz Cautivadora,19,Anulación,24,Beso Drenaje,29,Canon,34,Rodar,39,Doble Bofetón,44,Golpe Cuerpo,49,Reserva,49,Tragar,49,Escupir,54,Vozarrón,59,Carantoña,59,Descanso,64,Fuerza Lunar,69,Giro Bola,69,Mimético,69,Doble Filo,74,Última Baza,74,Estruendo,,,,,,,,,,,,,,,,,,,,,,,,,,,,,,,,,,,,,,,,,,,,,,,,,Puño Certero,Hidropulso,Tóxico,Poder Oculto,Día Soleado,Rayo Hielo,Ventisca,Hiperrayo,Pantalla de Luz,Protección,Danza Lluvia,Velo Sagrado,Comesueños,Rayo Solar,Rayo,Trueno,Excavar,Psíquico,Bola Sombra,Demolición,Doble Equipo,Reflejo,Onda Voltio,Lanzallamas,Llamarada,Imagen,Descanso,Atracción,Onda Certera,Lanzamiento,Voltio Cruel,Puño Drenaje,Reciclaje,Gigaimpacto,Destello,Onda Trueno,Giro Bola,Trampa Rocas,Autosugestión,Brillo Mágico,Hierba Lazo,Fuerza,,,,,,,,,,,,,,,,,,,,,,,,,,,,,,,,,,,,,,,,,,,,,,,,,,,,,,,,,,,,,,,,,,,,,,,,,,,,,,,,,,,,,,,,,,,,,,,,,,,,,,,,,,,,,,,,,,Antojo,Gravedad,Pulso Cura,Última Baza,Canto Mortal,Presente,Deseo,Rodar,Llanto Falso,Campo de Niebla,Finta,,,,,,,,,,,,,,,,,,,,,,,,,,,,,,,,,,,,,,,,,,,,,,,,,,,,,,,,,,,,,,,,,,,,,,,,,,,,,,,,,,,,,,,,,,Ronquido,Refuerzo,Antojo,Cambio de Banda,Rodar,Bofetón Lodo,Aguzar,Cascabel Cura,Puño Fuego,Puño Hielo,Puño Trueno,Zona Mágica,Sísmico,Bote,Imitación,Capa Mágica,Divide Dolor,Gravedad,Puño Incremento,Viento Hielo,Desarme,Electrocañón,Última Baza,Esfuerzo,,,,,,,,,,,,,,,,,,,,,,,,,,,,,,,,,,,,,,,,,,,,,,,,,,,,,,,,,,,,,,,,,,,,,,,,,,,,
Zubat,41,41,0,Veneno,Volador,Flying,Flying,Ningún objeto,Ningún objeto,Ningún objeto,Foco Interno,Cacheo,Allanamiento,40,45,35,30,40,55,1,Supersónico,1,Absorber,1,Impresionar,7,Mordisco,10,Ataque Ala,13,Colmillo Veneno,15,Rayo Confuso,17,Aire Afilado,19,Mal de Ojo,20,Anticipo,22,Chupavidas,25,Meteoros,28,Hipnosis,31,Tajo Aéreo,34,Niebla,37,Cabezazo Zen,40,Carga Tóxica,40,Maquinación,43,Pájaro Osado,,,,,,,,,,,,,,,,,,,,,,,,,,,,,,,,,,,,,,,,,,,,,,,,,,,,,,,,,,,,,,,Tóxico,Día Soleado,Mofa,Protección,Danza Lluvia,Gigadrenado,Bola Sombra,Doble Equipo,Bomba Lodo,Golpe Aéreo,Tormento,Atracción,Ladrón,Ala de Acero,Respiro,Aguante,Maquinación,Vendetta,Vendaval,Ida y Vuelta,Vuelo,Despejar,,,,,,,,,,,,,,,,,,,,,,,,,,,,,,,,,,,,,,,,,,,,,,,,,,,,,,,,,,,,,,,,,,,,,,,,,,,,,,,,,,,,,,,,,,,,,,,,,,,,,,,,,,,,,,,,,,,,,,,,,,,,,,,,,,,,,,Maldición,Tornado,Hipnosis,Ataque Rápido,Remolino,Ataque Ala,Cabezazo Zen,Pájaro Osado,Trampa Venenosa,Finta,,,,,,,,,,,,,,,,,,,,,,,,,,,,,,,,,,,,,,,,,,,,,,,,,,,,,,,,,,,,,,,,,,,,,,,,,,,,,,,,,,,,,,,,,,,Ronquido,Aire Afilado,Alboroto,Viento Aciago,Viento Afín,Cabezazo Zen,Meteoros,Chupavidas,Onda Ígnea,Superdiente,Ciclón,,,,,,,,,,,,,,,,,,,,,,,,,,,,,,,,,,,,,,,,,,,,,,,,,,,,,,,,,,,,,,,,,,,,,,,,,,,,,,,,,,,,,,,,,
Golbat,42,42,0,Veneno,Volador,Flying,Flying,Ningún objeto,Ningún objeto,Ningún objeto,Foco Interno,Cacheo,Allanamiento,75,80,70,65,75,90,1,Impresionar,1,Supersónico,1,Absorber,1,Chirrido,7,Mordisco,10,Ataque Ala,13,Colmillo Veneno,15,Rayo Confuso,17,Aire Afilado,19,Mal de Ojo,20,Anticipo,22,Triturar,23,Chupavidas,27,Meteoros,31,Hipnosis,35,Tajo Aéreo,39,Niebla,43,Cabezazo Zen,47,Maquinación,48,Carga Tóxica,51,Pájaro Osado,,,,,,,,,,,,,,,,,,,,,,,,,,,,,,,,,,,,,,,,,,,,,,,,,,,,,,,,,,,Tóxico,Día Soleado,Mofa,Hiperrayo,Protección,Danza Lluvia,Gigadrenado,Bola Sombra,Doble Equipo,Bomba Lodo,Golpe Aéreo,Tormento,Atracción,Ladrón,Ala de Acero,Respiro,Aguante,Maquinación,Vendetta,Gigaimpacto,Vendaval,Ida y Vuelta,Vuelo,Despejar,,,,,,,,,,,,,,,,,,,,,,,,,,,,,,,,,,,,,,,,,,,,,,,,,,,,,,,,,,,,,,,,,,,,,,,,,,,,,,,,,,,,,,,,,,,,,,,,,,,,,,,,,,,,,,,,,,,,,,,,,,,,,,,,,,,,Maldición,Tornado,Hipnosis,Ataque Rápido,Remolino,Ataque Ala,Cabezazo Zen,Pájaro Osado,Trampa Venenosa,Finta,,,,,,,,,,,,,,,,,,,,,,,,,,,,,,,,,,,,,,,,,,,,,,,,,,,,,,,,,,,,,,,,,,,,,,,,,,,,,,,,,,,,,,,,,,,Ronquido,Aire Afilado,Alboroto,Viento Aciago,Viento Afín,Cabezazo Zen,Meteoros,Chupavidas,Onda Ígnea,Superdiente,Ciclón,,,,,,,,,,,,,,,,,,,,,,,,,,,,,,,,,,,,,,,,,,,,,,,,,,,,,,,,,,,,,,,,,,,,,,,,,,,,,,,,,,,,,,,,,
Oddish,43,43,0,Planta,Veneno,Grass,Grass,Ningún objeto,Ningún objeto,Ningún objeto,Clorofila,Fuga,Velo Aroma,45,50,55,75,65,30,1,Desarrollo,1,Absorber,4,Ácido,7,Dulce Aroma,10,Somnífero,10,Polvo Veneno,10,Paralizador,13,Megaagotar,19,Residuos,22,Luz Lunar,25,Gigadrenado,28,Tóxico,31,Fuerza Lunar,32,Campo de Hierba,34,Bomba Lodo,40,Danza Pétalo,,,,,,,,,,,,,,,,,,,,,,,,,,,,,,,,,,,,,,,,,,,,,,,,,,,,,,,,,,,,,,,,,,,,,Tóxico,Semilladora,Día Soleado,Protección,Gigadrenado,Comesueños,Rayo Solar,Doble Equipo,Bomba Lodo,Atracción,Energibola,Destello,Danza Espada,Hierba Lazo,Corte,,,,,,,,,,,,,,,,,,,,,,,,,,,,,,,,,,,,,,,,,,,,,,,,,,,,,,,,,,,,,,,,,,,,,,,,,,,,,,,,,,,,,,,,,,,,,,,,,,,,,,,,,,,,,,,,,,,,,,,,,,,,,,,,,,,,,,,,,,,,,Hoja Afilada,Azote,Síntesis,Arraigo,Cosquillas,Danza Caos,Adaptación,Cede Paso,Absorbefuerza,Drenadoras,Encanto,,,,,,,,,,,,,,,,,,,,,,,,,,,,,,,,,,,,,,,,,,,,,,,,,,,,,,,,,,,,,,,,,,,,,,,,,,,,,,,,,,,,,,,,,,Ronquido,Cede Paso,Abatidoras,Bilis,Síntesis,Bomba Germen,,,,,,,,,,,,,,,,,,,,,,,,,,,,,,,,,,,,,,,,,,,,,,,,,,,,,,,,,,,,,,,,,,,,,,,,,,,,,,,,,,,,,,,,,,,,,,
Gloom,44,44,0,Planta,Veneno,Grass,Grass,Ningún objeto,Ningún objeto,Ningún objeto,Clorofila,Hedor,Velo Aroma,60,65,70,85,75,40,1,Desarrollo,1,Absorber,4,Ácido,7,Dulce Aroma,10,Somnífero,10,Polvo Veneno,10,Paralizador,13,Megaagotar,19,Residuos,23,Luz Lunar,27,Gigadrenado,31,Tóxico,35,Fuerza Lunar,38,Campo de Hierba,39,Bomba Lodo,47,Danza Pétalo,,,,,,,,,,,,,,,,,,,,,,,,,,,,,,,,,,,,,,,,,,,,,,,,,,,,,,,,,,,,,,,,,,,,,Tóxico,Semilladora,Día Soleado,Protección,Gigadrenado,Comesueños,Rayo Solar,Doble Equipo,Bomba Lodo,Atracción,Energibola,Lanzamiento,Puño Drenaje,Destello,Danza Espada,Hierba Lazo,Corte,,,,,,,,,,,,,,,,,,,,,,,,,,,,,,,,,,,,,,,,,,,,,,,,,,,,,,,,,,,,,,,,,,,,,,,,,,,,,,,,,,,,,,,,,,,,,,,,,,,,,,,,,,,,,,,,,,,,,,,,,,,,,,,,,,,,,,,,,,,Hoja Afilada,Azote,Síntesis,Arraigo,Cosquillas,Danza Caos,Adaptación,Cede Paso,Absorbefuerza,Drenadoras,Encanto,,,,,,,,,,,,,,,,,,,,,,,,,,,,,,,,,,,,,,,,,,,,,,,,,,,,,,,,,,,,,,,,,,,,,,,,,,,,,,,,,,,,,,,,,,Ronquido,Cede Paso,Abatidoras,Bilis,Síntesis,Bomba Germen,,,,,,,,,,,,,,,,,,,,,,,,,,,,,,,,,,,,,,,,,,,,,,,,,,,,,,,,,,,,,,,,,,,,,,,,,,,,,,,,,,,,,,,,,,,,,,
Vileplume,45,45,0,Planta,Veneno,Grass,Grass,Ningún objeto,Ningún objeto,Ningún objeto,Clorofila,Efecto Espora,Velo Aroma,75,80,85,110,90,50,0,Tormenta Floral,1,Tormenta Floral,1,Desarrollo,1,Absorber,1,Meteorobola,1,Aromaterapia,7,Ácido,12,Dulce Aroma,17,Hoja Mágica,22,Somnífero,22,Polvo Veneno,22,Paralizador,27,Megaagotar,32,Hoja Aguda,37,Gigadrenado,42,Luz Lunar,47,Tierra Viva,52,Campo de Hierba,57,Danza Aleteo,57,Danza Caos,62,Fuerza Lunar,67,Danza Pétalo,67,Rayo Solar,72,Lluevehojas,72,Absorbefuerza,,,,,,,,,,,,,,,,,,,,,,,,,,,,,,,,,,,,,,,,,,,,,,,,,,,Tóxico,Semilladora,Día Soleado,Hiperrayo,Protección,Gigadrenado,Velo Sagrado,Comesueños,Rayo Solar,Doble Equipo,Bomba Lodo,Atracción,Energibola,Lanzamiento,Puño Drenaje,Gigaimpacto,Destello,Danza Espada,Hierba Lazo,Corte,,,,,,,,,,,,,,,,,,,,,,,,,,,,,,,,,,,,,,,,,,,,,,,,,,,,,,,,,,,,,,,,,,,,,,,,,,,,,,,,,,,,,,,,,,,,,,,,,,,,,,,,,,,,,,,,,,,,,,,,,,,,,,,,,,,,,,,,Hoja Afilada,Azote,Síntesis,Arraigo,Cosquillas,Danza Caos,Adaptación,Cede Paso,Absorbefuerza,Drenadoras,Encanto,,,,,,,,,,,,,,,,,,,,,,,,,,,,,,,,,,,,,,,,,,,,,,,,,,,,,,,,,,,,,,,,,,,,,,,,,,,,,,,,,,,,,,,,,,Ronquido,Cede Paso,Abatidoras,Bilis,Síntesis,Bomba Germen,,,,,,,,,,,,,,,,,,,,,,,,,,,,,,,,,,,,,,,,,,,,,,,,,,,,,,,,,,,,,,,,,,,,,,,,,,,,,,,,,,,,,,,,,,,,,,
Paras,46,46,0,Bicho,Planta,Bug,Grass,Miniseta,Ningún objeto,Seta Grande,Efecto Espora,Humedad,Despiste,35,70,55,45,55,25,1,Arañazo,1,Corte Furia,7,Absorber,10,Paralizador,10,Polvo Veneno,13,Picadura,16,Semilladora,19,Espora,22,Cuchillada,25,Chupavidas,28,Desarrollo,31,Bomba Germen,34,Veneno X,37,Desarme,40,Gigadrenado,43,Aromaterapia,46,Tijera X,49,Polvo Ira,,,,,,,,,,,,,,,,,,,,,,,,,,,,,,,,,,,,,,,,,,,,,,,,,,,,,,,,,,,,,,,,,Tóxico,Semilladora,Día Soleado,Pantalla de Luz,Protección,Gigadrenado,Rayo Solar,Excavar,Demolición,Doble Equipo,Bomba Lodo,Golpe Aéreo,Atracción,Ladrón,Falso Tortazo,Zumbido,Destello,Danza Espada,Tijera X,Hierba Lazo,Ida y Vuelta,Corte,Golpe Roca,,,,,,,,,,,,,,,,,,,,,,,,,,,,,,,,,,,,,,,,,,,,,,,,,,,,,,,,,,,,,,,,,,,,,,,,,,,,,,,,,,,,,,,,,,,,,,,,,,,,,,,,,,,,,,,,,,,,,,,,,,,,,,,,,,,,,Chirrido,Contraataque,Psicorrayo,Azote,Dulce Aroma,Garra Metal,Picadura,Veneno X,Agilidad,Drenadoras,Vasta Guardia,Aguijón Letal,Campo de Hierba,,,,,,,,,,,,,,,,,,,,,,,,,,,,,,,,,,,,,,,,,,,,,,,,,,,,,,,,,,,,,,,,,,,,,,,,,,,,,,,,,,,,,,,,Ronquido,Cede Paso,Abatidoras,Corte Furia,Síntesis,Bomba Germen,Chupavidas,Desarme,,,,,,,,,,,,,,,,,,,,,,,,,,,,,,,,,,,,,,,,,,,,,,,,,,,,,,,,,,,,,,,,,,,,,,,,,,,,,,,,,,,,,,,,,,,,
Parasect,47,47,0,Bicho,Planta,Bug,Grass,Miniseta,Ningún objeto,Seta Grande,Efecto Espora,Humedad,Garra Dura,60,115,100,55,90,30,1,Arañazo,1,Veneno X,1,Drenadoras,1,Corte Furia,7,Absorber,10,Paralizador,10,Polvo Veneno,13,Picadura,16,Semilladora,19,Espora,22,Cuchillada,26,Chupavidas,30,Desarrollo,34,Bomba Germen,38,Veneno X,42,Desarme,46,Gigadrenado,50,Aromaterapia,54,Tijera X,59,Polvo Ira,,,,,,,,,,,,,,,,,,,,,,,,,,,,,,,,,,,,,,,,,,,,,,,,,,,,,,,,,,,,,Tóxico,Semilladora,Día Soleado,Hiperrayo,Pantalla de Luz,Protección,Gigadrenado,Rayo Solar,Excavar,Demolición,Doble Equipo,Bomba Lodo,Golpe Aéreo,Atracción,Ladrón,Energibola,Falso Tortazo,Zumbido,Gigaimpacto,Destello,Danza Espada,Tijera X,Hierba Lazo,Ida y Vuelta,Corte,Golpe Roca,,,,,,,,,,,,,,,,,,,,,,,,,,,,,,,,,,,,,,,,,,,,,,,,,,,,,,,,,,,,,,,,,,,,,,,,,,,,,,,,,,,,,,,,,,,,,,,,,,,,,,,,,,,,,,,,,,,,,,,,,,,,,,,,,,Chirrido,Contraataque,Psicorrayo,Azote,Dulce Aroma,Garra Metal,Picadura,Veneno X,Agilidad,Drenadoras,Vasta Guardia,Aguijón Letal,Campo de Hierba,,,,,,,,,,,,,,,,,,,,,,,,,,,,,,,,,,,,,,,,,,,,,,,,,,,,,,,,,,,,,,,,,,,,,,,,,,,,,,,,,,,,,,,,Ronquido,Cede Paso,Abatidoras,Corte Furia,Síntesis,Bomba Germen,Chupavidas,Desarme,,,,,,,,,,,,,,,,,,,,,,,,,,,,,,,,,,,,,,,,,,,,,,,,,,,,,,,,,,,,,,,,,,,,,,,,,,,,,,,,,,,,,,,,,,,,
Venonat,48,48,0,Bicho,Veneno,Bug,Bug,Ningún objeto,Ningún objeto,Ningún objeto,Cromolente,Ojo Compuesto,Fuga,60,55,50,40,55,45,1,Estoicismo,1,Anulación,1,Placaje,7,Supersónico,10,Picadura,13,Confusión,15,Somnífero,15,Paralizador,15,Polvo Veneno,17,Psicorrayo,21,Colmillo Veneno,24,Chupavidas,25,Megaagotar,25,Rayo Señal,27,Cabezazo Zen,33,Relevo,36,Psíquico,39,Sol Matinal,,,,,,,,,,,,,,,,,,,,,,,,,,,,,,,,,,,,,,,,,,,,,,,,,,,,,,,,,,,,,,,,,Tóxico,Día Soleado,Protección,Gigadrenado,Rayo Solar,Psíquico,Doble Equipo,Bomba Lodo,Atracción,Ladrón,Intercambio,Zumbido,Destello,,,,,,,,,,,,,,,,,,,,,,,,,,,,,,,,,,,,,,,,,,,,,,,,,,,,,,,,,,,,,,,,,,,,,,,,,,,,,,,,,,,,,,,,,,,,,,,,,,,,,,,,,,,,,,,,,,,,,,,,,,,,,,,,,,,,,,,,,,,,,,,Relevo,Chirrido,Agilidad,Sol Matinal,Púas Tóxicas,Picadura,Polvo Ira,Rayo Señal,,,,,,,,,,,,,,,,,,,,,,,,,,,,,,,,,,,,,,,,,,,,,,,,,,,,,,,,,,,,,,,,,,,,,,,,,,,,,,,,,,,,,,,,,,,,,Ronquido,Rayo Señal,Cabezazo Zen,Meteoros,Chupavidas,,,,,,,,,,,,,,,,,,,,,,,,,,,,,,,,,,,,,,,,,,,,,,,,,,,,,,,,,,,,,,,,,,,,,,,,,,,,,,,,,,,,,,,,,,,,,,,
Venomoth,49,49,0,Bicho,Veneno,Bug,Bug,Ningún objeto,Ningún objeto,Muda Concha,Cromolente,Ojo Compuesto,Piel Milagro,70,55,60,100,75,90,0,Tornado,1,Estoicismo,1,Anulación,1,Placaje,1,Remolino,1,Viento Plata,1,Tornado,7,Supersónico,10,Picadura,13,Confusión,15,Somnífero,15,Paralizador,15,Polvo Veneno,17,Psicorrayo,21,Colmillo Veneno,24,Chupavidas,25,Megaagotar,25,Rayo Señal,27,Cabezazo Zen,31,Tornado,34,Relevo,38,Psíquico,42,Sol Matinal,46,Zumbido,62,Danza Aleteo,,,,,,,,,,,,,,,,,,,,,,,,,,,,,,,,,,,,,,,,,,,,,,,,,,,Tóxico,Día Soleado,Hiperrayo,Protección,Gigadrenado,Rayo Solar,Psíquico,Doble Equipo,Bomba Lodo,Golpe Aéreo,Atracción,Ladrón,Intercambio,Respiro,Energibola,Aguante,Zumbido,Gigaimpacto,Destello,Vendaval,Ida y Vuelta,Vuelo,Despejar,,,,,,,,,,,,,,,,,,,,,,,,,,,,,,,,,,,,,,,,,,,,,,,,,,,,,,,,,,,,,,,,,,,,,,,,,,,,,,,,,,,,,,,,,,,,,,,,,,,,,,,,,,,,,,,,,,,,,,,,,,,,,,,,,,,,,Relevo,Chirrido,Agilidad,Sol Matinal,Púas Tóxicas,Picadura,Polvo Ira,Rayo Señal,,,,,,,,,,,,,,,,,,,,,,,,,,,,,,,,,,,,,,,,,,,,,,,,,,,,,,,,,,,,,,,,,,,,,,,,,,,,,,,,,,,,,,,,,,,,,Ronquido,Aire Afilado,Rayo Señal,Viento Aciago,Viento Afín,Cabezazo Zen,Meteoros,Chupavidas,Ciclón,,,,,,,,,,,,,,,,,,,,,,,,,,,,,,,,,,,,,,,,,,,,,,,,,,,,,,,,,,,,,,,,,,,,,,,,,,,,,,,,,,,,,,,,,,,
Diglett,50,50,0,Tierra,,Field,Field,Ningún objeto,Ningún objeto,Arena Fina,Velo Arena,Trampa Arena,Poder Arena,10,55,25,35,45,95,1,Arañazo,1,Ataque Arena,1,Bofetón Lodo,4,Gruñido,7,Impresionar,10,Terratemblor,13,Magnitud,19,Excavar,22,Golpe Bajo,25,Bomba Fango,28,Tormenta Arena,28,Avalancha,31,Tierra Viva,34,Cuchillada,37,Terremoto,40,Legado,43,Fisura,,,,,,,,,,,,,,,,,,,,,,,,,,,,,,,,,,,,,,,,,,,,,,,,,,,,,,,,,,,,,,,,,,,Tóxico,Poder Oculto,Día Soleado,Protección,Terremoto,Excavar,Doble Equipo,Bomba Lodo,Tormenta Arena,Tumba Rocas,Golpe Aéreo,Atracción,Ladrón,Falso Tortazo,Garra Umbría,Trampa Rocas,Avalancha,Vozarrón,Corte,Golpe Roca,,,,,,,,,,,,,,,,,,,,,,,,,,,,,,,,,,,,,,,,,,,,,,,,,,,,,,,,,,,,,,,,,,,,,,,,,,,,,,,,,,,,,,,,,,,,,,,,,,,,,,,,,,,,,,,,,,,,,,,,,,,,,,,,,,,,,,,,Poder Pasado,Golpe Cabeza,Sacrificio,Legado,Afilagarras,Chirrido,Paliza,Alboroto,Impresionar,Inversión,Bomba Fango,Finta,,,,,,,,,,,,,,,,,,,,,,,,,,,,,,,,,,,,,,,,,,,,,,,,,,,,,,,,,,,,,,,,,,,,,,,,,,,,,,,,,,,,,,,,,Ronquido,Terratemblor,Cambio de Banda,Bofetón Lodo,Alboroto,Pataleta,Arenas Ardientes,Golpe Bajo,Tierra Viva,,,,,,,,,,,,,,,,,,,,,,,,,,,,,,,,,,,,,,,,,,,,,,,,,,,,,,,,,,,,,,,,,,,,,,,,,,,,,,,,,,,,,,,,,,,
Dugtrio,51,51,0,Tierra,,Field,Field,Ningún objeto,Ningún objeto,Arena Fina,Velo Arena,Trampa Arena,Poder Arena,35,100,50,50,70,120,0,Bucle Arena,1,Arañazo,1,Ataque Arena,1,Triataque,1,Bofetón Lodo,1,Bucle Arena,4,Gruñido,7,Impresionar,10,Terratemblor,13,Magnitud,19,Excavar,22,Golpe Bajo,25,Bomba Fango,26,Triataque,29,Avalancha,30,Tormenta Arena,33,Tierra Viva,37,Cuchillada,37,Tajo Umbrío,41,Terremoto,45,Legado,49,Fisura,,,,,,,,,,,,,,,,,,,,,,,,,,,,,,,,,,,,,,,,,,,,,,,,,,,,,,,,,Tóxico,Poder Oculto,Día Soleado,Hiperrayo,Protección,Terremoto,Excavar,Doble Equipo,Bomba Lodo,Tormenta Arena,Tumba Rocas,Golpe Aéreo,Atracción,Ladrón,Falso Tortazo,Garra Umbría,Gigaimpacto,Roca Afilada,Trampa Rocas,Avalancha,Vozarrón,Corte,Golpe Roca,,,,,,,,,,,,,,,,,,,,,,,,,,,,,,,,,,,,,,,,,,,,,,,,,,,,,,,,,,,,,,,,,,,,,,,,,,,,,,,,,,,,,,,,,,,,,,,,,,,,,,,,,,,,,,,,,,,,,,,,,,,,,,,,,,,,,Poder Pasado,Golpe Cabeza,Sacrificio,Legado,Afilagarras,Chirrido,Paliza,Alboroto,Impresionar,Inversión,Bomba Fango,Finta,,,,,,,,,,,,,,,,,,,,,,,,,,,,,,,,,,,,,,,,,,,,,,,,,,,,,,,,,,,,,,,,,,,,,,,,,,,,,,,,,,,,,,,,,Ronquido,Terratemblor,Cambio de Banda,Bofetón Lodo,Alboroto,Pataleta,Arenas Ardientes,Golpe Bajo,Tierra Viva,,,,,,,,,,,,,,,,,,,,,,,,,,,,,,,,,,,,,,,,,,,,,,,,,,,,,,,,,,,,,,,,,,,,,,,,,,,,,,,,,,,,,,,,,,,
Meowth,52,52,0,Normal,,Field,Field,Maxipepita,Maxipepita,Maxipepita,Experto,Recogida,Afortunado,40,45,35,40,40,90,1,Gruñido,1,Arañazo,6,Mordisco,9,Sorpresa,12,Golpes Furia,15,Chirrido,18,Día de Pago,21,Finta,24,Tajo Umbrío,24,Cuchillada,27,Mofa,30,Buena Baza,33,Hipnosis,36,Maquinación,39,Carantoña,45,Amago,48,Doble Filo,,,,,,,,,,,,,,,,,,,,,,,,,,,,,,,,,,,,,,,,,,,,,,,,,,,,,,,,,,,,,,,,,,,Hidropulso,Tóxico,Poder Oculto,Día Soleado,Mofa,Protección,Danza Lluvia,Cola Férrea,Rayo,Trueno,Excavar,Bola Sombra,Doble Equipo,Onda Voltio,Golpe Aéreo,Tormento,Descanso,Atracción,Ladrón,Falso Tortazo,Maquinación,Garra Umbría,Vendetta,Destello,Danza Espada,Autosugestión,Pulso Umbrío,Brillo Mágico,Ida y Vuelta,Corte,,,,,,,,,,,,,,,,,,,,,,,,,,,,,,,,,,,,,,,,,,,,,,,,,,,,,,,,,,,,,,,,,,,,,,,,,,,,,,,,,,,,,,,,,,,,,,,,,,,,,,,,,,,,,,,,,,,,,,,,,,,,,,Rencor,Hipnosis,Última Baza,Azote,Látigo,Antojo,Encanto,Amnesia,Juego Sucio,,,,,,,,,,,,,,,,,,,,,,,,,,,,,,,,,,,,,,,,,,,,,,,,,,,,,,,,,,,,,,,,,,,,,,,,,,,,,,,,,,,,,,,,,,,,Ronquido,Antojo,Bofetón Lodo,Rencor,Alboroto,Bomba Germen,Meteoros,Viento Hielo,Desarme,Electrocañón,Última Baza,Juego Sucio,Lanzamugre,,,,,,,,,,,,,,,,,,,,,,,,,,,,,,,,,,,,,,,,,,,,,,,,,,,,,,,,,,,,,,,,,,,,,,,,,,,,,,,,,,,,,,,
Persian,53,53,0,Normal,,Field,Field,Ningún objeto,Ningún objeto,Garra Rápida,Experto,Flexibilidad,Afortunado,65,80,60,80,65,115,0,Joya de Luz,1,Arañazo,1,Gruñido,1,Trapicheo,1,Joya de Luz,6,Mordisco,9,Sorpresa,12,Día de Pago,12,Golpes Furia,15,Chirrido,18,Meteoros,21,Finta,24,Tajo Umbrío,24,Cuchillada,27,Mofa,28,Joya de Luz,30,Buena Baza,34,Hipnosis,38,Maquinación,42,Carantoña,50,Amago,54,Doble Filo,,,,,,,,,,,,,,,,,,,,,,,,,,,,,,,,,,,,,,,,,,,,,,,,,,,,,,,,,Hidropulso,Rugido,Tóxico,Poder Oculto,Día Soleado,Mofa,Hiperrayo,Protección,Danza Lluvia,Cola Férrea,Rayo,Trueno,Excavar,Bola Sombra,Doble Equipo,Onda Voltio,Golpe Aéreo,Tormento,Descanso,Atracción,Ladrón,Falso Tortazo,Maquinación,Garra Umbría,Vendetta,Gigaimpacto,Destello,Danza Espada,Autosugestión,Pulso Umbrío,Brillo Mágico,Ida y Vuelta,Corte,,,,,,,,,,,,,,,,,,,,,,,,,,,,,,,,,,,,,,,,,,,,,,,,,,,,,,,,,,,,,,,,,,,,,,,,,,,,,,,,,,,,,,,,,,,,,,,,,,,,,,,,,,,,,,,,,,,,,,,,,,,Rencor,Hipnosis,Última Baza,Azote,Látigo,Antojo,Encanto,Amnesia,Juego Sucio,,,,,,,,,,,,,,,,,,,,,,,,,,,,,,,,,,,,,,,,,,,,,,,,,,,,,,,,,,,,,,,,,,,,,,,,,,,,,,,,,,,,,,,,,,,,Ronquido,Antojo,Bofetón Lodo,Rencor,Alboroto,Bomba Germen,Meteoros,Viento Hielo,Desarme,Electrocañón,Última Baza,Juego Sucio,Lanzamugre,,,,,,,,,,,,,,,,,,,,,,,,,,,,,,,,,,,,,,,,,,,,,,,,,,,,,,,,,,,,,,,,,,,,,,,,,,,,,,,,,,,,,,,
Psyduck,54,54,0,Agua,,Water 1,Field,Ningún objeto,Ningún objeto,Ningún objeto,Humedad,Aclimatación,Nado Rápido,50,52,48,65,50,55,1,Látigo,1,Arañazo,1,Burbuja,6,Pistola Agua,9,Confusión,12,Golpes Furia,15,Hidropulso,18,Anulación,21,Cabezazo Zen,24,Chirrido,27,Hipnosis,27,Empapar,30,Acua Cola,33,Psíquico,36,Autosugestión,39,Zona Extraña,39,Premonición,42,Amnesia,45,Tajo Cruzado,48,Hidrobomba,,,,,,,,,,,,,,,,,,,,,,,,,,,,,,,,,,,,,,,,,,,,,,,,,,,,,,,,,,,,,Puño Certero,Hidropulso,Paz Mental,Tóxico,Granizo,Rayo Hielo,Ventisca,Pantalla de Luz,Protección,Danza Lluvia,Cola Férrea,Excavar,Psíquico,Demolición,Doble Equipo,Golpe Aéreo,Atracción,Salmuera,Escaldar,Lanzamiento,Garra Umbría,Destello,Autosugestión,Surf,Fuerza,Golpe Roca,Cascada,,,,,,,,,,,,,,,,,,,,,,,,,,,,,,,,,,,,,,,,,,,,,,,,,,,,,,,,,,,,,,,,,,,,,,,,,,,,,,,,,,,,,,,,,,,,,,,,,,,,,,,,,,,,,,,,,,,,,,,,,,,,,,,,,Niebla Clara,Rayo Confuso,Tajo Cruzado,Hipnosis,Psicorrayo,Onda Simple,Bostezo,Premonición,Otra Vez,Bomba Fango,,,,,,,,,,,,,,,,,,,,,,,,,,,,,,,,,,,,,,,,,,,,,,,,,,,,,,,,,,,,,,,,,,,,,,,,,,,,,,,,,,,,,,,,,,,Ronquido,Abatidoras,Bofetón Lodo,Rayo Señal,Puño Hielo,Zona Extraña,Sísmico,Buceo,Imitación,Cabezazo Zen,Meteoros,Acua Cola,Puño Incremento,Viento Hielo,,,,,,,,,,,,,,,,,,,,,,,,,,,,,,,,,,,,,,,,,,,,,,,,,,,,,,,,,,,,,,,,,,,,,,,,,,,,,,,,,,,,,,
Golduck,55,55,0,Agua,Psíquico,Water 1,Field,Ningún objeto,Ningún objeto,Ningún objeto,Hidratación,Aclimatación,Nado Rápido,80,82,78,95,80,85,1,Confusión,1,Pistola Agua,1,Látigo,1,Arañazo,1,Burbuja,1,Acua Jet,1,Teletransporte,6,Pistola Agua,9,Confusión,12,Golpes Furia,15,Hidropulso,18,Anulación,21,Cabezazo Zen,24,Chirrido,27,Hipnosis,27,Empapar,30,Acua Cola,33,Joya de Luz,34,Psíquico,38,Autosugestión,42,Premonición,45,Zona Extraña,46,Amnesia,50,Tajo Cruzado,54,Hidrobomba,,,,,,,,,,,,,,,,,,,,,,,,,,,,,,,,,,,,,,,,,,,,,,,,,,,Puño Certero,Hidropulso,Paz Mental,Tóxico,Granizo,Rayo Hielo,Ventisca,Hiperrayo,Pantalla de Luz,Protección,Danza Lluvia,Comesueños,Cola Férrea,Puntapié,Excavar,Psíquico,Demolición,Doble Equipo,Golpe Aéreo,Atracción,Salmuera,Onda Certera,Escaldar,Lanzamiento,Garra Umbría,Gigaimpacto,Destello,Autosugestión,Surf,Fuerza,Golpe Roca,Cascada,Treparrocas,,,,,,,,,,,,,,,,,,,,,,,,,,,,,,,,,,,,,,,,,,,,,,,,,,,,,,,,,,,,,,,,,,,,,,,,,,,,,,,,,,,,,,,,,,,,,,,,,,,,,,,,,,,,,,,,,,,,,,,,,,,Niebla Clara,Rayo Confuso,Tajo Cruzado,Hipnosis,Psicorrayo,Onda Simple,Bostezo,Premonición,Otra Vez,Bomba Fango,,,,,,,,,,,,,,,,,,,,,,,,,,,,,,,,,,,,,,,,,,,,,,,,,,,,,,,,,,,,,,,,,,,,,,,,,,,,,,,,,,,,,,,,,,,Ronquido,Abatidoras,Bofetón Lodo,Aguzar,Corte Furia,Rayo Señal,Puño Hielo,Zona Extraña,Sísmico,Buceo,Imitación,Cabezazo Zen,Meteoros,Patada Baja,Acua Cola,Puño Incremento,Viento Hielo,Hidroariete,,,,,,,,,,,,,,,,,,,,,,,,,,,,,,,,,,,,,,,,,,,,,,,,,,,,,,,,,,,,,,,,,,,,,,,,,,,,,,,,,,
Mankey,56,56,0,Lucha,,Field,Field,Ningún objeto,Ningún objeto,Ningún objeto,Espíritu Vital,Irascible,Competitivo,40,80,35,35,35,80,1,Foco Energía,1,Malicioso,1,Patada Baja,1,Arañazo,5,Golpes Furia,8,Bofetón Lodo,11,Antojo,13,Golpe Kárate,15,Represalia,17,Sísmico,20,Contoneo,23,Tajo Cruzado,26,Buena Baza,29,Cabezazo,32,Tajo Umbrío,35,A Bocajarro,38,Golpe,41,Ida y Vuelta,43,Pataleta,44,Chirrido,47,Enfado,50,Sacrificio,50,A Bocajarro,,,,,,,,,,,,,,,,,,,,,,,,,,,,,,,,,,,,,,,,,,,,,,,,,,,,,,,Puño Certero,Tóxico,Corpulencia,Poder Oculto,Día Soleado,Mofa,Protección,Danza Lluvia,Cola Férrea,Rayo,Trueno,Terremoto,Puntapié,Excavar,Demolición,Doble Equipo,Tumba Rocas,Golpe Aéreo,Atracción,Ladrón,Sofoco,Onda Certera,Lanzamiento,Vendetta,Avalancha,Vozarrón,Puya Nociva,Ida y Vuelta,Fuerza,Golpe Roca,Treparrocas,,,,,,,,,,,,,,,,,,,,,,,,,,,,,,,,,,,,,,,,,,,,,,,,,,,,,,,,,,,,,,,,,,,,,,,,,,,,,,,,,,,,,,,,,,,,,,,,,,,,,,,,,,,,,,,,,,,,,,,,,,,,,Contraataque,Inversión,Paliza,Desquite,A Bocajarro,Otra Vez,Tajo Umbrío,Meditación,,,,,,,,,,,,,,,,,,,,,,,,,,,,,,,,,,,,,,,,,,,,,,,,,,,,,,,,,,,,,,,,,,,,,,,,,,,,,,,,,,,,,,,,,,,,,Ronquido,Refuerzo,Antojo,Terratemblor,Bofetón Lodo,Rencor,Alboroto,Pataleta,Puño Fuego,Puño Hielo,Puño Trueno,Sísmico,Imitación,Bomba Germen,Meteoros,Patada Baja,Golpe Bis,Onda Vacío,Puño Incremento,Esfuerzo,Enfado,Lanzamugre,,,,,,,,,,,,,,,,,,,,,,,,,,,,,,,,,,,,,,,,,,,,,,,,,,,,,,,,,,,,,,,,,,,,,,,,,,,,,,
Primeape,57,57,0,Lucha,,Field,Field,Ningún objeto,Ningún objeto,Ningún objeto,Espíritu Vital,Irascible,Competitivo,65,105,60,60,60,105,1,Antojo,1,Foco Energía,1,Malicioso,1,Patada Baja,1,Arañazo,5,Golpes Furia,8,Bofetón Lodo,11,Represalia,13,Golpe Kárate,15,Sísmico,17,Contoneo,20,Buena Baza,23,Puño Fuego,23,Puño Trueno,23,Puño Hielo,26,Tajo Cruzado,30,Cabezazo,34,Tajo Umbrío,38,A Bocajarro,42,Golpe,46,Ida y Vuelta,48,Pataleta,50,Chirrido,54,Enfado,57,Sacrificio,58,A Bocajarro,,,,,,,,,,,,,,,,,,,,,,,,,,,,,,,,,,,,,,,,,,,,,,,,,Puño Certero,Tóxico,Corpulencia,Poder Oculto,Día Soleado,Mofa,Hiperrayo,Protección,Danza Lluvia,Cola Férrea,Rayo,Trueno,Terremoto,Puntapié,Excavar,Demolición,Doble Equipo,Tumba Rocas,Golpe Aéreo,Atracción,Ladrón,Sofoco,Onda Certera,Lanzamiento,Vendetta,Gigaimpacto,Roca Afilada,Avalancha,Vozarrón,Puya Nociva,Ida y Vuelta,Fuerza,Golpe Roca,Treparrocas,,,,,,,,,,,,,,,,,,,,,,,,,,,,,,,,,,,,,,,,,,,,,,,,,,,,,,,,,,,,,,,,,,,,,,,,,,,,,,,,,,,,,,,,,,,,,,,,,,,,,,,,,,,,,,,,,,,,,,,,,,Contraataque,Inversión,Paliza,Desquite,A Bocajarro,Otra Vez,Tajo Umbrío,Meditación,,,,,,,,,,,,,,,,,,,,,,,,,,,,,,,,,,,,,,,,,,,,,,,,,,,,,,,,,,,,,,,,,,,,,,,,,,,,,,,,,,,,,,,,,,,,,Ronquido,Refuerzo,Antojo,Terratemblor,Bofetón Lodo,Rencor,Alboroto,Pataleta,Puño Fuego,Puño Hielo,Puño Trueno,Sísmico,Imitación,Bomba Germen,Meteoros,Patada Baja,Golpe Bis,Onda Vacío,Puño Incremento,Esfuerzo,Enfado,Lanzamugre,,,,,,,,,,,,,,,,,,,,,,,,,,,,,,,,,,,,,,,,,,,,,,,,,,,,,,,,,,,,,,,,,,,,,,,,,,,,,,
Growlithe,58,58,0,Fuego,,Field,Field,Ningún objeto,Ningún objeto,Ningún objeto,Intimidación,Absorbe Fuego,Recogebolas,55,70,45,70,50,60,1,Malicioso,1,Rugido,1,Mordisco,1,Aullido,7,Ascuas,13,Refuerzo,15,Colmillo Ígneo,18,Inversión,21,Derribo,23,Rueda Fuego,25,Agilidad,28,Lanzallamas,28,Represalia,31,Triturar,33,Enfado,35,Onda Ígnea,38,Carantoña,41,Envite Ígneo,,,,,,,,,,,,,,,,,,,,,,,,,,,,,,,,,,,,,,,,,,,,,,,,,,,,,,,,,,,,,,,,,Rugido,Tóxico,Día Soleado,Protección,Velo Sagrado,Cola Férrea,Excavar,Doble Equipo,Lanzallamas,Llamarada,Golpe Aéreo,Imagen,Atracción,Ladrón,Sofoco,Fuego Fatuo,Alarido,Fuerza,Golpe Roca,,,,,,,,,,,,,,,,,,,,,,,,,,,,,,,,,,,,,,,,,,,,,,,,,,,,,,,,,,,,,,,,,,,,,,,,,,,,,,,,,,,,,,,,,,,,,,,,,,,,,,,,,,,,,,,,,,,,,,,,,,,,,,,,,,,,,,,,,Golpe,Doble Filo,Sol Matinal,Antojo,Doble Patada,Golpe Cuerpo,Triturar,Giro Fuego,Aullido,Onda Ígnea,Envite Ígneo,A Bocajarro,Llama Final,,,,,,,,,,,,,,,,,,,,,,,,,,,,,,,,,,,,,,,,,,,,,,,,,,,,,,,,,,,,,,,,,,,,,,,,,,,,,,,,,,,,,,,,Ronquido,Refuerzo,Antojo,Bofetón Lodo,Meteoros,Onda Ígnea,Enfado,,,,,,,,,,,,,,,,,,,,,,,,,,,,,,,,,,,,,,,,,,,,,,,,,,,,,,,,,,,,,,,,,,,,,,,,,,,,,,,,,,,,,,,,,,,,,
Arcanine,59,59,0,Fuego,,Field,Field,Ningún objeto,Ningún objeto,Ningún objeto,Intimidación,Absorbe Fuego,Competitivo,90,110,80,100,80,95,0,Veloc. Extrema,1,Veloc. Extrema,1,Malicioso,1,Rugido,1,Mordisco,1,Aullido,5,Ascuas,15,Rueda Fuego,20,Refuerzo,25,Agilidad,30,Colmillo Ígneo,35,Inversión,40,Llama Final,45,Triturar,50,Derribo,55,Lanzallamas,60,Enfado,60,A Bocajarro,65,Carantoña,70,Onda Ígnea,75,Envite Ígneo,,,,,,,,,,,,,,,,,,,,,,,,,,,,,,,,,,,,,,,,,,,,,,,,,,,,,,,,,,,Rugido,Tóxico,Día Soleado,Hiperrayo,Protección,Velo Sagrado,Rayo Solar,Cola Férrea,Excavar,Doble Equipo,Lanzallamas,Llamarada,Golpe Aéreo,Imagen,Descanso,Atracción,Ladrón,Sofoco,Pulso Dragón,Fuego Fatuo,Gigaimpacto,Alarido,Vozarrón,Fuerza,Golpe Roca,Treparrocas,,,,,,,,,,,,,,,,,,,,,,,,,,,,,,,,,,,,,,,,,,,,,,,,,,,,,,,,,,,,,,,,,,,,,,,,,,,,,,,,,,,,,,,,,,,,,,,,,,,,,,,,,,,,,,,,,,,,,,,,,,,,,,,,,,Golpe,Doble Filo,Sol Matinal,Antojo,Doble Patada,Golpe Cuerpo,Triturar,Giro Fuego,Aullido,Onda Ígnea,Envite Ígneo,A Bocajarro,Llama Final,,,,,,,,,,,,,,,,,,,,,,,,,,,,,,,,,,,,,,,,,,,,,,,,,,,,,,,,,,,,,,,,,,,,,,,,,,,,,,,,,,,,,,,,Ronquido,Refuerzo,Antojo,Terratemblor,Bofetón Lodo,Aguzar,Meteoros,Cabeza de Hierro,Arenas Ardientes,Onda Ígnea,Enfado,,,,,,,,,,,,,,,,,,,,,,,,,,,,,,,,,,,,,,,,,,,,,,,,,,,,,,,,,,,,,,,,,,,,,,,,,,,,,,,,,,,,,,,,,
Poliwag,60,60,0,Agua,,Water 1,Water 1,Ningún objeto,Ningún objeto,Ningún objeto,Nado Rápido,Humedad,Absorbe Agua,40,50,40,40,40,90,1,Destructor,1,Esfuerzo,1,Burbuja,6,Hipnosis,9,Pistola Agua,15,Danza Lluvia,15,Doble Bofetón,18,Rayo Burbuja,21,Disparo Lodo,24,Golpe Cuerpo,27,Patada Baja,30,Tambor,36,Tierra Viva,39,Hidrobomba,41,Bomba Fango,54,Doble Filo,,,,,,,,,,,,,,,,,,,,,,,,,,,,,,,,,,,,,,,,,,,,,,,,,,,,,,,,,,,,,,,,,,,,,Hidropulso,Tóxico,Granizo,Rayo Hielo,Ventisca,Protección,Danza Lluvia,Excavar,Psíquico,Doble Equipo,Atracción,Ladrón,Salmuera,Vozarrón,Surf,Cascada,,,,,,,,,,,,,,,,,,,,,,,,,,,,,,,,,,,,,,,,,,,,,,,,,,,,,,,,,,,,,,,,,,,,,,,,,,,,,,,,,,,,,,,,,,,,,,,,,,,,,,,,,,,,,,,,,,,,,,,,,,,,,,,,,,,,,,,,,,,,Esfuerzo,Niebla,Neblina,Telépata,Salpicadura,Rayo Burbuja,Disparo Lodo,Otra Vez,,,,,,,,,,,,,,,,,,,,,,,,,,,,,,,,,,,,,,,,,,,,,,,,,,,,,,,,,,,,,,,,,,,,,,,,,,,,,,,,,,,,,,,,,,,,,Ronquido,Refuerzo,Terratemblor,Buceo,Viento Hielo,Esfuerzo,,,,,,,,,,,,,,,,,,,,,,,,,,,,,,,,,,,,,,,,,,,,,,,,,,,,,,,,,,,,,,,,,,,,,,,,,,,,,,,,,,,,,,,,,,,,,,
Poliwhirl,61,61,0,Agua,,Water 1,Water 1,Sarta Perlas,Sarta Perlas,Sarta Perlas,Nado Rápido,Humedad,Absorbe Agua,65,65,65,50,50,90,1,Destructor,1,Esfuerzo,1,Burbuja,6,Hipnosis,9,Pistola Agua,15,Danza Lluvia,15,Doble Bofetón,18,Rayo Burbuja,21,Disparo Lodo,24,Golpe Cuerpo,28,Patada Baja,32,Tambor,40,Tierra Viva,44,Hidrobomba,53,Bomba Fango,66,Doble Filo,,,,,,,,,,,,,,,,,,,,,,,,,,,,,,,,,,,,,,,,,,,,,,,,,,,,,,,,,,,,,,,,,,,,,Puño Certero,Hidropulso,Tóxico,Granizo,Rayo Hielo,Ventisca,Protección,Danza Lluvia,Terremoto,Excavar,Psíquico,Demolición,Doble Equipo,Atracción,Ladrón,Salmuera,Lanzamiento,Vozarrón,Surf,Fuerza,Golpe Roca,Cascada,,,,,,,,,,,,,,,,,,,,,,,,,,,,,,,,,,,,,,,,,,,,,,,,,,,,,,,,,,,,,,,,,,,,,,,,,,,,,,,,,,,,,,,,,,,,,,,,,,,,,,,,,,,,,,,,,,,,,,,,,,,,,,,,,,,,,,Esfuerzo,Niebla,Neblina,Telépata,Salpicadura,Rayo Burbuja,Disparo Lodo,Otra Vez,,,,,,,,,,,,,,,,,,,,,,,,,,,,,,,,,,,,,,,,,,,,,,,,,,,,,,,,,,,,,,,,,,,,,,,,,,,,,,,,,,,,,,,,,,,,,Ronquido,Refuerzo,Terratemblor,Bofetón Lodo,Puño Hielo,Sísmico,Buceo,Puño Incremento,Viento Hielo,Esfuerzo,,,,,,,,,,,,,,,,,,,,,,,,,,,,,,,,,,,,,,,,,,,,,,,,,,,,,,,,,,,,,,,,,,,,,,,,,,,,,,,,,,,,,,,,,,
Poliwrath,62,62,0,Agua,Lucha,Water 1,Water 1,Ningún objeto,Ningún objeto,Roca del Rey,Nado Rápido,Puño Férreo,Absorbe Agua,90,95,95,70,90,70,0,Sumisión,1,Sumisión,1,Destructor,1,Esfuerzo,1,Burbuja,1,Niebla,1,Neblina,1,Onda Vacío,1,Llave Giro,6,Hipnosis,11,Pistola Agua,16,Danza Lluvia,16,Doble Bofetón,22,Rayo Burbuja,26,Disparo Lodo,26,Ultrapuño,31,Puño Hielo,36,Golpe Cuerpo,41,Patada Baja,46,Puño Dinámico,51,Tambor,56,Tierra Viva,61,Hidrobomba,66,Bomba Fango,71,A Bocajarro,76,Doble Filo,,,,,,,,,,,,,,,,,,,,,,,,,,,,,,,,,,,,,,,,,,,,,,,,,Puño Certero,Hidropulso,Tóxico,Granizo,Corpulencia,Poder Oculto,Rayo Hielo,Ventisca,Hiperrayo,Protección,Danza Lluvia,Terremoto,Puntapié,Excavar,Psíquico,Demolición,Doble Equipo,Tumba Rocas,Atracción,Ladrón,Salmuera,Onda Certera,Lanzamiento,Puño Drenaje,Vendetta,Gigaimpacto,Avalancha,Vozarrón,Puya Nociva,Surf,Fuerza,Golpe Roca,Cascada,Treparrocas,,,,,,,,,,,,,,,,,,,,,,,,,,,,,,,,,,,,,,,,,,,,,,,,,,,,,,,,,,,,,,,,,,,,,,,,,,,,,,,,,,,,,,,,,,,,,,,,,,,,,,,,,,,,,,,,,,,,,,,,,,Esfuerzo,Niebla,Neblina,Telépata,Salpicadura,Rayo Burbuja,Disparo Lodo,Otra Vez,,,,,,,,,,,,,,,,,,,,,,,,,,,,,,,,,,,,,,,,,,,,,,,,,,,,,,,,,,,,,,,,,,,,,,,,,,,,,,,,,,,,,,,,,,,,,Ronquido,Refuerzo,Terratemblor,Bofetón Lodo,Puño Hielo,Sísmico,Buceo,Golpe Bis,Onda Vacío,Puño Incremento,Viento Hielo,Esfuerzo,,,,,,,,,,,,,,,,,,,,,,,,,,,,,,,,,,,,,,,,,,,,,,,,,,,,,,,,,,,,,,,,,,,,,,,,,,,,,,,,,,,,,,,,
Abra,63,63,0,Psíquico,,Human-Like,Human-Like,Ningún objeto,Ningún objeto,Cuchara Torcida,Muro Mágico,Sincronía,Descarga,25,20,15,105,55,90,1,Teletransporte,,,,,,,,,,,,,,,,,,,,,,,,,,,,,,,,,,,,,,,,,,,,,,,,,,,,,,,,,,,,,,,,,,,,,,,,,,,,,,,,,,,,,,,,,,,,,,,,,,,Puño Certero,Paz Mental,Tóxico,Día Soleado,Mofa,Pantalla de Luz,Protección,Danza Lluvia,Velo Sagrado,Comesueños,Cola Férrea,Psíquico,Bola Sombra,Doble Equipo,Reflejo,Onda Voltio,Tormento,Atracción,Ladrón,Intercambio,Energibola,Lanzamiento,Voltio Cruel,Puño Drenaje,Reciclaje,Destello,Onda Trueno,Autosugestión,Brillo Mágico,Hierba Lazo,Espacio Raro,,,,,,,,,,,,,,,,,,,,,,,,,,,,,,,,,,,,,,,,,,,,,,,,,,,,,,,,,,,,,,,,,,,,,,,,,,,,,,,,,,,,,,,,,,,,,,,,,,,,,,,,,,,,,,,,,,,,,,,,,,,,,Confusión,Isoguardia,Capa Mágica,Otra Vez,Desarme,Puño Fuego,Puño Trueno,Puño Hielo,Truco Fuerza,Cambiadefensa,Psicocambio,Cambio de Banda,,,,,,,,,,,,,,,,,,,,,,,,,,,,,,,,,,,,,,,,,,,,,,,,,,,,,,,,,,,,,,,,,,,,,,,,,,,,,,,,,,,,,,,,,Ronquido,Cambio de Banda,Rayo Señal,Puño Fuego,Puño Hielo,Puño Trueno,Zona Mágica,Zona Extraña,Sísmico,Imitación,Cabezazo Zen,Capa Mágica,Meteoros,Truco,Gravedad,Desarme,Electrocañón,Juego Sucio,,,,,,,,,,,,,,,,,,,,,,,,,,,,,,,,,,,,,,,,,,,,,,,,,,,,,,,,,,,,,,,,,,,,,,,,,,,,,,,,,,
Kadabra,64,64,0,Psíquico,,Human-Like,Human-Like,Ningún objeto,Ningún objeto,Cuchara Torcida,Muro Mágico,Sincronía,Descarga,40,35,30,120,70,105,0,Confusión,1,Teletransporte,1,Destello,1,Kinético,1,Confusión,15,Cambio de Banda,16,Psicorrayo,19,Anulación,22,Tinieblas,28,Reflejo,28,Pantalla de Luz,30,Psicocarga,31,Psicocorte,34,Recuperación,37,Psíquico,40,Imitación,43,Premonición,46,Sustituto,49,Truco,50,Paz Mental,,,,,,,,,,,,,,,,,,,,,,,,,,,,,,,,,,,,,,,,,,,,,,,,,,,,,,,,,,,,,Puño Certero,Paz Mental,Tóxico,Día Soleado,Mofa,Pantalla de Luz,Protección,Danza Lluvia,Velo Sagrado,Comesueños,Cola Férrea,Psíquico,Bola Sombra,Doble Equipo,Reflejo,Onda Voltio,Tormento,Atracción,Ladrón,Intercambio,Energibola,Lanzamiento,Voltio Cruel,Puño Drenaje,Reciclaje,Destello,Onda Trueno,Autosugestión,Brillo Mágico,Hierba Lazo,Espacio Raro,,,,,,,,,,,,,,,,,,,,,,,,,,,,,,,,,,,,,,,,,,,,,,,,,,,,,,,,,,,,,,,,,,,,,,,,,,,,,,,,,,,,,,,,,,,,,,,,,,,,,,,,,,,,,,,,,,,,,,,,,,,,,Confusión,Isoguardia,Capa Mágica,Otra Vez,Desarme,Puño Fuego,Puño Trueno,Puño Hielo,Truco Fuerza,Cambiadefensa,Psicocambio,Cambio de Banda,,,,,,,,,,,,,,,,,,,,,,,,,,,,,,,,,,,,,,,,,,,,,,,,,,,,,,,,,,,,,,,,,,,,,,,,,,,,,,,,,,,,,,,,,Ronquido,Cambio de Banda,Rayo Señal,Puño Fuego,Puño Hielo,Puño Trueno,Zona Mágica,Zona Extraña,Sísmico,Imitación,Cabezazo Zen,Capa Mágica,Meteoros,Truco,Gravedad,Desarme,Electrocañón,Juego Sucio,,,,,,,,,,,,,,,,,,,,,,,,,,,,,,,,,,,,,,,,,,,,,,,,,,,,,,,,,,,,,,,,,,,,,,,,,,,,,,,,,,
Alakazam,65,65,0,Psíquico,,Human-Like,Human-Like,Ningún objeto,Ningún objeto,Cuchara Torcida,Muro Mágico,Sincronía,Descarga,55,50,45,135,95,120,1,Teletransporte,1,Destello,1,Kinético,1,Confusión,1,Otra Vez,1,Barrera,15,Cambio de Banda,16,Psicorrayo,19,Anulación,22,Tinieblas,28,Reflejo,28,Pantalla de Luz,30,Psicocarga,31,Psicocorte,34,Recuperación,37,Psíquico,40,Paz Mental,40,Imitación,43,Premonición,46,Sustituto,49,Truco,52,Esfera Aural,,,,,,,,,,,,,,,,,,,,,,,,,,,,,,,,,,,,,,,,,,,,,,,,,,,,,,,,,Puño Certero,Paz Mental,Tóxico,Día Soleado,Mofa,Hiperrayo,Pantalla de Luz,Protección,Danza Lluvia,Velo Sagrado,Comesueños,Cola Férrea,Psíquico,Bola Sombra,Doble Equipo,Reflejo,Onda Voltio,Tormento,Atracción,Ladrón,Intercambio,Onda Certera,Energibola,Lanzamiento,Voltio Cruel,Puño Drenaje,Maquinación,Reciclaje,Gigaimpacto,Destello,Onda Trueno,Autosugestión,Brillo Mágico,Hierba Lazo,Espacio Raro,,,,,,,,,,,,,,,,,,,,,,,,,,,,,,,,,,,,,,,,,,,,,,,,,,,,,,,,,,,,,,,,,,,,,,,,,,,,,,,,,,,,,,,,,,,,,,,,,,,,,,,,,,,,,,,,,,,,,,,,,Confusión,Isoguardia,Capa Mágica,Otra Vez,Desarme,Puño Fuego,Puño Trueno,Puño Hielo,Truco Fuerza,Cambiadefensa,Psicocambio,Cambio de Banda,,,,,,,,,,,,,,,,,,,,,,,,,,,,,,,,,,,,,,,,,,,,,,,,,,,,,,,,,,,,,,,,,,,,,,,,,,,,,,,,,,,,,,,,,Ronquido,Cambio de Banda,Aguzar,Rayo Señal,Puño Fuego,Puño Hielo,Puño Trueno,Zona Mágica,Zona Extraña,Sísmico,Imitación,Cabezazo Zen,Capa Mágica,Meteoros,Truco,Gravedad,Desarme,Electrocañón,Juego Sucio,,,,,,,,,,,,,,,,,,,,,,,,,,,,,,,,,,,,,,,,,,,,,,,,,,,,,,,,,,,,,,,,,,,,,,,,,,,,,,,,,
Machop,66,66,0,Lucha,,Human-Like,Human-Like,Ningún objeto,Ningún objeto,Cinta Focus,Agallas,Indefenso,Impasible,70,80,50,35,35,35,1,Malicioso,1,Patada Baja,1,Foco Energía,4,Golpe Kárate,7,Puntapié,13,Demolición,15,Sísmico,17,Desquite,20,Desarme,23,Llave Vital,26,Fuerza,29,Vendetta,32,Golpe Bis,32,Contraataque,35,Corpulencia,38,Tajo Cruzado,41,Cara Susto,44,Puño Dinámico,47,A Bocajarro,50,Fuerza Bruta,52,Doble Filo,,,,,,,,,,,,,,,,,,,,,,,,,,,,,,,,,,,,,,,,,,,,,,,,,,,,,,,,,,,Puño Certero,Tóxico,Corpulencia,Poder Oculto,Día Soleado,Pantalla de Luz,Protección,Danza Lluvia,Terremoto,Puntapié,Excavar,Demolición,Doble Equipo,Lanzallamas,Llamarada,Tumba Rocas,Atracción,Ladrón,Onda Certera,Lanzamiento,Puño Drenaje,Vendetta,Avalancha,Vozarrón,Puya Nociva,Fuerza,Golpe Roca,Treparrocas,,,,,,,,,,,,,,,,,,,,,,,,,,,,,,,,,,,,,,,,,,,,,,,,,,,,,,,,,,,,,,,,,,,,,,,,,,,,,,,,,,,,,,,,,,,,,,,,,,,,,,,,,,,,,,,,,,,,,,,,,,,,,,,,Contraataque,Puño Bala,Cosquillas,Anticipo,Sumisión,Otra Vez,A Bocajarro,Puño Fuego,Puño Trueno,Puño Hielo,Truco Fuerza,Cuerpo Pesado,Desarme,Patada Giro,Meditación,,,,,,,,,,,,,,,,,,,,,,,,,,,,,,,,,,,,,,,,,,,,,,,,,,,,,,,,,,,,,,,,,,,,,,,,,,,,,,,,,,,,,,Ronquido,Refuerzo,Terratemblor,Bofetón Lodo,Puño Fuego,Puño Hielo,Puño Trueno,Sísmico,Imitación,Patada Baja,Golpe Bis,Onda Vacío,Puño Incremento,Fuerza Bruta,Desarme,,,,,,,,,,,,,,,,,,,,,,,,,,,,,,,,,,,,,,,,,,,,,,,,,,,,,,,,,,,,,,,,,,,,,,,,,,,,,,,,,,,,,
Machoke,67,67,0,Lucha,,Human-Like,Human-Like,Ningún objeto,Ningún objeto,Cinta Focus,Agallas,Indefenso,Impasible,80,100,70,50,60,45,1,Desquite,1,Foco Energía,1,Malicioso,1,Patada Baja,4,Golpe Kárate,7,Puntapié,13,Demolición,15,Sísmico,17,Desquite,20,Desarme,23,Llave Vital,26,Fuerza,30,Vendetta,34,Contraataque,36,Golpe Bis,38,Corpulencia,42,Tajo Cruzado,46,Cara Susto,50,Puño Dinámico,54,A Bocajarro,58,Fuerza Bruta,66,Doble Filo,,,,,,,,,,,,,,,,,,,,,,,,,,,,,,,,,,,,,,,,,,,,,,,,,,,,,,,,,Puño Certero,Tóxico,Corpulencia,Poder Oculto,Día Soleado,Pantalla de Luz,Protección,Danza Lluvia,Terremoto,Puntapié,Excavar,Demolición,Doble Equipo,Lanzallamas,Llamarada,Tumba Rocas,Atracción,Ladrón,Onda Certera,Lanzamiento,Puño Drenaje,Vendetta,Avalancha,Vozarrón,Puya Nociva,Fuerza,Golpe Roca,Treparrocas,,,,,,,,,,,,,,,,,,,,,,,,,,,,,,,,,,,,,,,,,,,,,,,,,,,,,,,,,,,,,,,,,,,,,,,,,,,,,,,,,,,,,,,,,,,,,,,,,,,,,,,,,,,,,,,,,,,,,,,,,,,,,,,,Contraataque,Puño Bala,Cosquillas,Anticipo,Sumisión,Otra Vez,A Bocajarro,Puño Fuego,Puño Trueno,Puño Hielo,Truco Fuerza,Cuerpo Pesado,Desarme,Patada Giro,Meditación,,,,,,,,,,,,,,,,,,,,,,,,,,,,,,,,,,,,,,,,,,,,,,,,,,,,,,,,,,,,,,,,,,,,,,,,,,,,,,,,,,,,,,Ronquido,Refuerzo,Terratemblor,Bofetón Lodo,Pataleta,Puño Fuego,Puño Hielo,Puño Trueno,Sísmico,Imitación,Patada Baja,Golpe Bis,Onda Vacío,Puño Incremento,Fuerza Bruta,Desarme,,,,,,,,,,,,,,,,,,,,,,,,,,,,,,,,,,,,,,,,,,,,,,,,,,,,,,,,,,,,,,,,,,,,,,,,,,,,,,,,,,,,
Machamp,68,68,0,Lucha,,Human-Like,Human-Like,Ningún objeto,Ningún objeto,Cinta Focus,Agallas,Indefenso,Impasible,90,130,80,65,85,55,1,Desquite,1,Foco Energía,1,Malicioso,1,Patada Baja,1,Vasta Guardia,1,Puño Bala,4,Golpe Kárate,7,Puntapié,13,Demolición,15,Sísmico,17,Desquite,20,Desarme,23,Llave Vital,26,Fuerza,30,Vendetta,34,Contraataque,36,Golpe Bis,38,Corpulencia,42,Tajo Cruzado,46,Cara Susto,50,Puño Dinámico,54,A Bocajarro,58,Fuerza Bruta,66,Doble Filo,,,,,,,,,,,,,,,,,,,,,,,,,,,,,,,,,,,,,,,,,,,,,,,,,,,,,Puño Certero,Tóxico,Corpulencia,Poder Oculto,Día Soleado,Hiperrayo,Pantalla de Luz,Protección,Danza Lluvia,Terremoto,Puntapié,Excavar,Demolición,Doble Equipo,Lanzallamas,Llamarada,Tumba Rocas,Atracción,Ladrón,Onda Certera,Lanzamiento,Puño Drenaje,Vendetta,Gigaimpacto,Roca Afilada,Avalancha,Vozarrón,Puya Nociva,Fuerza,Golpe Roca,Treparrocas,,,,,,,,,,,,,,,,,,,,,,,,,,,,,,,,,,,,,,,,,,,,,,,,,,,,,,,,,,,,,,,,,,,,,,,,,,,,,,,,,,,,,,,,,,,,,,,,,,,,,,,,,,,,,,,,,,,,,,,,,,,,,Contraataque,Puño Bala,Cosquillas,Anticipo,Sumisión,Otra Vez,A Bocajarro,Puño Fuego,Puño Trueno,Puño Hielo,Truco Fuerza,Cuerpo Pesado,Desarme,Patada Giro,Meditación,,,,,,,,,,,,,,,,,,,,,,,,,,,,,,,,,,,,,,,,,,,,,,,,,,,,,,,,,,,,,,,,,,,,,,,,,,,,,,,,,,,,,,Ronquido,Refuerzo,Terratemblor,Bofetón Lodo,Pataleta,Puño Fuego,Puño Hielo,Puño Trueno,Sísmico,Imitación,Patada Baja,Golpe Bis,Onda Vacío,Puño Incremento,Fuerza Bruta,Desarme,,,,,,,,,,,,,,,,,,,,,,,,,,,,,,,,,,,,,,,,,,,,,,,,,,,,,,,,,,,,,,,,,,,,,,,,,,,,,,,,,,,,
Bellsprout,69,69,0,Planta,Veneno,Grass,Grass,Ningún objeto,Ningún objeto,Ningún objeto,Clorofila,Gula,Corrosión,50,75,35,70,30,40,1,Látigo Cepa,1,Desarrollo,1,Ácido,7,Constricción,10,Somnífero,10,Polvo Veneno,10,Paralizador,13,Hoja Afilada,16,Dulce Aroma,19,Bilis,22,Chupavidas,25,Puya Nociva,28,Bomba Germen,31,Desarme,34,Atizar,40,Latigazo,,,,,,,,,,,,,,,,,,,,,,,,,,,,,,,,,,,,,,,,,,,,,,,,,,,,,,,,,,,,,,,,,,,,,Tóxico,Semilladora,Día Soleado,Protección,Gigadrenado,Rayo Solar,Doble Equipo,Reflejo,Bomba Lodo,Atracción,Ladrón,Energibola,Destello,Danza Espada,Puya Nociva,Hierba Lazo,Corte,,,,,,,,,,,,,,,,,,,,,,,,,,,,,,,,,,,,,,,,,,,,,,,,,,,,,,,,,,,,,,,,,,,,,,,,,,,,,,,,,,,,,,,,,,,,,,,,,,,,,,,,,,,,,,,,,,,,,,,,,,,,,,,,,,,,,,,,,,,Otra Vez,Síntesis,Chupavidas,Arraigo,Hoja Mágica,Abatidoras,Cosquillas,Meteorobola,Niebla Clara,Latigazo,Bomba Ácida,Eructo,Absorbefuerza,,,,,,,,,,,,,,,,,,,,,,,,,,,,,,,,,,,,,,,,,,,,,,,,,,,,,,,,,,,,,,,,,,,,,,,,,,,,,,,,,,,,,,,,Ronquido,Atadura,Abatidoras,Bilis,Síntesis,Bomba Germen,Desarme,Golpe Bajo,,,,,,,,,,,,,,,,,,,,,,,,,,,,,,,,,,,,,,,,,,,,,,,,,,,,,,,,,,,,,,,,,,,,,,,,,,,,,,,,,,,,,,,,,,,,
Weepinbell,70,70,0,Planta,Veneno,Grass,Grass,Ningún objeto,Ningún objeto,Ningún objeto,Clorofila,Gula,Corrosión,65,90,50,85,45,55,1,Desarrollo,1,Látigo Cepa,1,Ácido,7,Constricción,10,Somnífero,10,Polvo Veneno,10,Paralizador,13,Hoja Afilada,16,Dulce Aroma,19,Bilis,23,Chupavidas,27,Puya Nociva,31,Bomba Germen,35,Desarme,39,Atizar,47,Latigazo,,,,,,,,,,,,,,,,,,,,,,,,,,,,,,,,,,,,,,,,,,,,,,,,,,,,,,,,,,,,,,,,,,,,,Tóxico,Semilladora,Día Soleado,Protección,Gigadrenado,Rayo Solar,Doble Equipo,Reflejo,Bomba Lodo,Atracción,Ladrón,Energibola,Destello,Danza Espada,Puya Nociva,Hierba Lazo,Corte,,,,,,,,,,,,,,,,,,,,,,,,,,,,,,,,,,,,,,,,,,,,,,,,,,,,,,,,,,,,,,,,,,,,,,,,,,,,,,,,,,,,,,,,,,,,,,,,,,,,,,,,,,,,,,,,,,,,,,,,,,,,,,,,,,,,,,,,,,,Otra Vez,Síntesis,Chupavidas,Arraigo,Hoja Mágica,Abatidoras,Cosquillas,Meteorobola,Niebla Clara,Latigazo,Bomba Ácida,Eructo,Absorbefuerza,,,,,,,,,,,,,,,,,,,,,,,,,,,,,,,,,,,,,,,,,,,,,,,,,,,,,,,,,,,,,,,,,,,,,,,,,,,,,,,,,,,,,,,,Ronquido,Atadura,Abatidoras,Bilis,Síntesis,Bomba Germen,Desarme,Golpe Bajo,,,,,,,,,,,,,,,,,,,,,,,,,,,,,,,,,,,,,,,,,,,,,,,,,,,,,,,,,,,,,,,,,,,,,,,,,,,,,,,,,,,,,,,,,,,,
Victreebel,71,71,0,Planta,Veneno,Grass,Grass,Ningún objeto,Ningún objeto,Ningún objeto,Clorofila,Gula,Corrosión,80,105,65,100,70,70,0,Ciclón de Hojas,1,Ciclón de Hojas,1,Desarrollo,1,Látigo Cepa,1,Ácido,1,Meteorobola,7,Constricción,12,Somnífero,12,Polvo Veneno,12,Paralizador,17,Hoja Afilada,22,Dulce Aroma,22,Meteorobola,27,Bilis,32,Reserva,32,Tragar,32,Escupir,37,Chupavidas,42,Hoja Aguda,42,Puya Nociva,47,Bomba Germen,52,Golpe Bajo,52,Desarme,57,Atizar,62,Lluevehojas,67,Absorbefuerza,72,Latigazo,,,,,,,,,,,,,,,,,,,,,,,,,,,,,,,,,,,,,,,,,,,,,,,Tóxico,Semilladora,Día Soleado,Hiperrayo,Protección,Gigadrenado,Rayo Solar,Doble Equipo,Reflejo,Bomba Lodo,Atracción,Ladrón,Energibola,Gigaimpacto,Destello,Danza Espada,Puya Nociva,Hierba Lazo,Corte,,,,,,,,,,,,,,,,,,,,,,,,,,,,,,,,,,,,,,,,,,,,,,,,,,,,,,,,,,,,,,,,,,,,,,,,,,,,,,,,,,,,,,,,,,,,,,,,,,,,,,,,,,,,,,,,,,,,,,,,,,,,,,,,,,,,,,,,,Otra Vez,Síntesis,Chupavidas,Arraigo,Hoja Mágica,Abatidoras,Cosquillas,Meteorobola,Niebla Clara,Latigazo,Bomba Ácida,Eructo,Absorbefuerza,,,,,,,,,,,,,,,,,,,,,,,,,,,,,,,,,,,,,,,,,,,,,,,,,,,,,,,,,,,,,,,,,,,,,,,,,,,,,,,,,,,,,,,,Ronquido,Atadura,Abatidoras,Bilis,Síntesis,Bomba Germen,Desarme,Golpe Bajo,,,,,,,,,,,,,,,,,,,,,,,,,,,,,,,,,,,,,,,,,,,,,,,,,,,,,,,,,,,,,,,,,,,,,,,,,,,,,,,,,,,,,,,,,,,,
Tentacool,72,72,0,Agua,Veneno,Water 3,Water 3,Ningún objeto,Ningún objeto,Flecha Venenosa,Lodo Líquido,Cura Lluvia,Ensañamiento,40,40,35,50,100,70,1,Pistola Agua,1,Picotazo Veneno,1,Supersónico,4,Restricción,7,Ácido,10,Púas Tóxicas,13,Hidropulso,16,Constricción,19,Megaagotar,22,Rayo Burbuja,28,Infortunio,28,Puya Nociva,31,Agua Lodosa,31,Barrera,32,Armadura Ácida,34,Bomba Lodo,37,Chirrido,40,Surf,40,Gigadrenado,43,Hidrobomba,44,Onda Tóxica,,,,,,,,,,,,,,,,,,,,,,,,,,,,,,,,,,,,,,,,,,,,,,,,,,,,,,,,,,,Hidropulso,Tóxico,Granizo,Rayo Hielo,Ventisca,Protección,Danza Lluvia,Gigadrenado,Velo Sagrado,Comesueños,Doble Equipo,Bomba Lodo,Atracción,Ladrón,Salmuera,Escaldar,Vendetta,Danza Espada,Puya Nociva,Corte,Surf,Cascada,,,,,,,,,,,,,,,,,,,,,,,,,,,,,,,,,,,,,,,,,,,,,,,,,,,,,,,,,,,,,,,,,,,,,,,,,,,,,,,,,,,,,,,,,,,,,,,,,,,,,,,,,,,,,,,,,,,,,,,,,,,,,,,,,,,,,,Acupresión,Acua Aro,Rayo Aurora,Rayo Confuso,Niebla,Desarme,Manto Espejo,Giro Rápido,Cosquillas,Agua Lodosa,Burbuja,,,,,,,,,,,,,,,,,,,,,,,,,,,,,,,,,,,,,,,,,,,,,,,,,,,,,,,,,,,,,,,,,,,,,,,,,,,,,,,,,,,,,,,,,,Ronquido,Atadura,Buceo,Capa Mágica,Viento Hielo,Desarme,,,,,,,,,,,,,,,,,,,,,,,,,,,,,,,,,,,,,,,,,,,,,,,,,,,,,,,,,,,,,,,,,,,,,,,,,,,,,,,,,,,,,,,,,,,,,,
Tentacruel,73,73,0,Agua,Veneno,Water 3,Water 3,Ningún objeto,Ningún objeto,Flecha Venenosa,Lodo Líquido,Cura Lluvia,Ensañamiento,80,70,65,80,120,100,1,Constricción,1,Ácido,1,Pistola Agua,1,Picotazo Veneno,1,Clonatipo,1,Supersónico,4,Restricción,7,Ácido,10,Púas Tóxicas,13,Hidropulso,16,Constricción,19,Megaagotar,22,Rayo Burbuja,28,Infortunio,28,Puya Nociva,32,Agua Lodosa,34,Armadura Ácida,36,Bomba Lodo,36,Barrera,38,Desarme,40,Chirrido,44,Gigadrenado,46,Surf,48,Hidrobomba,52,Onda Tóxica,,,,,,,,,,,,,,,,,,,,,,,,,,,,,,,,,,,,,,,,,,,,,,,,,,,Hidropulso,Tóxico,Granizo,Rayo Hielo,Ventisca,Hiperrayo,Protección,Danza Lluvia,Gigadrenado,Velo Sagrado,Comesueños,Doble Equipo,Bomba Lodo,Atracción,Ladrón,Salmuera,Escaldar,Vendetta,Gigaimpacto,Danza Espada,Puya Nociva,Corte,Surf,Cascada,,,,,,,,,,,,,,,,,,,,,,,,,,,,,,,,,,,,,,,,,,,,,,,,,,,,,,,,,,,,,,,,,,,,,,,,,,,,,,,,,,,,,,,,,,,,,,,,,,,,,,,,,,,,,,,,,,,,,,,,,,,,,,,,,,,,Acupresión,Acua Aro,Rayo Aurora,Rayo Confuso,Niebla,Desarme,Manto Espejo,Giro Rápido,Cosquillas,Agua Lodosa,Burbuja,,,,,,,,,,,,,,,,,,,,,,,,,,,,,,,,,,,,,,,,,,,,,,,,,,,,,,,,,,,,,,,,,,,,,,,,,,,,,,,,,,,,,,,,,,Ronquido,Atadura,Buceo,Capa Mágica,Viento Hielo,Desarme,,,,,,,,,,,,,,,,,,,,,,,,,,,,,,,,,,,,,,,,,,,,,,,,,,,,,,,,,,,,,,,,,,,,,,,,,,,,,,,,,,,,,,,,,,,,,,
Geodude,74,74,0,Roca,Tierra,Mineral,Mineral,Ningún objeto,Ningún objeto,Piedra Eterna,Cabeza Roca,Robustez,Poder Arena,40,80,100,30,30,20,1,Rizo Defensa,1,Placaje,4,Tormenta Arena,7,Pulimento,7,Magnitud,10,Lanzarrocas,12,Fortaleza,13,Terratemblor,16,Rodar,18,Antiaéreo,22,Autodestrucción,25,Avalancha,28,Trampa Rocas,31,Terremoto,34,Pedrada,37,Explosión,40,Doble Filo,43,Roca Afilada,46,Machada,,,,,,,,,,,,,,,,,,,,,,,,,,,,,,,,,,,,,,,,,,,,,,,,,,,,,,,,,,,,,,,Puño Certero,Tóxico,Día Soleado,Protección,Terremoto,Excavar,Demolición,Doble Equipo,Lanzallamas,Tormenta Arena,Llamarada,Tumba Rocas,Atracción,Lanzamiento,Explosión,Pulimento,Roca Afilada,Giro Bola,Trampa Rocas,Avalancha,Vozarrón,Fuerza,Golpe Roca,Treparrocas,,,,,,,,,,,,,,,,,,,,,,,,,,,,,,,,,,,,,,,,,,,,,,,,,,,,,,,,,,,,,,,,,,,,,,,,,,,,,,,,,,,,,,,,,,,,,,,,,,,,,,,,,,,,,,,,,,,,,,,,,,,,,,,,,,,,Megapuño,Bloqueo,Machada,Azote,Maldición,Aligerar,Vasta Guardia,,,,,,,,,,,,,,,,,,,,,,,,,,,,,,,,,,,,,,,,,,,,,,,,,,,,,,,,,,,,,,,,,,,,,,,,,,,,,,,,,,,,,,,,,,,,,,Ronquido,Terratemblor,Cambio de Banda,Rodar,Bofetón Lodo,Bloqueo,Autodestrucción,Poder Pasado,Puño Fuego,Puño Trueno,Defensa Férrea,Sísmico,Puño Incremento,Fuerza Bruta,Golpe Bajo,Tierra Viva,,,,,,,,,,,,,,,,,,,,,,,,,,,,,,,,,,,,,,,,,,,,,,,,,,,,,,,,,,,,,,,,,,,,,,,,,,,,,,,,,,,,
Graveler,75,75,0,Roca,Tierra,Mineral,Mineral,Ningún objeto,Ningún objeto,Piedra Eterna,Cabeza Roca,Robustez,Poder Arena,55,95,115,45,45,35,1,Rizo Defensa,1,Placaje,4,Tormenta Arena,7,Pulimento,7,Magnitud,10,Lanzarrocas,12,Fortaleza,13,Terratemblor,16,Rodar,18,Antiaéreo,22,Autodestrucción,25,Giro Bola,26,Avalancha,30,Trampa Rocas,34,Terremoto,38,Pedrada,42,Explosión,46,Doble Filo,50,Roca Afilada,54,Machada,,,,,,,,,,,,,,,,,,,,,,,,,,,,,,,,,,,,,,,,,,,,,,,,,,,,,,,,,,,,,Puño Certero,Tóxico,Día Soleado,Protección,Terremoto,Excavar,Demolición,Doble Equipo,Lanzallamas,Tormenta Arena,Llamarada,Tumba Rocas,Atracción,Lanzamiento,Explosión,Pulimento,Roca Afilada,Giro Bola,Trampa Rocas,Avalancha,Vozarrón,Fuerza,Golpe Roca,Treparrocas,,,,,,,,,,,,,,,,,,,,,,,,,,,,,,,,,,,,,,,,,,,,,,,,,,,,,,,,,,,,,,,,,,,,,,,,,,,,,,,,,,,,,,,,,,,,,,,,,,,,,,,,,,,,,,,,,,,,,,,,,,,,,,,,,,,,Megapuño,Bloqueo,Machada,Azote,Maldición,Aligerar,Vasta Guardia,,,,,,,,,,,,,,,,,,,,,,,,,,,,,,,,,,,,,,,,,,,,,,,,,,,,,,,,,,,,,,,,,,,,,,,,,,,,,,,,,,,,,,,,,,,,,,Ronquido,Terratemblor,Cambio de Banda,Rodar,Bofetón Lodo,Bloqueo,Autodestrucción,Pataleta,Poder Pasado,Puño Fuego,Puño Trueno,Defensa Férrea,Sísmico,Puño Incremento,Fuerza Bruta,Golpe Bajo,Tierra Viva,,,,,,,,,,,,,,,,,,,,,,,,,,,,,,,,,,,,,,,,,,,,,,,,,,,,,,,,,,,,,,,,,,,,,,,,,,,,,,,,,,,
Golem,76,76,0,Roca,Tierra,Mineral,Mineral,Ningún objeto,Ningún objeto,Piedra Eterna,Cabeza Roca,Robustez,Poder Arena,80,120,130,55,65,45,1,Rizo Defensa,1,Placaje,1,Puño Fuego,1,Puño Trueno,1,Cabeza de Hierro,4,Tormenta Arena,7,Pulimento,7,Magnitud,10,Lanzarrocas,12,Fortaleza,13,Terratemblor,16,Rodar,18,Antiaéreo,22,Autodestrucción,25,Giro Bola,26,Avalancha,30,Trampa Rocas,34,Terremoto,38,Pedrada,42,Explosión,46,Doble Filo,50,Roca Afilada,54,Machada,60,Cuerpo Pesado,,,,,,,,,,,,,,,,,,,,,,,,,,,,,,,,,,,,,,,,,,,,,,,,,,,,,Puño Certero,Rugido,Tóxico,Día Soleado,Hiperrayo,Protección,Terremoto,Excavar,Demolición,Doble Equipo,Lanzallamas,Tormenta Arena,Llamarada,Tumba Rocas,Imagen,Atracción,Onda Certera,Lanzamiento,Explosión,Gigaimpacto,Pulimento,Roca Afilada,Giro Bola,Trampa Rocas,Avalancha,Vozarrón,Fuerza,Golpe Roca,Treparrocas,,,,,,,,,,,,,,,,,,,,,,,,,,,,,,,,,,,,,,,,,,,,,,,,,,,,,,,,,,,,,,,,,,,,,,,,,,,,,,,,,,,,,,,,,,,,,,,,,,,,,,,,,,,,,,,,,,,,,,,,,,,,,,,Megapuño,Bloqueo,Machada,Azote,Maldición,Aligerar,Vasta Guardia,,,,,,,,,,,,,,,,,,,,,,,,,,,,,,,,,,,,,,,,,,,,,,,,,,,,,,,,,,,,,,,,,,,,,,,,,,,,,,,,,,,,,,,,,,,,,,Ronquido,Terratemblor,Cambio de Banda,Rodar,Bofetón Lodo,Púas,Bloqueo,Autodestrucción,Corte Furia,Pataleta,Poder Pasado,Puño Fuego,Puño Trueno,Defensa Férrea,Sísmico,Cabeza de Hierro,Puño Incremento,Fuerza Bruta,Golpe Bajo,Tierra Viva,,,,,,,,,,,,,,,,,,,,,,,,,,,,,,,,,,,,,,,,,,,,,,,,,,,,,,,,,,,,,,,,,,,,,,,,,,,,,,,,
Ponyta,77,77,0,Fuego,,Field,Field,Ningún objeto,Ningún objeto,Ningún objeto,Cuerpo Llama,Absorbe Fuego,Audaz,50,85,55,65,65,90,1,Gruñido,1,Placaje,1,Látigo,7,Ascuas,10,Pisotón,13,Doble Patada,15,Nitrocarga,16,Rueda Fuego,19,Derribo,22,Giro Fuego,25,Agilidad,28,Hipnosis,31,Patada Baja,34,Envite Ígneo,37,Doble Filo,40,Bote,45,Infierno,46,Llamarada,,,,,,,,,,,,,,,,,,,,,,,,,,,,,,,,,,,,,,,,,,,,,,,,,,,,,,,,,,,,,,,,,Tóxico,Día Soleado,Protección,Rayo Solar,Cola Férrea,Doble Equipo,Lanzallamas,Llamarada,Imagen,Atracción,Sofoco,Fuego Fatuo,Fuerza,,,,,,,,,,,,,,,,,,,,,,,,,,,,,,,,,,,,,,,,,,,,,,,,,,,,,,,,,,,,,,,,,,,,,,,,,,,,,,,,,,,,,,,,,,,,,,,,,,,,,,,,,,,,,,,,,,,,,,,,,,,,,,,,,,,,,,,,,,,,,,,Golpe,Doble Patada,Hipnosis,Doble Filo,Perforador,Sol Matinal,Rueda Fuego,Encanto,Patada Baja,Cambio de Banda,Fuerza Equina,,,,,,,,,,,,,,,,,,,,,,,,,,,,,,,,,,,,,,,,,,,,,,,,,,,,,,,,,,,,,,,,,,,,,,,,,,,,,,,,,,,,,,,,,,Ronquido,Cambio de Banda,Bote,Meteoros,Patada Baja,Onda Ígnea,,,,,,,,,,,,,,,,,,,,,,,,,,,,,,,,,,,,,,,,,,,,,,,,,,,,,,,,,,,,,,,,,,,,,,,,,,,,,,,,,,,,,,,,,,,,,,
Rapidash,78,78,0,Fuego,,Field,Field,Ningún objeto,Ningún objeto,Ningún objeto,Cuerpo Llama,Absorbe Fuego,Audaz,65,100,70,80,80,105,0,Cuerno Certero,1,Puya Nociva,1,Látigo,1,Gruñido,1,Ataque Rápido,1,Placaje,1,Megacuerno,1,Taladradora,1,Cuerno Certero,7,Ascuas,10,Pisotón,13,Doble Patada,15,Nitrocarga,16,Rueda Fuego,19,Derribo,22,Giro Fuego,25,Agilidad,28,Hipnosis,31,Patada Baja,34,Envite Ígneo,35,Ataque Furia,38,Doble Filo,42,Bote,49,Infierno,50,Llamarada,,,,,,,,,,,,,,,,,,,,,,,,,,,,,,,,,,,,,,,,,,,,,,,,,,,Tóxico,Día Soleado,Hiperrayo,Protección,Rayo Solar,Cola Férrea,Doble Equipo,Lanzallamas,Llamarada,Imagen,Atracción,Sofoco,Fuego Fatuo,Gigaimpacto,Danza Espada,Puya Nociva,Fuerza,,,,,,,,,,,,,,,,,,,,,,,,,,,,,,,,,,,,,,,,,,,,,,,,,,,,,,,,,,,,,,,,,,,,,,,,,,,,,,,,,,,,,,,,,,,,,,,,,,,,,,,,,,,,,,,,,,,,,,,,,,,,,,,,,,,,,,,,,,,Golpe,Doble Patada,Hipnosis,Doble Filo,Perforador,Sol Matinal,Rueda Fuego,Encanto,Patada Baja,Cambio de Banda,Fuerza Equina,,,,,,,,,,,,,,,,,,,,,,,,,,,,,,,,,,,,,,,,,,,,,,,,,,,,,,,,,,,,,,,,,,,,,,,,,,,,,,,,,,,,,,,,,,Ronquido,Cambio de Banda,Bote,Meteoros,Patada Baja,Taladradora,Arenas Ardientes,Onda Ígnea,,,,,,,,,,,,,,,,,,,,,,,,,,,,,,,,,,,,,,,,,,,,,,,,,,,,,,,,,,,,,,,,,,,,,,,,,,,,,,,,,,,,,,,,,,,,
Slowpoke,79,79,0,Agua,Psíquico,Monster,Water 1,Ningún objeto,Ningún objeto,Cola Plúmbea,Despiste,Ritmo Propio,Regeneración,90,65,65,40,40,15,1,Maldición,1,Placaje,1,Bostezo,1,Teletransporte,4,Gruñido,7,Pistola Agua,10,Confusión,13,Anulación,16,Golpe Cabeza,19,Hidropulso,22,Cabezazo Zen,25,Acua Cola,28,Relajo,30,Surf,31,Amnesia,34,Psíquico,37,Danza Lluvia,40,Autosugestión,43,Premonición,45,Pulso Cura,46,Espacio Raro,,,,,,,,,,,,,,,,,,,,,,,,,,,,,,,,,,,,,,,,,,,,,,,,,,,,,,,,,,,Hidropulso,Paz Mental,Tóxico,Granizo,Día Soleado,Rayo Hielo,Ventisca,Pantalla de Luz,Protección,Danza Lluvia,Velo Sagrado,Cola Férrea,Terremoto,Excavar,Psíquico,Bola Sombra,Doble Equipo,Lanzallamas,Llamarada,Atracción,Intercambio,Salmuera,Escaldar,Reciclaje,Destello,Onda Trueno,Autosugestión,Vozarrón,Brillo Mágico,Hierba Lazo,Espacio Raro,Surf,Fuerza,Cascada,,,,,,,,,,,,,,,,,,,,,,,,,,,,,,,,,,,,,,,,,,,,,,,,,,,,,,,,,,,,,,,,,,,,,,,,,,,,,,,,,,,,,,,,,,,,,,,,,,,,,,,,,,,,,,,,,,,,,,,,,,Eructo,Tambor,Bloqueo,Pisotón,Premonición,Ronquido,Cabezazo Zen,Zona Extraña,,,,,,,,,,,,,,,,,,,,,,,,,,,,,,,,,,,,,,,,,,,,,,,,,,,,,,,,,,,,,,,,,,,,,,,,,,,,,,,,,,,,,,,,,,,,,Ronquido,Cede Paso,Terratemblor,Bofetón Lodo,Bloqueo,Rayo Señal,Zona Extraña,Buceo,Cabezazo Zen,Capa Mágica,Meteoros,Truco,Acua Cola,Viento Hielo,Electrocañón,,,,,,,,,,,,,,,,,,,,,,,,,,,,,,,,,,,,,,,,,,,,,,,,,,,,,,,,,,,,,,,,,,,,,,,,,,,,,,,,,,,,,
Slowbro,80,80,0,Agua,Psíquico,Monster,Water 1,Ningún objeto,Ningún objeto,Roca del Rey,Despiste,Ritmo Propio,Regeneración,95,75,110,100,80,30,1,Pistola Agua,1,Gruñido,1,Maldición,1,Placaje,1,Refugio,1,Bostezo,1,Teletransporte,4,Gruñido,7,Pistola Agua,10,Confusión,13,Anulación,16,Golpe Cabeza,19,Hidropulso,22,Cabezazo Zen,25,Acua Cola,28,Relajo,30,Surf,31,Amnesia,33,Refugio,35,Psíquico,39,Danza Lluvia,43,Autosugestión,47,Premonición,51,Pulso Cura,51,Espacio Raro,,,,,,,,,,,,,,,,,,,,,,,,,,,,,,,,,,,,,,,,,,,,,,,,,,,Puño Certero,Hidropulso,Paz Mental,Tóxico,Granizo,Día Soleado,Rayo Hielo,Ventisca,Hiperrayo,Pantalla de Luz,Protección,Danza Lluvia,Velo Sagrado,Cola Férrea,Terremoto,Excavar,Psíquico,Bola Sombra,Demolición,Doble Equipo,Lanzallamas,Llamarada,Golpe Aéreo,Atracción,Intercambio,Salmuera,Onda Certera,Escaldar,Lanzamiento,Puño Drenaje,Maquinación,Reciclaje,Gigaimpacto,Destello,Alud,Onda Trueno,Autosugestión,Vozarrón,Brillo Mágico,Hierba Lazo,Espacio Raro,Surf,Fuerza,Golpe Roca,Cascada,,,,,,,,,,,,,,,,,,,,,,,,,,,,,,,,,,,,,,,,,,,,,,,,,,,,,,,,,,,,,,,,,,,,,,,,,,,,,,,,,,,,,,,,,,,,,,,,,,,,,,,,,,,,,,,Eructo,Tambor,Bloqueo,Pisotón,Premonición,Ronquido,Cabezazo Zen,Zona Extraña,,,,,,,,,,,,,,,,,,,,,,,,,,,,,,,,,,,,,,,,,,,,,,,,,,,,,,,,,,,,,,,,,,,,,,,,,,,,,,,,,,,,,,,,,,,,,Ronquido,Cede Paso,Terratemblor,Bofetón Lodo,Bloqueo,Corte Furia,Rayo Señal,Puño Hielo,Defensa Férrea,Zona Extraña,Sísmico,Buceo,Truco,Cabezazo Zen,Capa Mágica,Meteoros,Acua Cola,Viento Hielo,Electrocañón,Juego Sucio,,,,,,,,,,,,,,,,,,,,,,,,,,,,,,,,,,,,,,,,,,,,,,,,,,,,,,,,,,,,,,,,,,,,,,,,,,,,,,,,
Magnemite,81,81,0,Eléctrico,Acero,Mineral,Mineral,Ningún objeto,Ningún objeto,Revest. Metálico,Imán,Robustez,Cálculo Final,25,35,70,95,55,45,1,Placaje,1,Impactrueno,1,Supersónico,4,Onda Trueno,7,Bomba Imán,10,Chispa,13,Bola Voltio,16,Pantalla de Luz,19,Rayo Carga,22,Disparo Espejo,25,Eco Metálico,28,Chispazo,31,Foco Resplandor,34,Chirrido,37,Rayo,40,Fijar Blanco,43,Levitón,46,Giro Bola,49,Electrocañón,,,,,,,,,,,,,,,,,,,,,,,,,,,,,,,,,,,,,,,,,,,,,,,,,,,,,,,,,,,,,,,Tóxico,Día Soleado,Pantalla de Luz,Protección,Danza Lluvia,Rayo,Trueno,Doble Equipo,Reflejo,Onda Voltio,Imagen,Voltiocambio,Voltio Cruel,Zumbido,Explosión,Reciclaje,Destello,Onda Trueno,Giro Bola,Autosugestión,Foco Resplandor,,,,,,,,,,,,,,,,,,,,,,,,,,,,,,,,,,,,,,,,,,,,,,,,,,,,,,,,,,,,,,,,,,,,,,,,,,,,,,,,,,,,,,,,,,,,,,,,,,,,,,,,,,,,,,,,,,,,,,,,,,,,,,,,,,,,,,,,,,,,,,,,,,,,,,,,,,,,,,,,,,,,,,,,,,,,,,,,,,,,,,,,,,,,,,,,,,,,,,,,,,,,,,,,,,,,,,,,,,,,,,,,,,,,,,,,,,,Ronquido,Cambio de Banda,Rodar,Electrotela,Rayo Señal,Defensa Férrea,Levitón,Capa Mágica,Meteoros,Gravedad,Electrocañón,,,,,,,,,,,,,,,,,,,,,,,,,,,,,,,,,,,,,,,,,,,,,,,,,,,,,,,,,,,,,,,,,,,,,,,,,,,,,,,,,,,,,,,,,
Magneton,82,82,0,Eléctrico,Acero,Mineral,Mineral,Ningún objeto,Ningún objeto,Revest. Metálico,Imán,Robustez,Cálculo Final,50,60,95,120,70,70,0,Triataque,1,Supersónico,1,Placaje,1,Impactrueno,1,Campo Eléctrico,1,Triataque,4,Onda Trueno,7,Bomba Imán,10,Chispa,13,Bola Voltio,16,Pantalla de Luz,19,Rayo Carga,22,Disparo Espejo,25,Eco Metálico,28,Chispazo,30,Triataque,33,Foco Resplandor,37,Chirrido,41,Rayo,45,Fijar Blanco,49,Levitón,53,Giro Bola,57,Electrocañón,,,,,,,,,,,,,,,,,,,,,,,,,,,,,,,,,,,,,,,,,,,,,,,,,,,,,,,Tóxico,Día Soleado,Hiperrayo,Pantalla de Luz,Protección,Danza Lluvia,Rayo,Trueno,Doble Equipo,Reflejo,Onda Voltio,Imagen,Voltiocambio,Voltio Cruel,Zumbido,Explosión,Reciclaje,Gigaimpacto,Destello,Onda Trueno,Giro Bola,Autosugestión,Foco Resplandor,,,,,,,,,,,,,,,,,,,,,,,,,,,,,,,,,,,,,,,,,,,,,,,,,,,,,,,,,,,,,,,,,,,,,,,,,,,,,,,,,,,,,,,,,,,,,,,,,,,,,,,,,,,,,,,,,,,,,,,,,,,,,,,,,,,,,,,,,,,,,,,,,,,,,,,,,,,,,,,,,,,,,,,,,,,,,,,,,,,,,,,,,,,,,,,,,,,,,,,,,,,,,,,,,,,,,,,,,,,,,,,,,,,,,,,,,Ronquido,Cambio de Banda,Rodar,Electrotela,Rayo Señal,Defensa Férrea,Levitón,Capa Mágica,Meteoros,Gravedad,Electrocañón,,,,,,,,,,,,,,,,,,,,,,,,,,,,,,,,,,,,,,,,,,,,,,,,,,,,,,,,,,,,,,,,,,,,,,,,,,,,,,,,,,,,,,,,,
Farfetch'd,83,83,0,Lucha,Volador,Flying,Field,Ningún objeto,Ningún objeto,Puerro,Afortunado,Vista Lince,Competitivo,55,110,60,55,60,110,1,Ataque Arena,1,Picotazo,1,Malicioso,1,Corte Furia,7,Ataque Furia,10,Golpe Aéreo,13,Desarme,15,Corte,16,Danza Espada,16,Agilidad,19,Aire Afilado,22,Cuchillada,22,Tajo Umbrío,25,Desquite,28,Hoja Aguda,31,Puya Nociva,34,Tajo Aéreo,37,Falso Tortazo,40,Amago,43,Pájaro Osado,46,Doble Filo,49,A Bocajarro,,,,,,,,,,,,,,,,,,,,,,,,,,,,,,,,,,,,,,,,,,,,,,,,,,,,,,,,,Tóxico,Poder Oculto,Día Soleado,Protección,Cola Férrea,Demolición,Doble Equipo,Golpe Aéreo,Atracción,Ladrón,Ala de Acero,Respiro,Onda Certera,Falso Tortazo,Aguante,Danza Espada,Autosugestión,Puya Nociva,Vendaval,Ida y Vuelta,Corte,Vuelo,Despejar,,,,,,,,,,,,,,,,,,,,,,,,,,,,,,,,,,,,,,,,,,,,,,,,,,,,,,,,,,,,,,,,,,,,,,,,,,,,,,,,,,,,,,,,,,,,,,,,,,,,,,,,,,,,,,,,,,,,,,,,,,,,,,,,,,,,,Tornado,Ataque Rápido,Azote,Danza Pluma,Maldición,Antojo,Tajo Umbrío,Onda Simple,Sacrificio,Amago,Ataque Aéreo,Bofetón Lodo,Hoja Aguda,Desquite,Ala Bis,,,,,,,,,,,,,,,,,,,,,,,,,,,,,,,,,,,,,,,,,,,,,,,,,,,,,,,,,,,,,,,,,,,,,,,,,,,,,,,,,,,,,,Ronquido,Refuerzo,Antojo,Aire Afilado,Bofetón Lodo,Ala Bis,Aguzar,Corte Furia,Alboroto,Viento Aciago,Ataque Aéreo,Viento Afín,Meteoros,Onda Ígnea,Desarme,Última Baza,Ciclón,,,,,,,,,,,,,,,,,,,,,,,,,,,,,,,,,,,,,,,,,,,,,,,,,,,,,,,,,,,,,,,,,,,,,,,,,,,,,,,,,,,
Doduo,84,84,0,Normal,Volador,Flying,Flying,Ningún objeto,Ningún objeto,Pico Afilado,Tumbos,Liviano,Autoestima,35,85,45,35,35,75,1,Gruñido,1,Picotazo,1,Ataque Rápido,8,Malicioso,9,Ataque Furia,15,Ataque Ala,15,Picoteo,18,Doble Golpe,21,Agilidad,27,Alboroto,30,Pico Taladro,33,Acupresión,33,Patada Salto,36,Danza Espada,39,Plancha,42,Esfuerzo,45,Golpe,48,Pájaro Osado,,,,,,,,,,,,,,,,,,,,,,,,,,,,,,,,,,,,,,,,,,,,,,,,,,,,,,,,,,,,,,,,,Tóxico,Poder Oculto,Día Soleado,Protección,Doble Equipo,Golpe Aéreo,Atracción,Ladrón,Ala de Acero,Respiro,Danza Espada,Vuelo,,,,,,,,,,,,,,,,,,,,,,,,,,,,,,,,,,,,,,,,,,,,,,,,,,,,,,,,,,,,,,,,,,,,,,,,,,,,,,,,,,,,,,,,,,,,,,,,,,,,,,,,,,,,,,,,,,,,,,,,,,,,,,,,,,,,,,,,,,,,,,,,Ataque Rápido,Supersónico,Niebla,Azote,Esfuerzo,Pájaro Osado,Buena Baza,Finta,,,,,,,,,,,,,,,,,,,,,,,,,,,,,,,,,,,,,,,,,,,,,,,,,,,,,,,,,,,,,,,,,,,,,,,,,,,,,,,,,,,,,,,,,,,,,Ronquido,Aire Afilado,Bofetón Lodo,Alboroto,Ataque Aéreo,Meteoros,Desarme,Esfuerzo,,,,,,,,,,,,,,,,,,,,,,,,,,,,,,,,,,,,,,,,,,,,,,,,,,,,,,,,,,,,,,,,,,,,,,,,,,,,,,,,,,,,,,,,,,,,
Dodrio,85,85,0,Normal,Volador,Flying,Flying,Ningún objeto,Ningún objeto,Pico Afilado,Tumbos,Liviano,Autoestima,60,110,70,60,60,110,0,Triataque,1,Ataque Rápido,1,Gruñido,1,Picotazo,1,Triataque,8,Malicioso,9,Ataque Furia,15,Ataque Ala,15,Picoteo,18,Doble Golpe,21,Agilidad,27,Alboroto,30,Pico Taladro,34,Patada Salto,37,Acupresión,40,Danza Espada,43,Plancha,46,Esfuerzo,50,Golpe,54,Pájaro Osado,54,Pat. Salto Alta,,,,,,,,,,,,,,,,,,,,,,,,,,,,,,,,,,,,,,,,,,,,,,,,,,,,,,,,,,,Tóxico,Poder Oculto,Día Soleado,Mofa,Hiperrayo,Protección,Doble Equipo,Golpe Aéreo,Tormento,Atracción,Ladrón,Ala de Acero,Respiro,Vendetta,Gigaimpacto,Danza Espada,Vuelo,,,,,,,,,,,,,,,,,,,,,,,,,,,,,,,,,,,,,,,,,,,,,,,,,,,,,,,,,,,,,,,,,,,,,,,,,,,,,,,,,,,,,,,,,,,,,,,,,,,,,,,,,,,,,,,,,,,,,,,,,,,,,,,,,,,,,,,,,,,Ataque Rápido,Supersónico,Niebla,Azote,Esfuerzo,Pájaro Osado,Buena Baza,Finta,,,,,,,,,,,,,,,,,,,,,,,,,,,,,,,,,,,,,,,,,,,,,,,,,,,,,,,,,,,,,,,,,,,,,,,,,,,,,,,,,,,,,,,,,,,,,Ronquido,Aire Afilado,Bofetón Lodo,Alboroto,Pataleta,Ataque Aéreo,Meteoros,Desarme,Esfuerzo,,,,,,,,,,,,,,,,,,,,,,,,,,,,,,,,,,,,,,,,,,,,,,,,,,,,,,,,,,,,,,,,,,,,,,,,,,,,,,,,,,,,,,,,,,,
Seel,86,86,0,Agua,,Water 1,Field,Ningún objeto,Ningún objeto,Ningún objeto,Sebo,Nado Rápido,Gélido,65,45,55,45,70,45,1,Golpe Cabeza,1,Gruñido,1,Sorpresa,1,Carámbano,7,Pistola Agua,9,Viento Hielo,11,Otra Vez,13,Acua Jet,15,Esquirla Helada,18,Rayo Aurora,21,Descanso,23,Acua Aro,25,Acua Cola,28,Rayo Hielo,31,Derribo,33,Taladradora,33,Salmuera,35,Velo Sagrado,38,Buceo,41,Granizo,43,Megacuerno,,,,,,,,,,,,,,,,,,,,,,,,,,,,,,,,,,,,,,,,,,,,,,,,,,,,,,,,,,,Hidropulso,Tóxico,Granizo,Rayo Hielo,Ventisca,Protección,Danza Lluvia,Velo Sagrado,Cola Férrea,Doble Equipo,Atracción,Ladrón,Escaldar,Lanzamiento,Surf,Cascada,,,,,,,,,,,,,,,,,,,,,,,,,,,,,,,,,,,,,,,,,,,,,,,,,,,,,,,,,,,,,,,,,,,,,,,,,,,,,,,,,,,,,,,,,,,,,,,,,,,,,,,,,,,,,,,,,,,,,,,,,,,,,,,,,,,,,,,,,,,,Lengüetazo,Canto Mortal,Anulación,Perforador,Atizar,Otra Vez,Sorpresa,Carámbano,Reserva,Tragar,Escupir,Eructo,Danza Amiga,Rayo Señal,,,,,,,,,,,,,,,,,,,,,,,,,,,,,,,,,,,,,,,,,,,,,,,,,,,,,,,,,,,,,,,,,,,,,,,,,,,,,,,,,,,,,,,Ronquido,Refuerzo,Rayo Señal,Buceo,Taladradora,Acua Cola,Viento Hielo,,,,,,,,,,,,,,,,,,,,,,,,,,,,,,,,,,,,,,,,,,,,,,,,,,,,,,,,,,,,,,,,,,,,,,,,,,,,,,,,,,,,,,,,,,,,,
Dewgong,87,87,0,Agua,Hielo,Water 1,Field,Ningún objeto,Ningún objeto,Ningún objeto,Sebo,Nado Rápido,Nevada,90,80,80,80,95,70,0,Frío Polar,1,Pistola Agua,1,Viento Hielo,1,Rayo Burbuja,1,Gruñido,1,Golpe Cabeza,1,Sorpresa,1,Carámbano,1,Frío Polar,7,Rayo Burbuja,7,Rayo Señal,9,Viento Hielo,11,Otra Vez,13,Acua Jet,15,Esquirla Helada,18,Rayo Aurora,21,Descanso,23,Acua Aro,25,Acua Cola,28,Rayo Hielo,31,Derribo,33,Taladradora,33,Salmuera,34,Chuzos,35,Velo Sagrado,41,Chuzos,41,Buceo,45,Granizo,49,Megacuerno,53,Frío Polar,,,,,,,,,,,,,,,,,,,,,,,,,,,,,,,,,,,,,,,,,Hidropulso,Tóxico,Granizo,Rayo Hielo,Ventisca,Hiperrayo,Protección,Danza Lluvia,Velo Sagrado,Cola Férrea,Doble Equipo,Atracción,Ladrón,Escaldar,Lanzamiento,Gigaimpacto,Alud,Surf,Cascada,,,,,,,,,,,,,,,,,,,,,,,,,,,,,,,,,,,,,,,,,,,,,,,,,,,,,,,,,,,,,,,,,,,,,,,,,,,,,,,,,,,,,,,,,,,,,,,,,,,,,,,,,,,,,,,,,,,,,,,,,,,,,,,,,,,,,,,,,Lengüetazo,Canto Mortal,Anulación,Perforador,Atizar,Otra Vez,Sorpresa,Carámbano,Reserva,Tragar,Escupir,Eructo,Danza Amiga,Rayo Señal,,,,,,,,,,,,,,,,,,,,,,,,,,,,,,,,,,,,,,,,,,,,,,,,,,,,,,,,,,,,,,,,,,,,,,,,,,,,,,,,,,,,,,,Ronquido,Refuerzo,Rayo Señal,Buceo,Taladradora,Acua Cola,Viento Hielo,Hidroariete,,,,,,,,,,,,,,,,,,,,,,,,,,,,,,,,,,,,,,,,,,,,,,,,,,,,,,,,,,,,,,,,,,,,,,,,,,,,,,,,,,,,,,,,,,,,
Grimer,88,88,0,Veneno,,Amorphous,Amorphous,Ningún objeto,Ningún objeto,Lodo Negro,Hedor,Baba,Toque Tóxico,80,80,50,40,50,25,1,Gas Venenoso,1,Destructor,1,Maldición,4,Fortaleza,7,Bofetón Lodo,10,Anulación,13,Residuos,16,Bomba Fango,18,Polución,19,Reducción,22,Sombra Vil,25,Lanzamiento,28,Puya Nociva,31,Vendetta,32,Onda Tóxica,34,Chirrido,37,Bomba Lodo,40,Armadura Ácida,43,Lanzamugre,46,Eructo,46,Legado,,,,,,,,,,,,,,,,,,,,,,,,,,,,,,,,,,,,,,,,,,,,,,,,,,,,,,,,,,,Tóxico,Día Soleado,Mofa,Protección,Danza Lluvia,Gigadrenado,Rayo,Trueno,Excavar,Bola Sombra,Doble Equipo,Onda Voltio,Lanzallamas,Bomba Lodo,Llamarada,Tumba Rocas,Tormento,Atracción,Ladrón,Lanzamiento,Explosión,Vendetta,Avalancha,Puya Nociva,Fuerza,,,,,,,,,,,,,,,,,,,,,,,,,,,,,,,,,,,,,,,,,,,,,,,,,,,,,,,,,,,,,,,,,,,,,,,,,,,,,,,,,,,,,,,,,,,,,,,,,,,,,,,,,,,,,,,,,,,,,,,,,,,,,,,,,,,Niebla,Mal de Ojo,Lengüetazo,Sellar,Maldición,Puño Sombra,Sombra Vil,Reserva,Tragar,Escupir,Cara Susto,Bomba Ácida,Puño Incremento,,,,,,,,,,,,,,,,,,,,,,,,,,,,,,,,,,,,,,,,,,,,,,,,,,,,,,,,,,,,,,,,,,,,,,,,,,,,,,,,,,,,,,,,Ronquido,Refuerzo,Bofetón Lodo,Autodestrucción,Puño Fuego,Puño Hielo,Puño Trueno,Divide Dolor,Puño Incremento,Electrocañón,Lanzamugre,,,,,,,,,,,,,,,,,,,,,,,,,,,,,,,,,,,,,,,,,,,,,,,,,,,,,,,,,,,,,,,,,,,,,,,,,,,,,,,,,,,,,,,,,
Muk,89,89,0,Veneno,,Amorphous,Amorphous,Lodo Negro,Ningún objeto,Ningún objeto,Hedor,Baba,Toque Tóxico,105,105,75,65,100,50,0,Trampa Venenosa,1,Gas Venenoso,1,Destructor,1,Niebla,1,Maldición,1,Fuerza Lunar,1,Trampa Venenosa,4,Fortaleza,7,Bofetón Lodo,10,Anulación,13,Residuos,16,Bomba Fango,18,Polución,19,Reducción,22,Sombra Vil,25,Lanzamiento,28,Puya Nociva,31,Vendetta,32,Onda Tóxica,34,Chirrido,38,Bomba Lodo,42,Armadura Ácida,46,Lanzamugre,50,Legado,52,Eructo,,,,,,,,,,,,,,,,,,,,,,,,,,,,,,,,,,,,,,,,,,,,,,,,,,,Puño Certero,Tóxico,Día Soleado,Mofa,Hiperrayo,Protección,Danza Lluvia,Gigadrenado,Rayo,Trueno,Excavar,Bola Sombra,Demolición,Doble Equipo,Onda Voltio,Lanzallamas,Bomba Lodo,Llamarada,Tumba Rocas,Tormento,Atracción,Ladrón,Onda Certera,Lanzamiento,Explosión,Vendetta,Gigaimpacto,Pulso Umbrío,Avalancha,Puya Nociva,Fuerza,Golpe Roca,,,,,,,,,,,,,,,,,,,,,,,,,,,,,,,,,,,,,,,,,,,,,,,,,,,,,,,,,,,,,,,,,,,,,,,,,,,,,,,,,,,,,,,,,,,,,,,,,,,,,,,,,,,,,,,,,,,,,,,,,,,,Niebla,Mal de Ojo,Lengüetazo,Sellar,Maldición,Puño Sombra,Sombra Vil,Reserva,Tragar,Escupir,Cara Susto,Bomba Ácida,Puño Incremento,,,,,,,,,,,,,,,,,,,,,,,,,,,,,,,,,,,,,,,,,,,,,,,,,,,,,,,,,,,,,,,,,,,,,,,,,,,,,,,,,,,,,,,,Ronquido,Refuerzo,Bofetón Lodo,Bloqueo,Autodestrucción,Puño Fuego,Puño Hielo,Puño Trueno,Divide Dolor,Puño Incremento,Electrocañón,Lanzamugre,,,,,,,,,,,,,,,,,,,,,,,,,,,,,,,,,,,,,,,,,,,,,,,,,,,,,,,,,,,,,,,,,,,,,,,,,,,,,,,,,,,,,,,,
Shellder,90,90,0,Agua,,Water 3,Water 3,Perla,Ningún objeto,Perla Grande,Encadenado,Caparazón,Gélido,30,65,100,45,25,40,1,Pistola Agua,1,Placaje,1,Refugio,4,Pistola Agua,7,Supersónico,13,Protección,15,Carámbano,17,Malicioso,19,Rayo Burbuja,22,Tenaza,23,Esquirla Helada,25,Rayo Aurora,27,Torbellino,29,Defensa Férrea,32,Concha Filo,33,Rayo Hielo,35,Acua Aro,37,Hidrobomba,44,Rompecoraza,,,,,,,,,,,,,,,,,,,,,,,,,,,,,,,,,,,,,,,,,,,,,,,,,,,,,,,,,,,,,,,Hidropulso,Tóxico,Granizo,Rayo Hielo,Ventisca,Protección,Danza Lluvia,Doble Equipo,Atracción,Escaldar,Explosión,Vendetta,Alud,Surf,Cascada,,,,,,,,,,,,,,,,,,,,,,,,,,,,,,,,,,,,,,,,,,,,,,,,,,,,,,,,,,,,,,,,,,,,,,,,,,,,,,,,,,,,,,,,,,,,,,,,,,,,,,,,,,,,,,,,,,,,,,,,,,,,,,,,,,,,,,,,,,,,,Rayo Burbuja,Acua Aro,Gota Vital,Derribo,Giro Rápido,Chirrido,Carámbano,Disparo Lodo,Pedrada,Doble Ataque,,,,,,,,,,,,,,,,,,,,,,,,,,,,,,,,,,,,,,,,,,,,,,,,,,,,,,,,,,,,,,,,,,,,,,,,,,,,,,,,,,,,,,,,,,,Ronquido,Autodestrucción,Defensa Férrea,Buceo,Meteoros,Viento Hielo,Hidroariete,,,,,,,,,,,,,,,,,,,,,,,,,,,,,,,,,,,,,,,,,,,,,,,,,,,,,,,,,,,,,,,,,,,,,,,,,,,,,,,,,,,,,,,,,,,,,
Cloyster,91,91,0,Agua,Hielo,Water 3,Water 3,Perla,Ningún objeto,Perla Grande,Encadenado,Caparazón,Gélido,50,95,180,85,45,70,0,Clavo Cañón,0,Carámbano,1,Clavo Cañón,1,Carámbano,1,Placaje,1,Refugio,1,Doble Ataque,4,Pistola Agua,9,Supersónico,13,Protección,18,Rayo Burbuja,18,Púas Tóxicas,23,Malicioso,28,Concha Filo,28,Púas,33,Tenaza,38,Esquirla Helada,38,Pin Misil,43,Rayo Aurora,48,Torbellino,48,Pedrada,53,Defensa Férrea,58,Rayo Hielo,58,Chuzos,63,Acua Aro,68,Hidrobomba,73,Rompecoraza,,,,,,,,,,,,,,,,,,,,,,,,,,,,,,,,,,,,,,,,,,,,,,,Hidropulso,Tóxico,Granizo,Rayo Hielo,Ventisca,Hiperrayo,Pantalla de Luz,Protección,Danza Lluvia,Doble Equipo,Tormento,Atracción,Escaldar,Explosión,Vendetta,Gigaimpacto,Alud,Puya Nociva,Surf,Cascada,,,,,,,,,,,,,,,,,,,,,,,,,,,,,,,,,,,,,,,,,,,,,,,,,,,,,,,,,,,,,,,,,,,,,,,,,,,,,,,,,,,,,,,,,,,,,,,,,,,,,,,,,,,,,,,,,,,,,,,,,,,,,,,,,,,,,,,,Rayo Burbuja,Acua Aro,Gota Vital,Derribo,Giro Rápido,Chirrido,Carámbano,Disparo Lodo,Pedrada,Doble Ataque,,,,,,,,,,,,,,,,,,,,,,,,,,,,,,,,,,,,,,,,,,,,,,,,,,,,,,,,,,,,,,,,,,,,,,,,,,,,,,,,,,,,,,,,,,,Ronquido,Púas,Autodestrucción,Rayo Señal,Defensa Férrea,Buceo,Meteoros,Viento Hielo,Hidroariete,,,,,,,,,,,,,,,,,,,,,,,,,,,,,,,,,,,,,,,,,,,,,,,,,,,,,,,,,,,,,,,,,,,,,,,,,,,,,,,,,,,,,,,,,,,
Gastly,92,92,0,Fantasma,Veneno,Amorphous,Amorphous,Ningún objeto,Ningún objeto,Ningún objeto,Levitación,Cuerpo Maldito,Ensañamiento,30,35,30,100,35,80,1,Lengüetazo,1,Gas Venenoso,1,Mal de Ojo,1,Rencor,4,Hipnosis,7,Tinieblas,10,Polución,13,Rayo Confuso,16,Infortunio,19,Maldición,22,Golpe Bajo,25,Bola Sombra,28,Vendetta,31,Bomba Lodo,34,Comesueños,37,Pulso Umbrío,43,Mismo Destino,,,,,,,,,,,,,,,,,,,,,,,,,,,,,,,,,,,,,,,,,,,,,,,,,,,,,,,,,,,,,,,,,,,Tóxico,Día Soleado,Mofa,Protección,Danza Lluvia,Gigadrenado,Comesueños,Rayo,Psíquico,Bola Sombra,Doble Equipo,Bomba Lodo,Tormento,Atracción,Ladrón,Intercambio,Energibola,Fuego Fatuo,Explosión,Vendetta,Autosugestión,Pulso Umbrío,Puya Nociva,Brillo Mágico,Espacio Raro,,,,,,,,,,,,,,,,,,,,,,,,,,,,,,,,,,,,,,,,,,,,,,,,,,,,,,,,,,,,,,,,,,,,,,,,,,,,,,,,,,,,,,,,,,,,,,,,,,,,,,,,,,,,,,,,,,,,,,,,,,,,,,,,,,,Canto Mortal,Niebla,Impresionar,Rabia,Anulación,Niebla Clara,Polución,Clonatipo,Puño Fuego,Puño Hielo,Puño Trueno,Cara Susto,,,,,,,,,,,,,,,,,,,,,,,,,,,,,,,,,,,,,,,,,,,,,,,,,,,,,,,,,,,,,,,,,,,,,,,,,,,,,,,,,,,,,,,,,Ronquido,Cambio de Banda,Autodestrucción,Rencor,Alboroto,Viento Aciago,Puño Fuego,Puño Hielo,Puño Trueno,Zona Extraña,Divide Dolor,Truco,Viento Hielo,Desarme,Golpe Bajo,Electrocañón,Juego Sucio,,,,,,,,,,,,,,,,,,,,,,,,,,,,,,,,,,,,,,,,,,,,,,,,,,,,,,,,,,,,,,,,,,,,,,,,,,,,,,,,,,,
Haunter,93,93,0,Fantasma,Veneno,Amorphous,Amorphous,Ningún objeto,Ningún objeto,Ningún objeto,Levitación,Cuerpo Maldito,Ensañamiento,45,50,45,115,55,95,0,Puño Sombra,1,Mal de Ojo,1,Lengüetazo,1,Puño Sombra,1,Rencor,1,Gas Venenoso,4,Hipnosis,7,Tinieblas,10,Polución,13,Rayo Confuso,16,Infortunio,19,Maldición,22,Golpe Bajo,25,Puño Sombra,26,Bola Sombra,30,Vendetta,34,Bomba Lodo,38,Comesueños,42,Pulso Umbrío,50,Mismo Destino,,,,,,,,,,,,,,,,,,,,,,,,,,,,,,,,,,,,,,,,,,,,,,,,,,,,,,,,,,,,,Tóxico,Día Soleado,Mofa,Protección,Danza Lluvia,Gigadrenado,Comesueños,Rayo,Psíquico,Bola Sombra,Doble Equipo,Bomba Lodo,Tormento,Atracción,Ladrón,Intercambio,Energibola,Lanzamiento,Fuego Fatuo,Explosión,Garra Umbría,Vendetta,Autosugestión,Pulso Umbrío,Puya Nociva,Brillo Mágico,Espacio Raro,,,,,,,,,,,,,,,,,,,,,,,,,,,,,,,,,,,,,,,,,,,,,,,,,,,,,,,,,,,,,,,,,,,,,,,,,,,,,,,,,,,,,,,,,,,,,,,,,,,,,,,,,,,,,,,,,,,,,,,,,,,,,,,,,Canto Mortal,Niebla,Impresionar,Rabia,Anulación,Niebla Clara,Polución,Clonatipo,Puño Fuego,Puño Hielo,Puño Trueno,Cara Susto,,,,,,,,,,,,,,,,,,,,,,,,,,,,,,,,,,,,,,,,,,,,,,,,,,,,,,,,,,,,,,,,,,,,,,,,,,,,,,,,,,,,,,,,,Ronquido,Cambio de Banda,Autodestrucción,Rencor,Alboroto,Viento Aciago,Puño Fuego,Puño Hielo,Puño Trueno,Zona Extraña,Divide Dolor,Truco,Viento Hielo,Desarme,Golpe Bajo,Electrocañón,Juego Sucio,,,,,,,,,,,,,,,,,,,,,,,,,,,,,,,,,,,,,,,,,,,,,,,,,,,,,,,,,,,,,,,,,,,,,,,,,,,,,,,,,,,
Gengar,94,94,0,Fantasma,Veneno,Amorphous,Amorphous,Ningún objeto,Ningún objeto,Ningún objeto,Levitación,Cuerpo Maldito,Ensañamiento,60,65,60,130,75,110,1,Mal de Ojo,1,Lengüetazo,1,Clonatipo,1,Canto Mortal,1,Gas Venenoso,1,Rencor,4,Hipnosis,7,Tinieblas,10,Polución,13,Rayo Confuso,16,Infortunio,19,Maldición,22,Golpe Bajo,25,Puño Sombra,26,Bola Sombra,30,Vendetta,34,Bomba Lodo,38,Comesueños,42,Pulso Umbrío,50,Mismo Destino,54,Esfera Aural,,,,,,,,,,,,,,,,,,,,,,,,,,,,,,,,,,,,,,,,,,,,,,,,,,,,,,,,,,,Puño Certero,Tóxico,Día Soleado,Mofa,Hiperrayo,Protección,Danza Lluvia,Gigadrenado,Comesueños,Rayo,Trueno,Psíquico,Bola Sombra,Demolición,Doble Equipo,Bomba Lodo,Tormento,Atracción,Ladrón,Intercambio,Onda Certera,Energibola,Lanzamiento,Puño Drenaje,Fuego Fatuo,Maquinación,Explosión,Garra Umbría,Vendetta,Gigaimpacto,Autosugestión,Pulso Umbrío,Puya Nociva,Brillo Mágico,Espacio Raro,Fuerza,Golpe Roca,,,,,,,,,,,,,,,,,,,,,,,,,,,,,,,,,,,,,,,,,,,,,,,,,,,,,,,,,,,,,,,,,,,,,,,,,,,,,,,,,,,,,,,,,,,,,,,,,,,,,,,,,,,,,,,,,,,,,,,Canto Mortal,Niebla,Impresionar,Rabia,Anulación,Niebla Clara,Polución,Clonatipo,Puño Fuego,Puño Hielo,Puño Trueno,Cara Susto,,,,,,,,,,,,,,,,,,,,,,,,,,,,,,,,,,,,,,,,,,,,,,,,,,,,,,,,,,,,,,,,,,,,,,,,,,,,,,,,,,,,,,,,,Ronquido,Cambio de Banda,Aguzar,Autodestrucción,Rencor,Alboroto,Viento Aciago,Puño Fuego,Puño Hielo,Puño Trueno,Zona Extraña,Sísmico,Imitación,Divide Dolor,Truco,Puño Incremento,Viento Hielo,Desarme,Golpe Bajo,Electrocañón,Juego Sucio,,,,,,,,,,,,,,,,,,,,,,,,,,,,,,,,,,,,,,,,,,,,,,,,,,,,,,,,,,,,,,,,,,,,,,,,,,,,,,,
Onix,95,95,0,Roca,Tierra,Mineral,Mineral,Ningún objeto,Ningún objeto,Ningún objeto,Cabeza Roca,Robustez,Armadura Frágil,35,75,160,30,45,80,1,Atadura,1,Fortaleza,1,Placaje,4,Antiaéreo,4,Maldición,7,Lanzarrocas,10,Terratemblor,13,Tumba Rocas,19,Dragoaliento,22,Excavar,25,Avalancha,28,Bucle Arena,28,Atizar,31,Chirrido,32,Trampa Rocas,34,Pulimento,37,Roca Afilada,40,Doble Filo,43,Tormenta Arena,48,Cola Férrea,,,,,,,,,,,,,,,,,,,,,,,,,,,,,,,,,,,,,,,,,,,,,,,,,,,,,,,,,,,,,Rugido,Tóxico,Día Soleado,Mofa,Protección,Cola Férrea,Terremoto,Excavar,Doble Equipo,Tormenta Arena,Tumba Rocas,Tormento,Atracción,Pulso Dragón,Explosión,Vendetta,Pulimento,Roca Afilada,Giro Bola,Trampa Rocas,Autosugestión,Avalancha,Vozarrón,Foco Resplandor,Fuerza,Golpe Roca,Treparrocas,,,,,,,,,,,,,,,,,,,,,,,,,,,,,,,,,,,,,,,,,,,,,,,,,,,,,,,,,,,,,,,,,,,,,,,,,,,,,,,,,,,,,,,,,,,,,,,,,,,,,,,,,,,,,,,,,,,,,,,,,,,,,,,,,Azote,Bloqueo,Rizo Defensa,Vasta Guardia,Rodar,Cola Dragón,Testarazo,Pedrada,Cuerpo Pesado,Afilar,,,,,,,,,,,,,,,,,,,,,,,,,,,,,,,,,,,,,,,,,,,,,,,,,,,,,,,,,,,,,,,,,,,,,,,,,,,,,,,,,,,,,,,,,,,Ronquido,Atadura,Terratemblor,Rodar,Bofetón Lodo,Bloqueo,Autodestrucción,Pataleta,Poder Pasado,Cabeza de Hierro,Arenas Ardientes,Ciclón,Tierra Viva,,,,,,,,,,,,,,,,,,,,,,,,,,,,,,,,,,,,,,,,,,,,,,,,,,,,,,,,,,,,,,,,,,,,,,,,,,,,,,,,,,,,,,,
Drowzee,96,96,0,Psíquico,,Human-Like,Human-Like,Ningún objeto,Ningún objeto,Ningún objeto,Insomnio,Indefenso,Psicogénesis,60,48,45,43,90,42,1,Hipnosis,1,Destructor,6,Anulación,9,Confusión,12,Golpe Cabeza,15,Gas Venenoso,18,Psicorrayo,21,Meditación,24,Psicocorte,29,Telépata,30,Autosugestión,33,Cabezazo Zen,36,Psíquico,39,Puño Dinámico,42,Puño Drenaje,45,Maquinación,48,Cambiadefensa,51,Premonición,57,Psicocarga,,,,,,,,,,,,,,,,,,,,,,,,,,,,,,,,,,,,,,,,,,,,,,,,,,,,,,,,,,,,,,,Puño Certero,Paz Mental,Tóxico,Día Soleado,Mofa,Pantalla de Luz,Protección,Danza Lluvia,Velo Sagrado,Comesueños,Puntapié,Psíquico,Bola Sombra,Demolición,Doble Equipo,Reflejo,Tormento,Atracción,Ladrón,Lanzamiento,Puño Drenaje,Maquinación,Reciclaje,Destello,Onda Trueno,Autosugestión,Brillo Mágico,Hierba Lazo,Espacio Raro,,,,,,,,,,,,,,,,,,,,,,,,,,,,,,,,,,,,,,,,,,,,,,,,,,,,,,,,,,,,,,,,,,,,,,,,,,,,,,,,,,,,,,,,,,,,,,,,,,,,,,,,,,,,,,,,,,,,,,,,,,,,,,,Imitación,Puño Fuego,Puño Trueno,Puño Hielo,Camelo,Psicocorte,Cambiadefensa,Isofuerza,Trapicheo,,,,,,,,,,,,,,,,,,,,,,,,,,,,,,,,,,,,,,,,,,,,,,,,,,,,,,,,,,,,,,,,,,,,,,,,,,,,,,,,,,,,,,,,,,,,Ronquido,Cambio de Banda,Rayo Señal,Puño Fuego,Puño Hielo,Puño Trueno,Zona Mágica,Sísmico,Imitación,Cabezazo Zen,Capa Mágica,Patada Baja,Truco,Puño Incremento,Electrocañón,Juego Sucio,,,,,,,,,,,,,,,,,,,,,,,,,,,,,,,,,,,,,,,,,,,,,,,,,,,,,,,,,,,,,,,,,,,,,,,,,,,,,,,,,,,,
Hypno,97,97,0,Psíquico,,Human-Like,Human-Like,Ningún objeto,Ningún objeto,Ningún objeto,Insomnio,Indefenso,Psicogénesis,85,73,70,73,115,67,1,Comesueños,1,Hipnosis,1,Destructor,1,Trapicheo,1,Barrera,1,Contoneo,6,Anulación,9,Confusión,12,Golpe Cabeza,15,Gas Venenoso,18,Psicorrayo,21,Meditación,24,Psicocorte,29,Telépata,30,Autosugestión,33,Cabezazo Zen,36,Psíquico,39,Puño Dinámico,42,Puño Drenaje,45,Maquinación,48,Cambiadefensa,51,Premonición,54,Electrocañón,57,Psicocarga,63,Psicoataque,,,,,,,,,,,,,,,,,,,,,,,,,,,,,,,,,,,,,,,,,,,,,,,,,,,Puño Certero,Paz Mental,Tóxico,Día Soleado,Mofa,Hiperrayo,Pantalla de Luz,Protección,Danza Lluvia,Velo Sagrado,Comesueños,Puntapié,Psíquico,Bola Sombra,Demolición,Doble Equipo,Reflejo,Tormento,Atracción,Ladrón,Onda Certera,Lanzamiento,Puño Drenaje,Maquinación,Reciclaje,Gigaimpacto,Destello,Onda Trueno,Autosugestión,Brillo Mágico,Hierba Lazo,Espacio Raro,,,,,,,,,,,,,,,,,,,,,,,,,,,,,,,,,,,,,,,,,,,,,,,,,,,,,,,,,,,,,,,,,,,,,,,,,,,,,,,,,,,,,,,,,,,,,,,,,,,,,,,,,,,,,,,,,,,,,,,,,,,,Imitación,Puño Fuego,Puño Trueno,Puño Hielo,Camelo,Psicocorte,Cambiadefensa,Isofuerza,Trapicheo,,,,,,,,,,,,,,,,,,,,,,,,,,,,,,,,,,,,,,,,,,,,,,,,,,,,,,,,,,,,,,,,,,,,,,,,,,,,,,,,,,,,,,,,,,,,Ronquido,Cambio de Banda,Rayo Señal,Puño Fuego,Puño Hielo,Puño Trueno,Zona Mágica,Sísmico,Imitación,Cabezazo Zen,Capa Mágica,Patada Baja,Truco,Puño Incremento,Electrocañón,Juego Sucio,,,,,,,,,,,,,,,,,,,,,,,,,,,,,,,,,,,,,,,,,,,,,,,,,,,,,,,,,,,,,,,,,,,,,,,,,,,,,,,,,,,,
Krabby,98,98,0,Agua,,Water 3,Water 3,Ningún objeto,Ningún objeto,Ningún objeto,Corte Fuerte,Garra Dura,Potencia Bruta,30,105,90,25,25,50,1,Malicioso,1,Pistola Agua,1,Fortaleza,1,Burbuja,5,Agarre,8,Malicioso,11,Disparo Lodo,14,Rayo Burbuja,17,Garra Metal,20,Pisotón,23,Martillazo,26,Protección,29,Desarme,32,Concha Filo,32,Guillotina,35,Atizar,38,Tijera X,40,Danza Espada,41,Agilidad,44,Azote,,,,,,,,,,,,,,,,,,,,,,,,,,,,,,,,,,,,,,,,,,,,,,,,,,,,,,,,,,,,,Hidropulso,Tóxico,Granizo,Rayo Hielo,Ventisca,Protección,Danza Lluvia,Excavar,Demolición,Doble Equipo,Tumba Rocas,Atracción,Ladrón,Salmuera,Falso Tortazo,Escaldar,Lanzamiento,Garra Umbría,Danza Espada,Avalancha,Tijera X,Corte,Surf,Fuerza,Golpe Roca,Cascada,,,,,,,,,,,,,,,,,,,,,,,,,,,,,,,,,,,,,,,,,,,,,,,,,,,,,,,,,,,,,,,,,,,,,,,,,,,,,,,,,,,,,,,,,,,,,,,,,,,,,,,,,,,,,,,,,,,,,,,,,,,,,,,,,,Desarme,Poder Pasado,Machada,Cuchillada,Tajo Umbrío,Niebla,Amnesia,Azote,Atizar,Cosquillas,Agilidad,Cambio de Banda,,,,,,,,,,,,,,,,,,,,,,,,,,,,,,,,,,,,,,,,,,,,,,,,,,,,,,,,,,,,,,,,,,,,,,,,,,,,,,,,,,,,,,,,,Ronquido,Cambio de Banda,Bofetón Lodo,Corte Furia,Poder Pasado,Defensa Férrea,Buceo,Viento Hielo,Fuerza Bruta,Desarme,Hidroariete,,,,,,,,,,,,,,,,,,,,,,,,,,,,,,,,,,,,,,,,,,,,,,,,,,,,,,,,,,,,,,,,,,,,,,,,,,,,,,,,,,,,,,,,,
Kingler,99,99,0,Agua,,Water 3,Water 3,Ningún objeto,Ningún objeto,Ningún objeto,Corte Fuerte,Garra Dura,Potencia Bruta,55,130,115,50,50,75,1,Garra Metal,1,Fortaleza,1,Malicioso,1,Pistola Agua,1,Burbuja,1,Machada,1,Vasta Guardia,1,Fuerza Bruta,1,Agilidad,1,Amnesia,5,Agarre,8,Malicioso,11,Disparo Lodo,14,Rayo Burbuja,17,Garra Metal,20,Pisotón,23,Martillazo,26,Protección,28,Machada,30,Desarme,34,Guillotina,36,Concha Filo,38,Atizar,42,Tijera X,46,Agilidad,48,Danza Espada,50,Azote,54,Hidroariete,,,,,,,,,,,,,,,,,,,,,,,,,,,,,,,,,,,,,,,,,,,,,Hidropulso,Tóxico,Granizo,Rayo Hielo,Ventisca,Hiperrayo,Protección,Danza Lluvia,Excavar,Demolición,Doble Equipo,Tumba Rocas,Atracción,Ladrón,Salmuera,Falso Tortazo,Escaldar,Lanzamiento,Garra Umbría,Gigaimpacto,Danza Espada,Avalancha,Tijera X,Corte,Surf,Fuerza,Golpe Roca,Cascada,,,,,,,,,,,,,,,,,,,,,,,,,,,,,,,,,,,,,,,,,,,,,,,,,,,,,,,,,,,,,,,,,,,,,,,,,,,,,,,,,,,,,,,,,,,,,,,,,,,,,,,,,,,,,,,,,,,,,,,,,,,,,,,,Desarme,Poder Pasado,Machada,Cuchillada,Tajo Umbrío,Niebla,Amnesia,Azote,Atizar,Cosquillas,Agilidad,Cambio de Banda,,,,,,,,,,,,,,,,,,,,,,,,,,,,,,,,,,,,,,,,,,,,,,,,,,,,,,,,,,,,,,,,,,,,,,,,,,,,,,,,,,,,,,,,,Ronquido,Cambio de Banda,Bofetón Lodo,Corte Furia,Pataleta,Poder Pasado,Defensa Férrea,Buceo,Viento Hielo,Fuerza Bruta,Desarme,Hidroariete,,,,,,,,,,,,,,,,,,,,,,,,,,,,,,,,,,,,,,,,,,,,,,,,,,,,,,,,,,,,,,,,,,,,,,,,,,,,,,,,,,,,,,,,
Voltorb,100,100,0,Eléctrico,,Mineral,Mineral,Ningún objeto,Ningún objeto,Ningún objeto,Insonorizar,Detonación,Electrogénesis,40,30,50,55,55,100,1,Placaje,1,Carga,1,Chirrido,6,Onda Anómala,9,Impactrueno,12,Rodar,15,Chispa,18,Rayo Carga,21,Meteoros,22,Bola Voltio,24,Autodestrucción,27,Chispazo,30,Pantalla de Luz,33,Levitón,36,Rayo,39,Explosión,42,Giro Bola,45,Manto Espejo,48,Trueno,,,,,,,,,,,,,,,,,,,,,,,,,,,,,,,,,,,,,,,,,,,,,,,,,,,,,,,,,,,,,,,Tóxico,Mofa,Pantalla de Luz,Protección,Danza Lluvia,Rayo,Trueno,Doble Equipo,Onda Voltio,Tormento,Imagen,Voltiocambio,Ladrón,Voltio Cruel,Zumbido,Explosión,Destello,Onda Trueno,Giro Bola,,,,,,,,,,,,,,,,,,,,,,,,,,,,,,,,,,,,,,,,,,,,,,,,,,,,,,,,,,,,,,,,,,,,,,,,,,,,,,,,,,,,,,,,,,,,,,,,,,,,,,,,,,,,,,,,,,,,,,,,,,,,,,,,,,,,,,,,,,,,,,,,,,,,,,,,,,,,,,,,,,,,,,,,,,,,,,,,,,,,,,,,,,,,,,,,,,,,,,,,,,,,,,,,,,,,,,,,,,,,,,,,,,,,,,,,,,,,,Ronquido,Rodar,Autodestrucción,Rayo Señal,Levitón,Capa Mágica,Meteoros,Golpe Bajo,Electrocañón,Juego Sucio,,,,,,,,,,,,,,,,,,,,,,,,,,,,,,,,,,,,,,,,,,,,,,,,,,,,,,,,,,,,,,,,,,,,,,,,,,,,,,,,,,,,,,,,,,
Electrode,101,101,0,Eléctrico,,Mineral,Mineral,Ningún objeto,Ningún objeto,Ningún objeto,Insonorizar,Detonación,Electrogénesis,60,50,70,80,80,150,1,Placaje,1,Carga,1,Aura Magnética,1,Chirrido,6,Onda Anómala,9,Impactrueno,12,Rodar,15,Chispa,18,Rayo Carga,21,Meteoros,22,Bola Voltio,24,Autodestrucción,27,Chispazo,31,Pantalla de Luz,35,Levitón,39,Rayo,43,Explosión,47,Giro Bola,51,Manto Espejo,55,Trueno,,,,,,,,,,,,,,,,,,,,,,,,,,,,,,,,,,,,,,,,,,,,,,,,,,,,,,,,,,,,,Tóxico,Mofa,Hiperrayo,Pantalla de Luz,Protección,Danza Lluvia,Rayo,Trueno,Doble Equipo,Reflejo,Onda Voltio,Tormento,Imagen,Voltiocambio,Ladrón,Energibola,Voltio Cruel,Zumbido,Explosión,Gigaimpacto,Destello,Onda Trueno,Giro Bola,,,,,,,,,,,,,,,,,,,,,,,,,,,,,,,,,,,,,,,,,,,,,,,,,,,,,,,,,,,,,,,,,,,,,,,,,,,,,,,,,,,,,,,,,,,,,,,,,,,,,,,,,,,,,,,,,,,,,,,,,,,,,,,,,,,,,,,,,,,,,,,,,,,,,,,,,,,,,,,,,,,,,,,,,,,,,,,,,,,,,,,,,,,,,,,,,,,,,,,,,,,,,,,,,,,,,,,,,,,,,,,,,,,,,,,,,Ronquido,Rodar,Autodestrucción,Rayo Señal,Levitón,Capa Mágica,Meteoros,Golpe Bajo,Electrocañón,Juego Sucio,,,,,,,,,,,,,,,,,,,,,,,,,,,,,,,,,,,,,,,,,,,,,,,,,,,,,,,,,,,,,,,,,,,,,,,,,,,,,,,,,,,,,,,,,,
Exeggcute,102,102,0,Planta,Psíquico,Grass,Grass,Ningún objeto,Ningún objeto,Ningún objeto,Clorofila,Cosecha,Maduración,60,40,80,60,45,40,1,Hipnosis,1,Absorber,1,Alboroto,1,Bombardeo,7,Reflejo,13,Confusión,15,Megaagotar,15,Semilladora,17,Drenadoras,19,Paralizador,19,Polvo Veneno,19,Somnífero,23,Paranormal,25,Síntesis,25,Energibola,27,Abatidoras,29,Poder Pasado,33,Psíquico,35,Gigadrenado,37,Rayo Solar,39,Lluevehojas,,,,,,,,,,,,,,,,,,,,,,,,,,,,,,,,,,,,,,,,,,,,,,,,,,,,,,,,,,,Tóxico,Semilladora,Día Soleado,Pantalla de Luz,Protección,Gigadrenado,Rayo Solar,Psíquico,Doble Equipo,Reflejo,Bomba Lodo,Atracción,Ladrón,Intercambio,Energibola,Explosión,Destello,Danza Espada,Autosugestión,Brillo Mágico,Hierba Lazo,Espacio Raro,Fuerza,,,,,,,,,,,,,,,,,,,,,,,,,,,,,,,,,,,,,,,,,,,,,,,,,,,,,,,,,,,,,,,,,,,,,,,,,,,,,,,,,,,,,,,,,,,,,,,,,,,,,,,,,,,,,,,,,,,,,,,,,,,,,,,,,,,,,Poder Pasado,Bloqueo,Maldición,Arraigo,Luz Lunar,Somnífero,Paralizador,Polvo Veneno,Síntesis,Adaptación,Lluevehojas,Cambiafuerza,Campo de Hierba,,,,,,,,,,,,,,,,,,,,,,,,,,,,,,,,,,,,,,,,,,,,,,,,,,,,,,,,,,,,,,,,,,,,,,,,,,,,,,,,,,,,,,,,Ronquido,Rodar,Abatidoras,Bloqueo,Autodestrucción,Alboroto,Síntesis,Poder Pasado,Bomba Germen,Gravedad,,,,,,,,,,,,,,,,,,,,,,,,,,,,,,,,,,,,,,,,,,,,,,,,,,,,,,,,,,,,,,,,,,,,,,,,,,,,,,,,,,,,,,,,,,
Exeggutor,103,103,0,Planta,Psíquico,Grass,Grass,Ningún objeto,Ningún objeto,Ningún objeto,Clorofila,Cosecha,Maduración,95,95,85,125,75,55,1,Hipnosis,1,Absorber,1,Alboroto,1,Bombardeo,7,Reflejo,12,Confusión,17,Pisotón,22,Megaagotar,22,Semilladora,27,Drenadoras,32,Paralizador,32,Polvo Veneno,32,Somnífero,37,Paranormal,42,Síntesis,47,Mazazo,52,Energibola,57,Abatidoras,57,Poder Pasado,67,Gigadrenado,72,Rayo Solar,77,Lluevehojas,,,,,,,,,,,,,,,,,,,,,,,,,,,,,,,,,,,,,,,,,,,,,,,,,,,,,,,,,Paz Mental,Tóxico,Semilladora,Día Soleado,Hiperrayo,Pantalla de Luz,Protección,Gigadrenado,Rayo Solar,Psíquico,Doble Equipo,Reflejo,Bomba Lodo,Atracción,Ladrón,Intercambio,Energibola,Explosión,Gigaimpacto,Destello,Danza Espada,Autosugestión,Vozarrón,Brillo Mágico,Hierba Lazo,Espacio Raro,Fuerza,,,,,,,,,,,,,,,,,,,,,,,,,,,,,,,,,,,,,,,,,,,,,,,,,,,,,,,,,,,,,,,,,,,,,,,,,,,,,,,,,,,,,,,,,,,,,,,,,,,,,,,,,,,,,,,,,,,,,,,,,,,,,,,,,Poder Pasado,Bloqueo,Maldición,Arraigo,Luz Lunar,Somnífero,Paralizador,Polvo Veneno,Síntesis,Adaptación,Lluevehojas,Cambiafuerza,Campo de Hierba,,,,,,,,,,,,,,,,,,,,,,,,,,,,,,,,,,,,,,,,,,,,,,,,,,,,,,,,,,,,,,,,,,,,,,,,,,,,,,,,,,,,,,,,Ronquido,Terratemblor,Rodar,Abatidoras,Bloqueo,Autodestrucción,Alboroto,Pataleta,Síntesis,Poder Pasado,Cabezazo Zen,Bomba Germen,Patada Baja,Gravedad,,,,,,,,,,,,,,,,,,,,,,,,,,,,,,,,,,,,,,,,,,,,,,,,,,,,,,,,,,,,,,,,,,,,,,,,,,,,,,,,,,,,,,
Cubone,104,104,0,Tierra,,Monster,Monster,Ningún objeto,Ningún objeto,Hueso Grueso,Cabeza Roca,Armadura Batalla,Cobardía,50,50,95,40,50,35,1,Gruñido,1,Bofetón Lodo,1,Látigo,1,Canto,4,Golpe Cabeza,7,Hueso Palo,10,Malicioso,13,Foco Energía,16,Represalia,19,Huesomerang,22,Falso Tortazo,24,Pataleta,25,Desarme,28,Ataque Óseo,31,Golpe,34,Lanzamiento,37,Esfuerzo,40,Cabeza de Hierro,43,Tambor,46,Doble Filo,49,Terremoto,,,,,,,,,,,,,,,,,,,,,,,,,,,,,,,,,,,,,,,,,,,,,,,,,,,,,,,,,,,Puño Certero,Tóxico,Día Soleado,Rayo Hielo,Ventisca,Protección,Cola Férrea,Terremoto,Excavar,Demolición,Doble Equipo,Lanzallamas,Tormenta Arena,Llamarada,Tumba Rocas,Golpe Aéreo,Atracción,Ladrón,Falso Tortazo,Lanzamiento,Danza Espada,Trampa Rocas,Avalancha,Vozarrón,Fuerza,Golpe Roca,Treparrocas,,,,,,,,,,,,,,,,,,,,,,,,,,,,,,,,,,,,,,,,,,,,,,,,,,,,,,,,,,,,,,,,,,,,,,,,,,,,,,,,,,,,,,,,,,,,,,,,,,,,,,,,,,,,,,,,,,,,,,,,,,,,,,,,,Poder Pasado,Tambor,Detección,Doble Patada,Canto Mortal,Cabezazo,Maldición,Malicioso,Chirrido,Cabeza de Hierro,,,,,,,,,,,,,,,,,,,,,,,,,,,,,,,,,,,,,,,,,,,,,,,,,,,,,,,,,,,,,,,,,,,,,,,,,,,,,,,,,,,,,,,,,,,Ronquido,Terratemblor,Bofetón Lodo,Corte Furia,Alboroto,Puño Fuego,Puño Trueno,Defensa Férrea,Sísmico,Patada Baja,Cabeza de Hierro,Arenas Ardientes,Puño Incremento,Viento Hielo,Desarme,Esfuerzo,Tierra Viva,,,,,,,,,,,,,,,,,,,,,,,,,,,,,,,,,,,,,,,,,,,,,,,,,,,,,,,,,,,,,,,,,,,,,,,,,,,,,,,,,,,
Marowak,105,105,0,Tierra,,Monster,Monster,Ningún objeto,Ningún objeto,Hueso Grueso,Cabeza Roca,Armadura Batalla,Experto,60,80,110,50,80,45,1,Látigo,1,Gruñido,1,Bofetón Lodo,1,Canto,4,Golpe Cabeza,7,Hueso Palo,10,Malicioso,13,Foco Energía,16,Represalia,19,Huesomerang,22,Falso Tortazo,24,Pataleta,25,Desarme,28,Danza Espada,29,Ataque Óseo,33,Golpe,37,Lanzamiento,41,Esfuerzo,45,Cabeza de Hierro,49,Tambor,53,Doble Filo,57,Terremoto,,,,,,,,,,,,,,,,,,,,,,,,,,,,,,,,,,,,,,,,,,,,,,,,,,,,,,,,,Puño Certero,Tóxico,Día Soleado,Rayo Hielo,Ventisca,Hiperrayo,Protección,Cola Férrea,Terremoto,Excavar,Demolición,Doble Equipo,Lanzallamas,Tormenta Arena,Llamarada,Tumba Rocas,Golpe Aéreo,Atracción,Ladrón,Onda Certera,Falso Tortazo,Lanzamiento,Gigaimpacto,Roca Afilada,Danza Espada,Trampa Rocas,Avalancha,Vozarrón,Fuerza,Golpe Roca,Treparrocas,,,,,,,,,,,,,,,,,,,,,,,,,,,,,,,,,,,,,,,,,,,,,,,,,,,,,,,,,,,,,,,,,,,,,,,,,,,,,,,,,,,,,,,,,,,,,,,,,,,,,,,,,,,,,,,,,,,,,,,,,,,,,Poder Pasado,Tambor,Detección,Doble Patada,Canto Mortal,Cabezazo,Maldición,Malicioso,Chirrido,Cabeza de Hierro,,,,,,,,,,,,,,,,,,,,,,,,,,,,,,,,,,,,,,,,,,,,,,,,,,,,,,,,,,,,,,,,,,,,,,,,,,,,,,,,,,,,,,,,,,,Ronquido,Terratemblor,Bofetón Lodo,Aguzar,Corte Furia,Alboroto,Pataleta,Puño Fuego,Puño Trueno,Defensa Férrea,Sísmico,Patada Baja,Cabeza de Hierro,Arenas Ardientes,Puño Incremento,Viento Hielo,Desarme,Esfuerzo,Enfado,Tierra Viva,,,,,,,,,,,,,,,,,,,,,,,,,,,,,,,,,,,,,,,,,,,,,,,,,,,,,,,,,,,,,,,,,,,,,,,,,,,,,,,,
Hitmonlee,106,106,0,Lucha,,Human-Like,Human-Like,Ningún objeto,Ningún objeto,Ningún objeto,Audaz,Flexibilidad,Liviano,50,120,53,35,110,87,0,Demolición,1,Foco Energía,1,Sorpresa,1,Refuerzo,1,Placaje,1,Amago,1,Patada Baja,1,Desquite,1,Patada Giro,5,Meditación,20,Doble Patada,21,Vasta Guardia,25,Demolición,29,Patada Salto,31,Amago,33,Aguante,35,A Bocajarro,39,Megapatada,41,Pat. Salto Alta,41,Telépata,43,Patada Ígnea,45,Inversión,47,Doble Filo,,,,,,,,,,,,,,,,,,,,,,,,,,,,,,,,,,,,,,,,,,,,,,,,,,,,,,,Puño Certero,Tóxico,Corpulencia,Poder Oculto,Día Soleado,Protección,Danza Lluvia,Terremoto,Puntapié,Demolición,Doble Equipo,Tumba Rocas,Atracción,Ladrón,Onda Certera,Lanzamiento,Roca Afilada,Avalancha,Vozarrón,Puya Nociva,Fuerza,Golpe Roca,Treparrocas,,,,,,,,,,,,,,,,,,,,,,,,,,,,,,,,,,,,,,,,,,,,,,,,,,,,,,,,,,,,,,,,,,,,,,,,,,,,,,,,,,,,,,,,,,,,,,,,,,,,,,,,,,,,,,,,,,,,,,,,,,,,,,,,,,,,,Giro Rápido,Pat. Salto Alta,Ultrapuño,Telépata,Contraataque,Onda Vacío,Puño Bala,Amago,Refuerzo,,,,,,,,,,,,,,,,,,,,,,,,,,,,,,,,,,,,,,,,,,,,,,,,,,,,,,,,,,,,,,,,,,,,,,,,,,,,,,,,,,,,,,,,,,,,Ronquido,Refuerzo,Antojo,Terratemblor,Cambio de Banda,Bofetón Lodo,Aguzar,Alboroto,Pataleta,Sísmico,Bote,Imitación,Meteoros,Patada Baja,Onda Vacío,Puño Incremento,Fuerza Bruta,Desarme,Golpe Bajo,,,,,,,,,,,,,,,,,,,,,,,,,,,,,,,,,,,,,,,,,,,,,,,,,,,,,,,,,,,,,,,,,,,,,,,,,,,,,,,,,
Hitmonchan,107,107,0,Lucha,,Human-Like,Human-Like,Ningún objeto,Ningún objeto,Ningún objeto,Puño Férreo,Vista Lince,Foco Interno,50,105,79,35,110,76,0,Puño Drenaje,1,Foco Energía,1,Sorpresa,1,Refuerzo,1,Placaje,1,Amago,1,Desquite,1,Ultrapuño,1,Puño Cometa,1,Puño Drenaje,8,Puño Incremento,20,Anticipo,21,Agilidad,25,Demolición,25,Puño Mareo,27,Puño Bala,29,Puño Trueno,29,Puño Hielo,29,Puño Fuego,31,Amago,33,Detección,35,A Bocajarro,37,Contraataque,39,Megapuño,41,Onda Vacío,41,Gancho Alto,45,Puño Certero,47,Inversión,,,,,,,,,,,,,,,,,,,,,,,,,,,,,,,,,,,,,,,,,,,,,Puño Certero,Tóxico,Corpulencia,Poder Oculto,Día Soleado,Protección,Danza Lluvia,Terremoto,Puntapié,Demolición,Doble Equipo,Tumba Rocas,Atracción,Ladrón,Onda Certera,Lanzamiento,Puño Drenaje,Roca Afilada,Avalancha,Vozarrón,Fuerza,Golpe Roca,Treparrocas,,,,,,,,,,,,,,,,,,,,,,,,,,,,,,,,,,,,,,,,,,,,,,,,,,,,,,,,,,,,,,,,,,,,,,,,,,,,,,,,,,,,,,,,,,,,,,,,,,,,,,,,,,,,,,,,,,,,,,,,,,,,,,,,,,,,,Giro Rápido,Pat. Salto Alta,Ultrapuño,Telépata,Contraataque,Onda Vacío,Puño Bala,Amago,Refuerzo,,,,,,,,,,,,,,,,,,,,,,,,,,,,,,,,,,,,,,,,,,,,,,,,,,,,,,,,,,,,,,,,,,,,,,,,,,,,,,,,,,,,,,,,,,,,Ronquido,Refuerzo,Antojo,Terratemblor,Cambio de Banda,Bofetón Lodo,Aguzar,Alboroto,Puño Fuego,Puño Hielo,Puño Trueno,Sísmico,Imitación,Meteoros,Patada Baja,Onda Vacío,Puño Incremento,,,,,,,,,,,,,,,,,,,,,,,,,,,,,,,,,,,,,,,,,,,,,,,,,,,,,,,,,,,,,,,,,,,,,,,,,,,,,,,,,,,
Lickitung,108,108,0,Normal,,Monster,Monster,Ningún objeto,Ningún objeto,Cola Plúmbea,Despiste,Gula,Aclimatación,90,55,75,60,75,30,1,Lengüetazo,4,Supersónico,7,Rizo Defensa,10,Constricción,13,Anulación,16,Pisotón,19,Desarme,22,Amnesia,25,Atizar,33,Rodar,34,Cabezazo Zen,37,Golpe Cuerpo,43,Golpe,46,Chirrido,49,Machada,52,Latigazo,60,Tambor,,,,,,,,,,,,,,,,,,,,,,,,,,,,,,,,,,,,,,,,,,,,,,,,,,,,,,,,,,,,,,,,,,,Puño Certero,Hidropulso,Tóxico,Poder Oculto,Día Soleado,Rayo Hielo,Ventisca,Hiperrayo,Protección,Danza Lluvia,Rayo Solar,Cola Férrea,Rayo,Trueno,Terremoto,Excavar,Bola Sombra,Demolición,Doble Equipo,Onda Voltio,Lanzallamas,Tormenta Arena,Llamarada,Tumba Rocas,Atracción,Ladrón,Lanzamiento,Gigaimpacto,Danza Espada,Autosugestión,Avalancha,Vozarrón,Brillo Mágico,Corte,Surf,Fuerza,Golpe Roca,Treparrocas,,,,,,,,,,,,,,,,,,,,,,,,,,,,,,,,,,,,,,,,,,,,,,,,,,,,,,,,,,,,,,,,,,,,,,,,,,,,,,,,,,,,,,,,,,,,,,,,,,,,,,,,,,,,,,,,,,,,,,Eructo,Maldición,Machada,Golpe,Tambor,Golpe Cuerpo,Ronquido,Amnesia,Agua Lodosa,Cabezazo Zen,Doble Bofetón,Magnitud,,,,,,,,,,,,,,,,,,,,,,,,,,,,,,,,,,,,,,,,,,,,,,,,,,,,,,,,,,,,,,,,,,,,,,,,,,,,,,,,,,,,,,,,,Ronquido,Refuerzo,Atadura,Terratemblor,Rodar,Bofetón Lodo,Pataleta,Puño Fuego,Puño Hielo,Puño Trueno,Sísmico,Cabezazo Zen,Acua Cola,Puño Incremento,Viento Hielo,Desarme,,,,,,,,,,,,,,,,,,,,,,,,,,,,,,,,,,,,,,,,,,,,,,,,,,,,,,,,,,,,,,,,,,,,,,,,,,,,,,,,,,,,
Koffing,109,109,0,Veneno,,Amorphous,Amorphous,Ningún objeto,Ningún objeto,Bola de Humo,Levitación,Gas Reactivo,Hedor,40,65,95,60,45,35,1,Placaje,1,Gas Venenoso,4,Polución,7,Pantalla de Humo,10,Buena Baza,12,Niebla Clara,13,Divide Dolor,16,Residuos,19,Autodestrucción,22,Niebla,25,Giro Bola,28,Bomba Lodo,31,Humareda,34,Mismo Destino,35,Cautivapor,36,Tóxico,37,Pulso Umbrío,40,Lanzamugre,40,Eructo,43,Explosión,46,Legado,,,,,,,,,,,,,,,,,,,,,,,,,,,,,,,,,,,,,,,,,,,,,,,,,,,,,,,,,,,Tóxico,Día Soleado,Mofa,Protección,Danza Lluvia,Rayo,Trueno,Bola Sombra,Doble Equipo,Onda Voltio,Lanzallamas,Bomba Lodo,Llamarada,Tormento,Atracción,Ladrón,Fuego Fatuo,Explosión,Vendetta,Destello,Giro Bola,Alarido,Pulso Umbrío,,,,,,,,,,,,,,,,,,,,,,,,,,,,,,,,,,,,,,,,,,,,,,,,,,,,,,,,,,,,,,,,,,,,,,,,,,,,,,,,,,,,,,,,,,,,,,,,,,,,,,,,,,,,,,,,,,,,,,,,,,,,,,,,,,,,,Psicorrayo,Divide Dolor,Rabia,Rencor,Maldición,Reserva,Tragar,Escupir,Chirrido,Mismo Destino,Púas Tóxicas,Trampa Venenosa,,,,,,,,,,,,,,,,,,,,,,,,,,,,,,,,,,,,,,,,,,,,,,,,,,,,,,,,,,,,,,,,,,,,,,,,,,,,,,,,,,,,,,,,,Ronquido,Rodar,Autodestrucción,Rencor,Alboroto,Divide Dolor,Electrocañón,,,,,,,,,,,,,,,,,,,,,,,,,,,,,,,,,,,,,,,,,,,,,,,,,,,,,,,,,,,,,,,,,,,,,,,,,,,,,,,,,,,,,,,,,,,,,
Weezing,110,110,0,Veneno,,Amorphous,Amorphous,Ningún objeto,Ningún objeto,Bola de Humo,Levitación,Gas Reactivo,Hedor,65,90,120,85,70,60,0,Doble Golpe,1,Psicorrayo,1,Placaje,1,Gas Venenoso,1,Onda Ígnea,1,Doble Golpe,4,Polución,7,Pantalla de Humo,10,Buena Baza,12,Niebla Clara,13,Divide Dolor,16,Residuos,19,Autodestrucción,22,Niebla,25,Giro Bola,28,Bomba Lodo,31,Humareda,34,Mismo Destino,35,Doble Golpe,38,Tóxico,38,Pulso Umbrío,42,Lanzamugre,44,Eructo,46,Explosión,50,Legado,,,,,,,,,,,,,,,,,,,,,,,,,,,,,,,,,,,,,,,,,,,,,,,,,,,Tóxico,Día Soleado,Mofa,Hiperrayo,Protección,Danza Lluvia,Rayo,Trueno,Bola Sombra,Doble Equipo,Onda Voltio,Lanzallamas,Bomba Lodo,Llamarada,Tormento,Atracción,Ladrón,Fuego Fatuo,Explosión,Vendetta,Gigaimpacto,Destello,Giro Bola,Alarido,Pulso Umbrío,,,,,,,,,,,,,,,,,,,,,,,,,,,,,,,,,,,,,,,,,,,,,,,,,,,,,,,,,,,,,,,,,,,,,,,,,,,,,,,,,,,,,,,,,,,,,,,,,,,,,,,,,,,,,,,,,,,,,,,,,,,,,,,,,,,Psicorrayo,Divide Dolor,Rabia,Rencor,Maldición,Reserva,Tragar,Escupir,Chirrido,Mismo Destino,Púas Tóxicas,Trampa Venenosa,,,,,,,,,,,,,,,,,,,,,,,,,,,,,,,,,,,,,,,,,,,,,,,,,,,,,,,,,,,,,,,,,,,,,,,,,,,,,,,,,,,,,,,,,Ronquido,Rodar,Autodestrucción,Rencor,Alboroto,Divide Dolor,Electrocañón,,,,,,,,,,,,,,,,,,,,,,,,,,,,,,,,,,,,,,,,,,,,,,,,,,,,,,,,,,,,,,,,,,,,,,,,,,,,,,,,,,,,,,,,,,,,,
Rhyhorn,111,111,0,Tierra,Roca,Monster,Field,Ningún objeto,Ningún objeto,Ningún objeto,Cabeza Roca,Audaz,Potencia Bruta,80,85,95,30,30,25,1,Látigo,1,Placaje,1,Cornada,4,Ataque Furia,5,Antiaéreo,7,Cara Susto,10,Terratemblor,13,Pisotón,16,Pedrada,22,Derribo,25,Taladradora,28,Triturar,31,Avalancha,34,Puya Nociva,37,Megacuerno,40,Terremoto,43,Roca Afilada,46,Carga Dragón,49,Fuerza Bruta,60,Perforador,,,,,,,,,,,,,,,,,,,,,,,,,,,,,,,,,,,,,,,,,,,,,,,,,,,,,,,,,,,,,Rugido,Tóxico,Día Soleado,Rayo Hielo,Ventisca,Protección,Danza Lluvia,Cola Férrea,Rayo,Trueno,Terremoto,Excavar,Doble Equipo,Onda Voltio,Lanzallamas,Tormenta Arena,Llamarada,Tumba Rocas,Atracción,Ladrón,Pulso Dragón,Vendetta,Pulimento,Roca Afilada,Danza Espada,Trampa Rocas,Avalancha,Vozarrón,Puya Nociva,Fuerza,Golpe Roca,Treparrocas,,,,,,,,,,,,,,,,,,,,,,,,,,,,,,,,,,,,,,,,,,,,,,,,,,,,,,,,,,,,,,,,,,,,,,,,,,,,,,,,,,,,,,,,,,,,,,,,,,,,,,,,,,,,,,,,,,,,,,,,,,,,Contraataque,Maldición,Carga Dragón,Cabezazo,Represión Metal,Isoguardia,Triturar,Inversión,Garra Brutal,Colmillo Hielo,Colmillo Ígneo,Colmillo Rayo,Magnitud,,,,,,,,,,,,,,,,,,,,,,,,,,,,,,,,,,,,,,,,,,,,,,,,,,,,,,,,,,,,,,,,,,,,,,,,,,,,,,,,,,,,,,,,Ronquido,Terratemblor,Rodar,Bofetón Lodo,Rencor,Alboroto,Pataleta,Poder Pasado,Taladradora,Arenas Ardientes,Acua Cola,Viento Hielo,Fuerza Bruta,Electrocañón,Esfuerzo,Tierra Viva,,,,,,,,,,,,,,,,,,,,,,,,,,,,,,,,,,,,,,,,,,,,,,,,,,,,,,,,,,,,,,,,,,,,,,,,,,,,,,,,,,,,
Rhydon,112,112,0,Tierra,Roca,Monster,Field,Ningún objeto,Ningún objeto,Ningún objeto,Cabeza Roca,Audaz,Potencia Bruta,105,130,120,45,45,40,1,Antiaéreo,1,Látigo,1,Placaje,1,Machada,1,Cornada,1,Colmillo Rayo,1,Machada,4,Ataque Furia,7,Cara Susto,10,Terratemblor,13,Pisotón,16,Pedrada,22,Derribo,25,Taladradora,28,Triturar,31,Avalancha,34,Puya Nociva,36,Machada,38,Megacuerno,42,Terremoto,46,Roca Afilada,50,Carga Dragón,54,Fuerza Bruta,68,Perforador,,,,,,,,,,,,,,,,,,,,,,,,,,,,,,,,,,,,,,,,,,,,,,,,,,,,,Puño Certero,Rugido,Tóxico,Día Soleado,Rayo Hielo,Ventisca,Hiperrayo,Protección,Danza Lluvia,Cola Férrea,Rayo,Trueno,Terremoto,Excavar,Demolición,Doble Equipo,Onda Voltio,Lanzallamas,Tormenta Arena,Llamarada,Tumba Rocas,Atracción,Ladrón,Onda Certera,Lanzamiento,Pulso Dragón,Garra Umbría,Vendetta,Gigaimpacto,Pulimento,Roca Afilada,Alud,Danza Espada,Trampa Rocas,Avalancha,Vozarrón,Puya Nociva,Corte,Surf,Fuerza,Golpe Roca,Treparrocas,,,,,,,,,,,,,,,,,,,,,,,,,,,,,,,,,,,,,,,,,,,,,,,,,,,,,,,,,,,,,,,,,,,,,,,,,,,,,,,,,,,,,,,,,,,,,,,,,,,,,,,,,,,,,,,,,,Contraataque,Maldición,Carga Dragón,Cabezazo,Represión Metal,Isoguardia,Triturar,Inversión,Garra Brutal,Colmillo Hielo,Colmillo Ígneo,Colmillo Rayo,Magnitud,,,,,,,,,,,,,,,,,,,,,,,,,,,,,,,,,,,,,,,,,,,,,,,,,,,,,,,,,,,,,,,,,,,,,,,,,,,,,,,,,,,,,,,,Ronquido,Refuerzo,Terratemblor,Rodar,Bofetón Lodo,Bloqueo,Corte Furia,Rencor,Alboroto,Pataleta,Poder Pasado,Puño Fuego,Puño Hielo,Puño Trueno,Sísmico,Taladradora,Arenas Ardientes,Acua Cola,Puño Incremento,Viento Hielo,Fuerza Bruta,Electrocañón,Esfuerzo,Enfado,Tierra Viva,,,,,,,,,,,,,,,,,,,,,,,,,,,,,,,,,,,,,,,,,,,,,,,,,,,,,,,,,,,,,,,,,,,,,,,,,,,
Chansey,113,113,0,Normal,,Fairy,Fairy,Puño Suerte,Ningún objeto,Ningún objeto,Dicha,Cura Natural,Alma Cura,250,5,5,35,105,50,1,Rizo Defensa,1,Copión,1,Destructor,1,Reducción,1,Encanto,1,Antojo,1,Voz Cautivadora,1,Beso Dulce,1,Gruñido,1,Aromaterapia,1,Contraataque,1,Doble Filo,4,Látigo,8,Eco Voz,12,Gota Vital,12,Doble Bofetón,13,Ovocuración,19,Reducción,22,Vozarrón,25,Canto,28,Lanzamiento,28,Pulso Cura,31,Sísmico,32,Refuerzo,34,Derribo,35,Bomba Huevo,37,Pantalla de Luz,40,Deseo Cura,43,Contraataque,46,Doble Filo,48,Última Baza,,,,,,,,,,,,,,,,,,,,,,,,,,,,,,,,,,,,,,,Puño Certero,Hidropulso,Paz Mental,Tóxico,Granizo,Poder Oculto,Día Soleado,Rayo Hielo,Ventisca,Hiperrayo,Pantalla de Luz,Protección,Danza Lluvia,Velo Sagrado,Comesueños,Rayo Solar,Cola Férrea,Rayo,Trueno,Terremoto,Psíquico,Bola Sombra,Demolición,Doble Equipo,Onda Voltio,Lanzallamas,Tormenta Arena,Llamarada,Tumba Rocas,Imagen,Descanso,Atracción,Intercambio,Lanzamiento,Voltio Cruel,Puño Drenaje,Reciclaje,Gigaimpacto,Destello,Onda Trueno,Trampa Rocas,Autosugestión,Avalancha,Vozarrón,Brillo Mágico,Hierba Lazo,Fuerza,Golpe Roca,Treparrocas,,,,,,,,,,,,,,,,,,,,,,,,,,,,,,,,,,,,,,,,,,,,,,,,,,,,,,,,,,,,,,,,,,,,,,,,,,,,,,,,,,,,,,,,,,,,,,,,,,,,,,,,,,,Aromaterapia,Gravedad,Presente,Sísmico,Metrónomo,Cascabel Cura,Contraataque,Refuerzo,Última Baza,Bomba Fango,,,,,,,,,,,,,,,,,,,,,,,,,,,,,,,,,,,,,,,,,,,,,,,,,,,,,,,,,,,,,,,,,,,,,,,,,,,,,,,,,,,,,,,,,,,Ronquido,Refuerzo,Antojo,Terratemblor,Cambio de Banda,Rodar,Bofetón Lodo,Aguzar,Cascabel Cura,Alboroto,Pataleta,Puño Fuego,Puño Hielo,Puño Trueno,Sísmico,Cabezazo Zen,Gravedad,Puño Incremento,Viento Hielo,Electrocañón,Última Baza,Esfuerzo,,,,,,,,,,,,,,,,,,,,,,,,,,,,,,,,,,,,,,,,,,,,,,,,,,,,,,,,,,,,,,,,,,,,,,,,,,,,,,
Tangela,114,114,0,Planta,,Grass,Grass,Ningún objeto,Ningún objeto,Ningún objeto,Clorofila,Defensa Hoja,Regeneración,65,55,115,100,40,60,1,Absorber,1,Restricción,4,Arraigo,7,Látigo Cepa,8,Desarrollo,10,Atadura,13,Paralizador,13,Somnífero,13,Polvo Veneno,16,Megaagotar,22,Desarme,25,Adaptación,28,Gigadrenado,34,Poder Pasado,37,Atizar,40,Cosquillas,46,Latigazo,49,Lluevehojas,56,Campo de Hierba,,,,,,,,,,,,,,,,,,,,,,,,,,,,,,,,,,,,,,,,,,,,,,,,,,,,,,,,,,,,,,,Tóxico,Semilladora,Día Soleado,Hiperrayo,Protección,Gigadrenado,Rayo Solar,Doble Equipo,Reflejo,Onda Voltio,Bomba Lodo,Atracción,Ladrón,Energibola,Gigaimpacto,Destello,Danza Espada,Autosugestión,Hierba Lazo,Corte,Golpe Roca,,,,,,,,,,,,,,,,,,,,,,,,,,,,,,,,,,,,,,,,,,,,,,,,,,,,,,,,,,,,,,,,,,,,,,,,,,,,,,,,,,,,,,,,,,,,,,,,,,,,,,,,,,,,,,,,,,,,,,,,,,,,,,,,,,,,,,,Confusión,Esfuerzo,Azote,Drenadoras,Adaptación,Polvo Ira,Megaagotar,Amnesia,Lluevehojas,Cambiafuerza,,,,,,,,,,,,,,,,,,,,,,,,,,,,,,,,,,,,,,,,,,,,,,,,,,,,,,,,,,,,,,,,,,,,,,,,,,,,,,,,,,,,,,,,,,,Ronquido,Atadura,Abatidoras,Síntesis,Poder Pasado,Bomba Germen,Divide Dolor,Desarme,Esfuerzo,,,,,,,,,,,,,,,,,,,,,,,,,,,,,,,,,,,,,,,,,,,,,,,,,,,,,,,,,,,,,,,,,,,,,,,,,,,,,,,,,,,,,,,,,,,
Kangaskhan,115,115,0,Normal,,Monster,Monster,Ningún objeto,Ningún objeto,Ningún objeto,Intrépido,Madrugar,Amor Filial,105,95,80,40,80,90,1,Destructor,1,Sorpresa,1,Malicioso,1,Puño Cometa,4,Gruñido,7,Látigo,10,Mordisco,13,Doble Golpe,16,Pisotón,19,Foco Energía,22,Megapuño,24,Golpe Cabeza,28,Triturar,31,Golpe Cuerpo,34,Puño Mareo,34,Aguante,37,Enfado,40,Machada,43,Golpe Bajo,46,Doble Filo,49,Inversión,52,Última Baza,,,,,,,,,,,,,,,,,,,,,,,,,,,,,,,,,,,,,,,,,,,,,,,,,,,,,,,,,Puño Certero,Hidropulso,Rugido,Tóxico,Granizo,Poder Oculto,Día Soleado,Rayo Hielo,Ventisca,Hiperrayo,Protección,Danza Lluvia,Velo Sagrado,Rayo Solar,Cola Férrea,Rayo,Trueno,Terremoto,Excavar,Bola Sombra,Demolición,Doble Equipo,Onda Voltio,Lanzallamas,Tormenta Arena,Llamarada,Tumba Rocas,Golpe Aéreo,Atracción,Ladrón,Onda Certera,Lanzamiento,Puño Drenaje,Garra Umbría,Gigaimpacto,Alud,Avalancha,Vozarrón,Corte,Surf,Fuerza,Golpe Roca,Treparrocas,,,,,,,,,,,,,,,,,,,,,,,,,,,,,,,,,,,,,,,,,,,,,,,,,,,,,,,,,,,,,,,,,,,,,,,,,,,,,,,,,,,,,,,,,,,,,,,,,,,,,,,,,,,,,,,,,Llave Giro,Contraataque,Anulación,Doble Filo,Esfuerzo,Machada,Pisotón,Foco Energía,Garra Brutal,Alboroto,,,,,,,,,,,,,,,,,,,,,,,,,,,,,,,,,,,,,,,,,,,,,,,,,,,,,,,,,,,,,,,,,,,,,,,,,,,,,,,,,,,,,,,,,,,Ronquido,Refuerzo,Antojo,Terratemblor,Bofetón Lodo,Corte Furia,Rencor,Alboroto,Puño Fuego,Puño Hielo,Puño Trueno,Sísmico,Patada Baja,Acua Cola,Puño Incremento,Viento Hielo,Golpe Bajo,Electrocañón,Esfuerzo,Enfado,,,,,,,,,,,,,,,,,,,,,,,,,,,,,,,,,,,,,,,,,,,,,,,,,,,,,,,,,,,,,,,,,,,,,,,,,,,,,,,,
Horsea,116,116,0,Agua,,Water 1,Dragon,Ningún objeto,Ningún objeto,Escama Dragón,Nado Rápido,Francotirador,Humedad,30,40,70,70,25,60,1,Malicioso,1,Burbuja,1,Pantalla de Humo,7,Pistola Agua,10,Ciclón,10,Foco Energía,13,Dragoaliento,16,Rayo Aurora,19,Rayo Burbuja,25,Pulpocañón,28,Agilidad,31,Agua Lodosa,34,Pulso Dragón,35,Aguzar,40,Danza Dragón,43,Enfado,46,Hidrobomba,55,Danza Lluvia,,,,,,,,,,,,,,,,,,,,,,,,,,,,,,,,,,,,,,,,,,,,,,,,,,,,,,,,,,,,,,,,,Hidropulso,Tóxico,Granizo,Rayo Hielo,Ventisca,Protección,Danza Lluvia,Doble Equipo,Atracción,Salmuera,Escaldar,Pulso Dragón,Foco Resplandor,Surf,Cascada,,,,,,,,,,,,,,,,,,,,,,,,,,,,,,,,,,,,,,,,,,,,,,,,,,,,,,,,,,,,,,,,,,,,,,,,,,,,,,,,,,,,,,,,,,,,,,,,,,,,,,,,,,,,,,,,,,,,,,,,,,,,,,,,,,,,,,,,,,,,,Rayo Aurora,Niebla Clara,Anulación,Azote,Pulpocañón,Salpicadura,Dragoaliento,Agua Lodosa,Enfado,Viento Cortante,Rayo Señal,,,,,,,,,,,,,,,,,,,,,,,,,,,,,,,,,,,,,,,,,,,,,,,,,,,,,,,,,,,,,,,,,,,,,,,,,,,,,,,,,,,,,,,,,,Ronquido,Rayo Señal,Buceo,Bote,Meteoros,Viento Hielo,Enfado,Ciclón,,,,,,,,,,,,,,,,,,,,,,,,,,,,,,,,,,,,,,,,,,,,,,,,,,,,,,,,,,,,,,,,,,,,,,,,,,,,,,,,,,,,,,,,,,,,
Seadra,117,117,0,Agua,,Water 1,Dragon,Ningún objeto,Ningún objeto,Escama Dragón,Punto Tóxico,Francotirador,Humedad,55,65,95,95,45,85,1,Ciclón,1,Pantalla de Humo,1,Malicioso,1,Burbuja,1,Anulación,7,Pistola Agua,10,Foco Energía,13,Dragoaliento,16,Rayo Aurora,19,Rayo Burbuja,25,Pulpocañón,28,Agilidad,31,Agua Lodosa,35,Pulso Dragón,37,Aguzar,43,Danza Dragón,47,Enfado,51,Hidrobomba,65,Danza Lluvia,,,,,,,,,,,,,,,,,,,,,,,,,,,,,,,,,,,,,,,,,,,,,,,,,,,,,,,,,,,,,,,Hidropulso,Tóxico,Granizo,Rayo Hielo,Ventisca,Hiperrayo,Protección,Danza Lluvia,Doble Equipo,Atracción,Salmuera,Escaldar,Pulso Dragón,Gigaimpacto,Foco Resplandor,Surf,Cascada,,,,,,,,,,,,,,,,,,,,,,,,,,,,,,,,,,,,,,,,,,,,,,,,,,,,,,,,,,,,,,,,,,,,,,,,,,,,,,,,,,,,,,,,,,,,,,,,,,,,,,,,,,,,,,,,,,,,,,,,,,,,,,,,,,,,,,,,,,,Rayo Aurora,Niebla Clara,Anulación,Azote,Pulpocañón,Salpicadura,Dragoaliento,Agua Lodosa,Enfado,Viento Cortante,Rayo Señal,,,,,,,,,,,,,,,,,,,,,,,,,,,,,,,,,,,,,,,,,,,,,,,,,,,,,,,,,,,,,,,,,,,,,,,,,,,,,,,,,,,,,,,,,,Ronquido,Aguzar,Rayo Señal,Buceo,Bote,Meteoros,Viento Hielo,Enfado,Ciclón,,,,,,,,,,,,,,,,,,,,,,,,,,,,,,,,,,,,,,,,,,,,,,,,,,,,,,,,,,,,,,,,,,,,,,,,,,,,,,,,,,,,,,,,,,,
Goldeen,118,118,0,Agua,,Water 2,Water 2,Ningún objeto,Ningún objeto,Agua Mística,Nado Rápido,Velo Agua,Pararrayos,45,55,55,62,40,73,1,Látigo,1,Picotazo,1,Ataque Rápido,4,Supersónico,7,Cornada,10,Azote,13,Hidropulso,16,Acua Aro,19,Ataque Furia,22,Cascada,25,Agilidad,28,Golpe Cuerpo,31,Acua Cola,34,Desarme,37,Taladradora,40,Bote,40,Empapar,43,Megacuerno,46,Hidrobomba,50,Perforador,,,,,,,,,,,,,,,,,,,,,,,,,,,,,,,,,,,,,,,,,,,,,,,,,,,,,,,,,,,,,Hidropulso,Tóxico,Granizo,Rayo Hielo,Ventisca,Protección,Danza Lluvia,Rayo,Doble Equipo,Atracción,Salmuera,Danza Espada,Puya Nociva,Surf,Cascada,,,,,,,,,,,,,,,,,,,,,,,,,,,,,,,,,,,,,,,,,,,,,,,,,,,,,,,,,,,,,,,,,,,,,,,,,,,,,,,,,,,,,,,,,,,,,,,,,,,,,,,,,,,,,,,,,,,,,,,,,,,,,,,,,,,,,,,,,,,,,Psicorrayo,Niebla,Acua Cola,Acupresión,Bofetón Lodo,Hidrobomba,Golpe Cuerpo,Disparo Lodo,Cabezazo,Rayo Señal,,,,,,,,,,,,,,,,,,,,,,,,,,,,,,,,,,,,,,,,,,,,,,,,,,,,,,,,,,,,,,,,,,,,,,,,,,,,,,,,,,,,,,,,,,,Ronquido,Bofetón Lodo,Corte Furia,Rayo Señal,Buceo,Bote,Meteoros,Taladradora,Acua Cola,Viento Hielo,Desarme,,,,,,,,,,,,,,,,,,,,,,,,,,,,,,,,,,,,,,,,,,,,,,,,,,,,,,,,,,,,,,,,,,,,,,,,,,,,,,,,,,,,,,,,,
Seaking,119,119,0,Agua,,Water 2,Water 2,Ningún objeto,Ningún objeto,Agua Mística,Nado Rápido,Absorbe Agua,Pararrayos,80,75,75,102,75,78,1,Supersónico,1,Látigo,1,Picotazo,1,Ataque Rápido,4,Supersónico,7,Cornada,10,Azote,13,Hidropulso,16,Acua Aro,19,Ataque Furia,22,Cascada,25,Agilidad,28,Golpe Cuerpo,31,Acua Cola,35,Desarme,39,Taladradora,43,Bote,44,Empapar,47,Megacuerno,51,Hidrobomba,58,Perforador,,,,,,,,,,,,,,,,,,,,,,,,,,,,,,,,,,,,,,,,,,,,,,,,,,,,,,,,,,,Hidropulso,Tóxico,Granizo,Rayo Hielo,Ventisca,Hiperrayo,Protección,Danza Lluvia,Rayo,Doble Equipo,Atracción,Salmuera,Gigaimpacto,Danza Espada,Puya Nociva,Surf,Cascada,,,,,,,,,,,,,,,,,,,,,,,,,,,,,,,,,,,,,,,,,,,,,,,,,,,,,,,,,,,,,,,,,,,,,,,,,,,,,,,,,,,,,,,,,,,,,,,,,,,,,,,,,,,,,,,,,,,,,,,,,,,,,,,,,,,,,,,,,,,Psicorrayo,Niebla,Acua Cola,Acupresión,Bofetón Lodo,Hidrobomba,Golpe Cuerpo,Disparo Lodo,Cabezazo,Rayo Señal,,,,,,,,,,,,,,,,,,,,,,,,,,,,,,,,,,,,,,,,,,,,,,,,,,,,,,,,,,,,,,,,,,,,,,,,,,,,,,,,,,,,,,,,,,,Ronquido,Bofetón Lodo,Corte Furia,Rayo Señal,Buceo,Bote,Meteoros,Taladradora,Acua Cola,Viento Hielo,Desarme,,,,,,,,,,,,,,,,,,,,,,,,,,,,,,,,,,,,,,,,,,,,,,,,,,,,,,,,,,,,,,,,,,,,,,,,,,,,,,,,,,,,,,,,,
Staryu,120,120,0,Agua,,Water 3,Water 3,Polvo Estelar,Ningún objeto,Trozo Estrella,Cura Natural,Cálculo Final,Regeneración,30,45,55,70,55,85,1,Fortaleza,1,Placaje,1,Pistola Agua,4,Giro Rápido,11,Recuperación,13,Meteoros,15,Hidropulso,21,Rayo Burbuja,23,Giro Bola,24,Psicorrayo,25,Reducción,27,Joya de Luz,28,Salmuera,31,Psíquico,33,Rayo Confuso,35,Pantalla de Luz,37,Masa Cósmica,41,Hidrobomba,44,Surf,,,,,,,,,,,,,,,,,,,,,,,,,,,,,,,,,,,,,,,,,,,,,,,,,,,,,,,,,,,,,,,Hidropulso,Tóxico,Granizo,Rayo Hielo,Ventisca,Pantalla de Luz,Protección,Danza Lluvia,Comesueños,Rayo,Trueno,Psíquico,Doble Equipo,Reflejo,Salmuera,Escaldar,Reciclaje,Destello,Onda Trueno,Giro Bola,Autosugestión,Foco Resplandor,Surf,Cascada,,,,,,,,,,,,,,,,,,,,,,,,,,,,,,,,,,,,,,,,,,,,,,,,,,,,,,,,,,,,,,,,,,,,,,,,,,,,,,,,,,,,,,,,,,,,,,,,,,,,,,,,,,,,,,,,,,,,,,,,,,,,,,,,,,,,,,,,,,,,,,,,,,,,,,,,,,,,,,,,,,,,,,,,,,,,,,,,,,,,,,,,,,,,,,,,,,,,,,,,,,,,,,,,,,,,,,,,,,,,,,,,,,,,,,,,Ronquido,Rodar,Rayo Señal,Buceo,Capa Mágica,Divide Dolor,Meteoros,Gravedad,Viento Hielo,Electrocañón,Ciclón,,,,,,,,,,,,,,,,,,,,,,,,,,,,,,,,,,,,,,,,,,,,,,,,,,,,,,,,,,,,,,,,,,,,,,,,,,,,,,,,,,,,,,,,,
Starmie,121,121,0,Agua,Psíquico,Water 3,Water 3,Polvo Estelar,Ningún objeto,Trozo Estrella,Cura Natural,Cálculo Final,Regeneración,60,75,85,100,85,115,1,Fortaleza,1,Placaje,4,Pistola Agua,9,Giro Rápido,14,Recuperación,19,Meteoros,24,Hidropulso,24,Rayo Burbuja,29,Giro Bola,34,Psicorrayo,34,Reducción,39,Joya de Luz,44,Salmuera,49,Psíquico,54,Rayo Confuso,59,Pantalla de Luz,64,Masa Cósmica,69,Surf,74,Hidrobomba,,,,,,,,,,,,,,,,,,,,,,,,,,,,,,,,,,,,,,,,,,,,,,,,,,,,,,,,,,,,,,,Hidropulso,Tóxico,Granizo,Rayo Hielo,Ventisca,Hiperrayo,Pantalla de Luz,Protección,Danza Lluvia,Comesueños,Rayo,Trueno,Psíquico,Doble Equipo,Reflejo,Intercambio,Salmuera,Escaldar,Reciclaje,Gigaimpacto,Destello,Alud,Onda Trueno,Giro Bola,Autosugestión,Brillo Mágico,Hierba Lazo,Foco Resplandor,Espacio Raro,Surf,Cascada,,,,,,,,,,,,,,,,,,,,,,,,,,,,,,,,,,,,,,,,,,,,,,,,,,,,,,,,,,,,,,,,,,,,,,,,,,,,,,,,,,,,,,,,,,,,,,,,,,,,,,,,,,,,,,,,,,,,,,,,,,,,,,,,,,,,,,,,,,,,,,,,,,,,,,,,,,,,,,,,,,,,,,,,,,,,,,,,,,,,,,,,,,,,,,,,,,,,,,,,,,,,,,,,,,,,,,,,,,,,,,,,,Ronquido,Cambio de Banda,Rodar,Rayo Señal,Zona Extraña,Buceo,Capa Mágica,Divide Dolor,Meteoros,Truco,Gravedad,Viento Hielo,Electrocañón,Ciclón,,,,,,,,,,,,,,,,,,,,,,,,,,,,,,,,,,,,,,,,,,,,,,,,,,,,,,,,,,,,,,,,,,,,,,,,,,,,,,,,,,,,,,
Mr. Mime,122,122,0,Psíquico,Hada,Human-Like,Human-Like,Ningún objeto,Ningún objeto,Ningún objeto,Filtro,Experto,Nebulogénesis,50,35,65,110,120,95,1,Copión,1,Destructor,1,Barrera,1,Cambiadefensa,1,Cambiafuerza,1,Vasta Guardia,1,Anticipo,1,Confusión,1,Hoja Mágica,6,Copión,8,Meditación,9,Doble Bofetón,15,Otra Vez,18,Mimético,20,Protección,21,Psicorrayo,24,Reciclaje,24,Pantalla de Luz,24,Reflejo,27,Brillo Mágico,30,Sustituto,33,Psíquico,36,Truco,39,Maquinación,40,Golpe Bajo,42,Imitación,45,Relevo,48,Velo Sagrado,52,Danza Caos,,,,,,,,,,,,,,,,,,,,,,,,,,,,,,,,,,,,,,,,,,,Puño Certero,Paz Mental,Tóxico,Día Soleado,Mofa,Hiperrayo,Pantalla de Luz,Protección,Danza Lluvia,Velo Sagrado,Comesueños,Rayo Solar,Rayo,Trueno,Psíquico,Bola Sombra,Demolición,Doble Equipo,Reflejo,Onda Voltio,Golpe Aéreo,Tormento,Atracción,Ladrón,Intercambio,Onda Certera,Energibola,Lanzamiento,Voltio Cruel,Puño Drenaje,Maquinación,Vendetta,Reciclaje,Gigaimpacto,Destello,Onda Trueno,Autosugestión,Brillo Mágico,Hierba Lazo,Espacio Raro,,,,,,,,,,,,,,,,,,,,,,,,,,,,,,,,,,,,,,,,,,,,,,,,,,,,,,,,,,,,,,,,,,,,,,,,,,,,,,,,,,,,,,,,,,,,,,,,,,,,,,,,,,,,,,,,,,,,Hipnosis,Sorpresa,Rayo Confuso,Isofuerza,Cosquillas,Premonición,Mimético,Truco,Danza Caos,Deseo Cura,Encanto,Zona Mágica,Viento Hielo,,,,,,,,,,,,,,,,,,,,,,,,,,,,,,,,,,,,,,,,,,,,,,,,,,,,,,,,,,,,,,,,,,,,,,,,,,,,,,,,,,,,,,,,Ronquido,Refuerzo,Antojo,Cambio de Banda,Bofetón Lodo,Alboroto,Rayo Señal,Puño Fuego,Puño Hielo,Puño Trueno,Defensa Férrea,Zona Mágica,Zona Extraña,Sísmico,Imitación,Cabezazo Zen,Capa Mágica,Truco,Puño Incremento,Viento Hielo,Electrocañón,Juego Sucio,,,,,,,,,,,,,,,,,,,,,,,,,,,,,,,,,,,,,,,,,,,,,,,,,,,,,,,,,,,,,,,,,,,,,,,,,,,,,,
Scyther,123,123,0,Bicho,Volador,Bug,Bug,Ningún objeto,Ningún objeto,Ningún objeto,Experto,Enjambre,Corte Fuerte,70,110,80,55,80,105,1,Malicioso,1,Ataque Rápido,1,Onda Vacío,4,Foco Energía,7,Viento Plata,10,Falso Tortazo,13,Corte Furia,16,Agilidad,19,Ataque Ala,22,Cuchillada,22,Tajo Umbrío,25,Picadura,31,Doble Equipo,31,Viento Cortante,34,Tijera X,37,Doble Golpe,40,Tajo Aéreo,43,Danza Espada,44,Aguzar,46,Relevo,49,Inversión,52,Amago,,,,,,,,,,,,,,,,,,,,,,,,,,,,,,,,,,,,,,,,,,,,,,,,,,,,,,,,,Tóxico,Día Soleado,Hiperrayo,Pantalla de Luz,Protección,Danza Lluvia,Velo Sagrado,Demolición,Doble Equipo,Golpe Aéreo,Atracción,Ladrón,Ala de Acero,Respiro,Falso Tortazo,Zumbido,Gigaimpacto,Danza Espada,Tijera X,Ida y Vuelta,Corte,Despejar,Golpe Roca,,,,,,,,,,,,,,,,,,,,,,,,,,,,,,,,,,,,,,,,,,,,,,,,,,,,,,,,,,,,,,,,,,,,,,,,,,,,,,,,,,,,,,,,,,,,,,,,,,,,,,,,,,,,,,,,,,,,,,,,,,,,,,,,,,,,,Contraataque,Tajo Umbrío,Amago,Anticipo,Relevo,Inversión,Viento Cortante,Viento Plata,,,,,,,,,,,,,,,,,,,,,,,,,,,,,,,,,,,,,,,,,,,,,,,,,,,,,,,,,,,,,,,,,,,,,,,,,,,,,,,,,,,,,,,,,,,,,Ronquido,Ala Bis,Aguzar,Corte Furia,Viento Aciago,Viento Afín,Meteoros,Desarme,,,,,,,,,,,,,,,,,,,,,,,,,,,,,,,,,,,,,,,,,,,,,,,,,,,,,,,,,,,,,,,,,,,,,,,,,,,,,,,,,,,,,,,,,,,,
Jynx,124,124,0,Hielo,Psíquico,Human-Like,Human-Like,Ningún objeto,Ningún objeto,Ningún objeto,Piel Seca,Alerta,Cuerpo Vívido,75,40,35,125,95,95,1,Copión,1,Nieve Polvo,1,Destructor,1,Lengüetazo,1,Beso Dulce,1,Beso Amoroso,1,Beso Drenaje,9,Puño Hielo,12,Confusión,12,Sorpresa,15,Viento Hielo,15,Doble Bofetón,16,Antojo,18,Mal de Ojo,20,Canto,21,Paranormal,24,Llanto Falso,31,Rayo Hielo,34,Psíquico,39,Golpe Cuerpo,43,Liofilización,47,Canto Mortal,51,Ventisca,55,Maquinación,59,Psicoataque,,,,,,,,,,,,,,,,,,,,,,,,,,,,,,,,,,,,,,,,,,,,,,,,,,,Puño Certero,Hidropulso,Paz Mental,Tóxico,Granizo,Mofa,Rayo Hielo,Ventisca,Hiperrayo,Pantalla de Luz,Protección,Danza Lluvia,Comesueños,Psíquico,Bola Sombra,Demolición,Doble Equipo,Reflejo,Tormento,Descanso,Atracción,Ladrón,Intercambio,Onda Certera,Energibola,Lanzamiento,Puño Drenaje,Maquinación,Vendetta,Reciclaje,Gigaimpacto,Destello,Alud,Autosugestión,Brillo Mágico,Hierba Lazo,Espacio Raro,,,,,,,,,,,,,,,,,,,,,,,,,,,,,,,,,,,,,,,,,,,,,,,,,,,,,,,,,,,,,,,,,,,,,,,,,,,,,,,,,,,,,,,,,,,,,,,,,,,,,,,,,,,,,,,,,,,,,,,Sorpresa,Deseo,Imitación,Puño Hielo,Meditación,,,,,,,,,,,,,,,,,,,,,,,,,,,,,,,,,,,,,,,,,,,,,,,,,,,,,,,,,,,,,,,,,,,,,,,,,,,,,,,,,,,,,,,,,,,,,,,,Ronquido,Refuerzo,Antojo,Cambio de Banda,Bofetón Lodo,Cascabel Cura,Alboroto,Rayo Señal,Puño Hielo,Zona Mágica,Zona Extraña,Sísmico,Imitación,Cabezazo Zen,Capa Mágica,Truco,Puño Incremento,Viento Hielo,,,,,,,,,,,,,,,,,,,,,,,,,,,,,,,,,,,,,,,,,,,,,,,,,,,,,,,,,,,,,,,,,,,,,,,,,,,,,,,,,,
Electabuzz,125,125,0,Eléctrico,,Human-Like,Human-Like,Ningún objeto,Ningún objeto,Electrizador,Elec. Estática,Espíritu Vital,Puño Férreo,65,83,57,95,85,105,1,Carga,1,Impactrueno,1,Malicioso,1,Ataque Rápido,1,Ultrapuño,7,Patada Baja,10,Meteoros,13,Onda Voltio,16,Onda Trueno,19,Puño Trueno,22,Pantalla de Luz,25,Demolición,28,Chispazo,33,Chirrido,37,Tajo Cruzado,41,Rayo,45,Voltio Cruel,49,A Bocajarro,53,Trueno,64,Gigaimpacto,,,,,,,,,,,,,,,,,,,,,,,,,,,,,,,,,,,,,,,,,,,,,,,,,,,,,,,,,,,,,Puño Certero,Tóxico,Hiperrayo,Pantalla de Luz,Protección,Danza Lluvia,Cola Férrea,Rayo,Trueno,Puntapié,Psíquico,Demolición,Doble Equipo,Onda Voltio,Imagen,Voltiocambio,Atracción,Ladrón,Onda Certera,Lanzamiento,Voltio Cruel,Gigaimpacto,Destello,Onda Trueno,Fuerza,Golpe Roca,Treparrocas,,,,,,,,,,,,,,,,,,,,,,,,,,,,,,,,,,,,,,,,,,,,,,,,,,,,,,,,,,,,,,,,,,,,,,,,,,,,,,,,,,,,,,,,,,,,,,,,,,,,,,,,,,,,,,,,,,,,,,,,,,,,,,,,,Tajo Cruzado,Puño Dinámico,Machada,Amago,Puño Fuego,Puño Hielo,Patada Giro,Meditación,Golpe Kárate,,,,,,,,,,,,,,,,,,,,,,,,,,,,,,,,,,,,,,,,,,,,,,,,,,,,,,,,,,,,,,,,,,,,,,,,,,,,,,,,,,,,,,,,,,,,Ronquido,Refuerzo,Antojo,Electrotela,Bofetón Lodo,Alboroto,Rayo Señal,Puño Fuego,Puño Hielo,Puño Trueno,Levitón,Sísmico,Meteoros,Patada Baja,Golpe Bis,Puño Incremento,Electrocañón,,,,,,,,,,,,,,,,,,,,,,,,,,,,,,,,,,,,,,,,,,,,,,,,,,,,,,,,,,,,,,,,,,,,,,,,,,,,,,,,,,,
Magmar,126,126,0,Fuego,,Human-Like,Human-Like,Ningún objeto,Ningún objeto,Magmatizador,Cuerpo Llama,Absorbe Fuego,Espíritu Vital,65,95,57,100,85,93,1,Ascuas,1,Malicioso,1,Polución,7,Pantalla de Humo,12,Niebla Clara,12,Finta,13,Giro Fuego,16,Fuego Fatuo,16,Rueda Fuego,19,Puño Fuego,22,Rayo Confuso,24,Cara Susto,25,Demolición,28,Humareda,33,Día Soleado,37,Tajo Cruzado,40,Patada Baja,41,Lanzallamas,45,Envite Ígneo,49,Esfera Aural,53,Llamarada,64,Hiperrayo,,,,,,,,,,,,,,,,,,,,,,,,,,,,,,,,,,,,,,,,,,,,,,,,,,,,,,,,,Puño Certero,Tóxico,Día Soleado,Hiperrayo,Protección,Cola Férrea,Puntapié,Psíquico,Demolición,Doble Equipo,Lanzallamas,Llamarada,Atracción,Ladrón,Salmuera,Sofoco,Onda Certera,Lanzamiento,Fuego Fatuo,Gigaimpacto,Pulso Umbrío,Fuerza,Golpe Roca,Treparrocas,,,,,,,,,,,,,,,,,,,,,,,,,,,,,,,,,,,,,,,,,,,,,,,,,,,,,,,,,,,,,,,,,,,,,,,,,,,,,,,,,,,,,,,,,,,,,,,,,,,,,,,,,,,,,,,,,,,,,,,,,,,,,,,,,,,,Eructo,Puño Dinámico,Ultrapuño,Tajo Cruzado,Megapuño,Chirrido,Puño Trueno,Envite Ígneo,Tambor,Foco Energía,Cambiafuerza,Golpe Kárate,,,,,,,,,,,,,,,,,,,,,,,,,,,,,,,,,,,,,,,,,,,,,,,,,,,,,,,,,,,,,,,,,,,,,,,,,,,,,,,,,,,,,,,,,Ronquido,Refuerzo,Antojo,Bofetón Lodo,Alboroto,Puño Fuego,Puño Trueno,Sísmico,Patada Baja,Golpe Bis,Arenas Ardientes,Puño Incremento,Onda Ígnea,,,,,,,,,,,,,,,,,,,,,,,,,,,,,,,,,,,,,,,,,,,,,,,,,,,,,,,,,,,,,,,,,,,,,,,,,,,,,,,,,,,,,,,
Pinsir,127,127,0,Bicho,,Bug,Bug,Ningún objeto,Ningún objeto,Ningún objeto,Agallas,Rompemoldes,Autoestima,65,125,100,55,70,85,1,Agarre,1,Foco Energía,1,Atadura,4,Fortaleza,7,Sísmico,10,Ataque Rápido,13,Picadura,16,Desquite,19,Llave Vital,20,Llave Corsé,22,Doble Golpe,25,Demolición,28,Tijera X,31,Desarme,34,Danza Espada,36,Fuerza,37,A Bocajarro,40,Golpe,43,Megacuerno,44,Sumisión,46,Fuerza Bruta,49,Guillotina,,,,,,,,,,,,,,,,,,,,,,,,,,,,,,,,,,,,,,,,,,,,,,,,,,,,,,,,,Puño Certero,Tóxico,Corpulencia,Día Soleado,Hiperrayo,Protección,Danza Lluvia,Terremoto,Excavar,Demolición,Doble Equipo,Tumba Rocas,Atracción,Ladrón,Onda Certera,Falso Tortazo,Lanzamiento,Zumbido,Gigaimpacto,Roca Afilada,Danza Espada,Trampa Rocas,Avalancha,Tijera X,Vozarrón,Ida y Vuelta,Corte,Fuerza,Golpe Roca,Treparrocas,,,,,,,,,,,,,,,,,,,,,,,,,,,,,,,,,,,,,,,,,,,,,,,,,,,,,,,,,,,,,,,,,,,,,,,,,,,,,,,,,,,,,,,,,,,,,,,,,,,,,,,,,,,,,,,,,,,,,,,,,,,,,,Amago,Azote,Golpe,Ataque Furia,Ataque Rápido,A Bocajarro,Picadura,Fuerza Bruta,Finta,,,,,,,,,,,,,,,,,,,,,,,,,,,,,,,,,,,,,,,,,,,,,,,,,,,,,,,,,,,,,,,,,,,,,,,,,,,,,,,,,,,,,,,,,,,,Ronquido,Atadura,Refuerzo,Terratemblor,Corte Furia,Defensa Férrea,Sísmico,Fuerza Bruta,Desarme,,,,,,,,,,,,,,,,,,,,,,,,,,,,,,,,,,,,,,,,,,,,,,,,,,,,,,,,,,,,,,,,,,,,,,,,,,,,,,,,,,,,,,,,,,,
Tauros,128,128,0,Normal,,Field,Field,Ningún objeto,Ningún objeto,Ningún objeto,Intimidación,Irascible,Potencia Bruta,75,100,95,70,70,110,1,Látigo,1,Placaje,4,Cara Susto,5,Avivar,7,Cornada,13,Pisotón,15,Buena Baza,16,Descanso,19,Terratemblor,22,Vendetta,25,Derribo,28,Cabezazo Zen,31,Golpe Cuerpo,34,Contoneo,37,Golpe,40,Cabeza de Hierro,43,Doble Filo,46,Megacuerno,49,Enfado,52,Gigaimpacto,,,,,,,,,,,,,,,,,,,,,,,,,,,,,,,,,,,,,,,,,,,,,,,,,,,,,,,,,,,,,Hidropulso,Tóxico,Poder Oculto,Día Soleado,Rayo Hielo,Ventisca,Hiperrayo,Protección,Danza Lluvia,Rayo Solar,Cola Férrea,Rayo,Trueno,Terremoto,Doble Equipo,Onda Voltio,Lanzallamas,Tormenta Arena,Llamarada,Tumba Rocas,Imagen,Atracción,Vendetta,Gigaimpacto,Roca Afilada,Avalancha,Vozarrón,Surf,Fuerza,Golpe Roca,Treparrocas,,,,,,,,,,,,,,,,,,,,,,,,,,,,,,,,,,,,,,,,,,,,,,,,,,,,,,,,,,,,,,,,,,,,,,,,,,,,,,,,,,,,,,,,,,,,,,,,,,,,,,,,,,,,,,,,,,,,,,,,,,,,,,,,,,,,,,,,,,,,,,,,,,,,,,,,,,,,,,,,,,,,,,,,,,,,,,,,,,,,,,,,,,,,,,,,,,,,,,,,,,,,,,,,,,,,,,,,,,,,,,,,,Ronquido,Refuerzo,Terratemblor,Rencor,Alboroto,Pataleta,Imitación,Cabezazo Zen,Cabeza de Hierro,Viento Hielo,Electrocañón,Esfuerzo,Enfado,,,,,,,,,,,,,,,,,,,,,,,,,,,,,,,,,,,,,,,,,,,,,,,,,,,,,,,,,,,,,,,,,,,,,,,,,,,,,,,,,,,,,,,
Magikarp,129,129,0,Agua,,Water 2,Dragon,Ningún objeto,Ningún objeto,Ningún objeto,Nado Rápido,Nado Rápido,Cobardía,20,10,55,15,20,80,1,Salpicadura,1,Placaje,1,Azote,15,Bote,,,,,,,,,,,,,,,,,,,,,,,,,,,,,,,,,,,,,,,,,,,,,,,,,,,,,,,,,,,,,,,,,,,,,,,,,,,,,,,,,,,,,,,,,,,,,,,,,,,,,,,,,,,,,,,,,,,,,,,,,,,,,,,,,,,,,,,,,,,,,,,,,,,,,,,,,,,,,,,,,,,,,,,,,,,,,,,,,,,,,,,,,,,,,,,,,,,,,,,,,,,,,,,,,,,,,,,,,,,,,,,,,,,,,,,,,,,,,,,,,,,,,,,,,,,,,,,,,,,,,,,,,,,,,,,,,,,,,,,,,,,,,,,,,,,,,,,,,,,,,,,,,,,,,,,,,,,,,,,,,,,,,,,,,,,,,,,,,,,,,,,,,,,,Bote,,,,,,,,,,,,,,,,,,,,,,,,,,,,,,,,,,,,,,,,,,,,,,,,,,,,,,,,,,,,,,,,,,,,,,,,,,,,,,,,,,,,,,,,,,,,,,,,,,,
Gyarados,130,130,0,Agua,Volador,Water 2,Dragon,Ningún objeto,Ningún objeto,Ningún objeto,Intimidación,Intimidación,Autoestima,95,125,79,60,100,81,0,Mordisco,1,Ciclón,1,Malicioso,1,Placaje,1,Salpicadura,1,Azote,1,Mordisco,1,Atadura,1,Golpe,4,Torbellino,12,Salmuera,20,Mordisco,21,Cascada,26,Colmillo Hielo,29,Acua Cola,32,Cara Susto,35,Triturar,38,Danza Dragón,41,Enfado,44,Hidrobomba,47,Danza Lluvia,50,Vendaval,53,Hiperrayo,,,,,,,,,,,,,,,,,,,,,,,,,,,,,,,,,,,,,,,,,,,,,,,,,,,,,,,Hidropulso,Rugido,Tóxico,Granizo,Mofa,Rayo Hielo,Ventisca,Hiperrayo,Protección,Danza Lluvia,Cola Férrea,Rayo,Trueno,Terremoto,Doble Equipo,Lanzallamas,Tormenta Arena,Llamarada,Tormento,Atracción,Salmuera,Escaldar,Aguante,Pulso Dragón,Vendetta,Gigaimpacto,Roca Afilada,Alud,Onda Trueno,Pulso Umbrío,Vozarrón,Vendaval,Surf,Fuerza,Golpe Roca,Cascada,,,,,,,,,,,,,,,,,,,,,,,,,,,,,,,,,,,,,,,,,,,,,,,,,,,,,,,,,,,,,,,,,,,,,,,,,,,,,,,,,,,,,,,,,,,,,,,,,,,,,,,,,,,,,,,,,,,,,,,,,,,,,,,,,,,,,,,,,,,,,,,,,,,,,,,,,,,,,,,,,,,,,,,,,,,,,,,,,,,,,,,,,,,,,,,,,,,,,,,,,,,,,,,,,,,,,,,,,,,,Ronquido,Terratemblor,Rencor,Alboroto,Buceo,Bote,Cabeza de Hierro,Acua Cola,Viento Hielo,Electrocañón,Enfado,Ciclón,,,,,,,,,,,,,,,,,,,,,,,,,,,,,,,,,,,,,,,,,,,,,,,,,,,,,,,,,,,,,,,,,,,,,,,,,,,,,,,,,,,,,,,,
Lapras,131,131,0,Agua,Hielo,Monster,Water 1,Agua Mística,Agua Mística,Agua Mística,Absorbe Agua,Caparazón,Hidratación,130,85,80,85,95,60,1,Pistola Agua,1,Gruñido,1,Canto,4,Neblina,7,Rayo Confuso,10,Esquirla Helada,13,Hidropulso,15,Gota Vital,16,Golpe Cuerpo,19,Danza Lluvia,22,Canto Mortal,25,Rayo Hielo,28,Rayo Burbuja,31,Alud,34,Pulso Dragón,35,Taladradora,37,Chuzos,40,Premonición,43,Danza Dragón,46,Hidroariete,49,Megacuerno,52,Hidrobomba,55,Frío Polar,,,,,,,,,,,,,,,,,,,,,,,,,,,,,,,,,,,,,,,,,,,,,,,,,,,,,,,Hidropulso,Rugido,Tóxico,Granizo,Rayo Hielo,Ventisca,Hiperrayo,Protección,Danza Lluvia,Velo Sagrado,Cola Férrea,Rayo,Trueno,Psíquico,Doble Equipo,Onda Voltio,Descanso,Atracción,Escaldar,Pulso Dragón,Gigaimpacto,Alud,Vozarrón,Brillo Mágico,Surf,Fuerza,Golpe Roca,Cascada,,,,,,,,,,,,,,,,,,,,,,,,,,,,,,,,,,,,,,,,,,,,,,,,,,,,,,,,,,,,,,,,,,,,,,,,,,,,,,,,,,,,,,,,,,,,,,,,,,,,,,,,,,,,,,,,,,,,,,,,,,,,,,,,Cosquillas,Maldición,Perforador,Poder Pasado,Fisura,Liofilización,Danza Dragón,Torbellino,Premonición,,,,,,,,,,,,,,,,,,,,,,,,,,,,,,,,,,,,,,,,,,,,,,,,,,,,,,,,,,,,,,,,,,,,,,,,,,,,,,,,,,,,,,,,,,,,Ronquido,Refuerzo,Terratemblor,Bloqueo,Cascabel Cura,Rayo Señal,Poder Pasado,Buceo,Cabezazo Zen,Cabeza de Hierro,Taladradora,Acua Cola,Viento Hielo,Electrocañón,Enfado,,,,,,,,,,,,,,,,,,,,,,,,,,,,,,,,,,,,,,,,,,,,,,,,,,,,,,,,,,,,,,,,,,,,,,,,,,,,,,,,,,,,,
Ditto,132,132,0,Normal,,Ditto,Ditto,Polvo Veloz,Ningún objeto,Polvo Metálico,Impostor,Impostor,Impostor,48,48,48,48,48,48,1,Transformación,,,,,,,,,,,,,,,,,,,,,,,,,,,,,,,,,,,,,,,,,,,,,,,,,,,,,,,,,,,,,,,,,,,,,,,,,,,,,,,,,,,,,,,,,,,,,,,,,,,,,,,,,,,,,,,,,,,,,,,,,,,,,,,,,,,,,,,,,,,,,,,,,,,,,,,,,,,,,,,,,,,,,,,,,,,,,,,,,,,,,,,,,,,,,,,,,,,,,,,,,,,,,,,,,,,,,,,,,,,,,,,,,,,,,,,,,,,,,,,,,,,,,,,,,,,,,,,,,,,,,,,,,,,,,,,,,,,,,,,,,,,,,,,,,,,,,,,,,,,,,,,,,,,,,,,,,,,,,,,,,,,,,,,,,,,,,,,,,,,,,,,,,,,,,,,,,,,,,,,,,,,,,,,,,,,,,,,,,,,,,,,,,,,,,,,,,,,,,,,,,,,,,,,,,,,,,,,,,,,,,,,,,,,,,,,,,,,,,,,,,,,,,,,,,,,,,
Eevee,133,133,0,Normal,,Field,Field,Ningún objeto,Ningún objeto,Ningún objeto,Fuga,Adaptable,Aclimatación,55,55,50,45,65,55,1,Látigo,1,Gruñido,1,Placaje,1,Refuerzo,1,Antojo,1,Mordisco,7,Ataque Arena,10,Ataque Rápido,13,Relevo,15,Ojitos Tiernos,16,Meteoros,22,Deseo,25,Derribo,28,Llanto Falso,30,Copión,31,Encanto,34,Doble Filo,37,Cascabel Cura,40,Última Baza,,,,,,,,,,,,,,,,,,,,,,,,,,,,,,,,,,,,,,,,,,,,,,,,,,,,,,,,,,,,,,,Tóxico,Poder Oculto,Día Soleado,Protección,Danza Lluvia,Cola Férrea,Excavar,Bola Sombra,Doble Equipo,Descanso,Atracción,Hierba Lazo,,,,,,,,,,,,,,,,,,,,,,,,,,,,,,,,,,,,,,,,,,,,,,,,,,,,,,,,,,,,,,,,,,,,,,,,,,,,,,,,,,,,,,,,,,,,,,,,,,,,,,,,,,,,,,,,,,,,,,,,,,,,,,,,,,,,,,,,,,,,,,,,Azote,Maldición,Cosquillas,Bostezo,Detección,Doble Patada,Bofetón Lodo,Deseo,Encanto,Llanto Falso,Antojo,Poder Reserva,,,,,,,,,,,,,,,,,,,,,,,,,,,,,,,,,,,,,,,,,,,,,,,,,,,,,,,,,,,,,,,,,,,,,,,,,,,,,,,,,,,,,,,,,Ronquido,Refuerzo,Antojo,Bofetón Lodo,Aguzar,Cascabel Cura,Meteoros,Última Baza,,,,,,,,,,,,,,,,,,,,,,,,,,,,,,,,,,,,,,,,,,,,,,,,,,,,,,,,,,,,,,,,,,,,,,,,,,,,,,,,,,,,,,,,,,,,
Vaporeon,134,134,0,Agua,,Field,Field,Ningún objeto,Ningún objeto,Ningún objeto,Absorbe Agua,Hidratación,Cura Lluvia,130,65,60,110,95,65,0,Pistola Agua,1,Látigo,1,Gruñido,1,Placaje,1,Refuerzo,1,Doble Filo,1,Encanto,1,Derribo,1,Relevo,1,Copión,1,Mordisco,1,Meteoros,1,Antojo,1,Pistola Agua,7,Ataque Arena,10,Ataque Rápido,13,Niebla,15,Ojitos Tiernos,16,Hidropulso,19,Rayo Aurora,22,Acua Aro,25,Escaldar,28,Paranormal,31,Armadura Ácida,34,Agua Lodosa,37,Rayo Hielo,40,Última Baza,43,Hidrobomba,,,,,,,,,,,,,,,,,,,,,,,,,,,,,,,,,,,,,,,,,,,,,Hidropulso,Rugido,Tóxico,Granizo,Poder Oculto,Día Soleado,Rayo Hielo,Ventisca,Hiperrayo,Protección,Danza Lluvia,Cola Férrea,Excavar,Bola Sombra,Doble Equipo,Descanso,Atracción,Salmuera,Escaldar,Gigaimpacto,Hierba Lazo,Surf,Fuerza,Golpe Roca,Cascada,,,,,,,,,,,,,,,,,,,,,,,,,,,,,,,,,,,,,,,,,,,,,,,,,,,,,,,,,,,,,,,,,,,,,,,,,,,,,,,,,,,,,,,,,,,,,,,,,,,,,,,,,,,,,,,,,,,,,,,,,,,,,,,,,,,Azote,Maldición,Cosquillas,Bostezo,Detección,Doble Patada,Bofetón Lodo,Deseo,Encanto,Llanto Falso,Antojo,Poder Reserva,,,,,,,,,,,,,,,,,,,,,,,,,,,,,,,,,,,,,,,,,,,,,,,,,,,,,,,,,,,,,,,,,,,,,,,,,,,,,,,,,,,,,,,,,Ronquido,Refuerzo,Antojo,Bofetón Lodo,Aguzar,Cascabel Cura,Rayo Señal,Buceo,Meteoros,Acua Cola,Viento Hielo,Última Baza,,,,,,,,,,,,,,,,,,,,,,,,,,,,,,,,,,,,,,,,,,,,,,,,,,,,,,,,,,,,,,,,,,,,,,,,,,,,,,,,,,,,,,,,
Jolteon,135,135,0,Eléctrico,,Field,Field,Ningún objeto,Ningún objeto,Ningún objeto,Absorbe Elec,Batería,Tenacidad,65,65,60,110,95,130,0,Impactrueno,1,Látigo,1,Gruñido,1,Placaje,1,Refuerzo,1,Doble Filo,1,Encanto,1,Derribo,1,Relevo,1,Copión,1,Mordisco,1,Meteoros,1,Antojo,1,Impactrueno,7,Ataque Arena,10,Ataque Rápido,13,Onda Trueno,15,Ojitos Tiernos,16,Onda Voltio,19,Doble Patada,22,Colmillo Rayo,25,Chispazo,28,Paranormal,31,Agilidad,34,Rayo,37,Pin Misil,40,Última Baza,43,Trueno,,,,,,,,,,,,,,,,,,,,,,,,,,,,,,,,,,,,,,,,,,,,,Rugido,Tóxico,Poder Oculto,Día Soleado,Hiperrayo,Pantalla de Luz,Protección,Danza Lluvia,Cola Férrea,Rayo,Trueno,Excavar,Bola Sombra,Doble Equipo,Onda Voltio,Imagen,Voltiocambio,Descanso,Atracción,Voltio Cruel,Gigaimpacto,Destello,Onda Trueno,Hierba Lazo,Fuerza,Golpe Roca,,,,,,,,,,,,,,,,,,,,,,,,,,,,,,,,,,,,,,,,,,,,,,,,,,,,,,,,,,,,,,,,,,,,,,,,,,,,,,,,,,,,,,,,,,,,,,,,,,,,,,,,,,,,,,,,,,,,,,,,,,,,,,,,,,Azote,Maldición,Cosquillas,Bostezo,Detección,Doble Patada,Bofetón Lodo,Deseo,Encanto,Llanto Falso,Antojo,Poder Reserva,,,,,,,,,,,,,,,,,,,,,,,,,,,,,,,,,,,,,,,,,,,,,,,,,,,,,,,,,,,,,,,,,,,,,,,,,,,,,,,,,,,,,,,,,Ronquido,Refuerzo,Antojo,Bofetón Lodo,Aguzar,Cascabel Cura,Rayo Señal,Levitón,Meteoros,Electrocañón,Última Baza,,,,,,,,,,,,,,,,,,,,,,,,,,,,,,,,,,,,,,,,,,,,,,,,,,,,,,,,,,,,,,,,,,,,,,,,,,,,,,,,,,,,,,,,,
Flareon,136,136,0,Fuego,,Field,Field,Ningún objeto,Ningún objeto,Ningún objeto,Absorbe Fuego,Agallas,Pies Rápidos,110,130,60,65,65,95,0,Ascuas,1,Látigo,1,Gruñido,1,Placaje,1,Refuerzo,1,Doble Filo,1,Encanto,1,Derribo,1,Relevo,1,Copión,1,Meteoros,1,Antojo,1,Ascuas,1,Mordisco,7,Ataque Arena,10,Ataque Rápido,13,Polución,15,Ojitos Tiernos,16,Colmillo Ígneo,19,Giro Fuego,22,Rueda Fuego,25,Humareda,28,Carantoña,31,Cara Susto,34,Lanzallamas,37,A Bocajarro,40,Última Baza,43,Envite Ígneo,,,,,,,,,,,,,,,,,,,,,,,,,,,,,,,,,,,,,,,,,,,,,Rugido,Tóxico,Poder Oculto,Día Soleado,Hiperrayo,Protección,Danza Lluvia,Cola Férrea,Excavar,Bola Sombra,Doble Equipo,Lanzallamas,Llamarada,Imagen,Descanso,Atracción,Sofoco,Fuego Fatuo,Gigaimpacto,Avalancha,Hierba Lazo,Fuerza,Golpe Roca,,,,,,,,,,,,,,,,,,,,,,,,,,,,,,,,,,,,,,,,,,,,,,,,,,,,,,,,,,,,,,,,,,,,,,,,,,,,,,,,,,,,,,,,,,,,,,,,,,,,,,,,,,,,,,,,,,,,,,,,,,,,,,,,,,,,,Azote,Maldición,Cosquillas,Bostezo,Detección,Doble Patada,Bofetón Lodo,Deseo,Encanto,Llanto Falso,Antojo,Poder Reserva,,,,,,,,,,,,,,,,,,,,,,,,,,,,,,,,,,,,,,,,,,,,,,,,,,,,,,,,,,,,,,,,,,,,,,,,,,,,,,,,,,,,,,,,,Ronquido,Refuerzo,Bofetón Lodo,Aguzar,Cascabel Cura,Meteoros,Arenas Ardientes,Onda Ígnea,Fuerza Bruta,Electrocañón,Última Baza,,,,,,,,,,,,,,,,,,,,,,,,,,,,,,,,,,,,,,,,,,,,,,,,,,,,,,,,,,,,,,,,,,,,,,,,,,,,,,,,,,,,,,,,,
Porygon,137,137,0,Normal,,Mineral,Mineral,Ningún objeto,Ningún objeto,Ningún objeto,Rastro,Descarga,Cálculo Final,65,60,70,85,75,40,1,Conversión,1,Placaje,1,Conversión2,1,Levitón,4,Afilar,7,Psicorrayo,10,Agilidad,13,Recuperación,15,Impactrueno,16,Rayo Carga,19,Barrera,22,Reciclaje,25,Triataque,28,Chispazo,29,Rayo Señal,31,Fijar Blanco,34,Capa Mágica,37,Rayo,40,Espacio Raro,43,Psíquico,46,Electrocañón,49,Hiperrayo,,,,,,,,,,,,,,,,,,,,,,,,,,,,,,,,,,,,,,,,,,,,,,,,,,,,,,,,,Tóxico,Día Soleado,Rayo Hielo,Ventisca,Hiperrayo,Protección,Danza Lluvia,Rayo Solar,Cola Férrea,Rayo,Trueno,Psíquico,Bola Sombra,Doble Equipo,Onda Voltio,Golpe Aéreo,Ladrón,Voltio Cruel,Reciclaje,Gigaimpacto,Destello,Onda Trueno,Autosugestión,Brillo Mágico,Espacio Raro,,,,,,,,,,,,,,,,,,,,,,,,,,,,,,,,,,,,,,,,,,,,,,,,,,,,,,,,,,,,,,,,,,,,,,,,,,,,,,,,,,,,,,,,,,,,,,,,,,,,,,,,,,,,,,,,,,,,,,,,,,,,,,,,,,,,,,,,,,,,,,,,,,,,,,,,,,,,,,,,,,,,,,,,,,,,,,,,,,,,,,,,,,,,,,,,,,,,,,,,,,,,,,,,,,,,,,,,,,,,,,,,,,,,,,,Ronquido,Cambio de Banda,Electrotela,Rayo Señal,Zona Extraña,Levitón,Cabezazo Zen,Capa Mágica,Divide Dolor,Meteoros,Truco,Gravedad,Viento Hielo,Electrocañón,Última Baza,Juego Sucio,,,,,,,,,,,,,,,,,,,,,,,,,,,,,,,,,,,,,,,,,,,,,,,,,,,,,,,,,,,,,,,,,,,,,,,,,,,,,,,,,,,,
Omanyte,138,138,0,Roca,Agua,Water 1,Water 3,Ningún objeto,Ningún objeto,Ningún objeto,Nado Rápido,Caparazón,Armadura Frágil,35,40,100,90,55,35,1,Atadura,1,Pistola Agua,1,Restricción,4,Refugio,7,Malicioso,10,Ataque Arena,10,Mordisco,13,Rodar,16,Disparo Lodo,19,Rayo Aurora,22,Rayo Burbuja,25,Poder Pasado,28,Protección,31,Agua Lodosa,34,Tierra Viva,35,Salmuera,37,Cosquillas,40,Joya de Luz,43,Pedrada,46,Hidrobomba,50,Surf,55,Rompecoraza,,,,,,,,,,,,,,,,,,,,,,,,,,,,,,,,,,,,,,,,,,,,,,,,,,,,,,,,,Hidropulso,Tóxico,Granizo,Rayo Hielo,Ventisca,Protección,Danza Lluvia,Doble Equipo,Tormenta Arena,Tumba Rocas,Atracción,Ladrón,Salmuera,Escaldar,Pulimento,Giro Bola,Trampa Rocas,Avalancha,Surf,Golpe Roca,Cascada,,,,,,,,,,,,,,,,,,,,,,,,,,,,,,,,,,,,,,,,,,,,,,,,,,,,,,,,,,,,,,,,,,,,,,,,,,,,,,,,,,,,,,,,,,,,,,,,,,,,,,,,,,,,,,,,,,,,,,,,,,,,,,,,,,,,,,,Rayo Aurora,Rayo Burbuja,Niebla,Desarme,Clonatipo,Atizar,Supersónico,Mordisco,Cosquillas,Púas,Púas Tóxicas,Agua Lodosa,Torbellino,,,,,,,,,,,,,,,,,,,,,,,,,,,,,,,,,,,,,,,,,,,,,,,,,,,,,,,,,,,,,,,,,,,,,,,,,,,,,,,,,,,,,,,,Ronquido,Atadura,Rodar,Púas,Poder Pasado,Defensa Férrea,Buceo,Viento Hielo,Desarme,Tierra Viva,,,,,,,,,,,,,,,,,,,,,,,,,,,,,,,,,,,,,,,,,,,,,,,,,,,,,,,,,,,,,,,,,,,,,,,,,,,,,,,,,,,,,,,,,,
Omastar,139,139,0,Roca,Agua,Water 1,Water 3,Ningún objeto,Ningún objeto,Ningún objeto,Nado Rápido,Caparazón,Armadura Frágil,70,60,125,115,70,55,0,Triturar,0,Clavo Cañón,1,Ataque Arena,1,Desarme,1,Atadura,1,Púas Tóxicas,1,Pistola Agua,1,Restricción,1,Púas,1,Triturar,1,Clavo Cañón,4,Refugio,7,Malicioso,10,Mordisco,13,Rodar,16,Disparo Lodo,19,Rayo Aurora,22,Rayo Burbuja,25,Poder Pasado,28,Protección,32,Agua Lodosa,35,Salmuera,36,Tierra Viva,40,Cosquillas,44,Joya de Luz,48,Pedrada,52,Hidrobomba,56,Surf,63,Rompecoraza,,,,,,,,,,,,,,,,,,,,,,,,,,,,,,,,,,,,,,,,,,,Hidropulso,Tóxico,Granizo,Rayo Hielo,Ventisca,Hiperrayo,Protección,Danza Lluvia,Doble Equipo,Tormenta Arena,Tumba Rocas,Atracción,Ladrón,Salmuera,Escaldar,Gigaimpacto,Pulimento,Roca Afilada,Giro Bola,Trampa Rocas,Avalancha,Surf,Golpe Roca,Cascada,Treparrocas,,,,,,,,,,,,,,,,,,,,,,,,,,,,,,,,,,,,,,,,,,,,,,,,,,,,,,,,,,,,,,,,,,,,,,,,,,,,,,,,,,,,,,,,,,,,,,,,,,,,,,,,,,,,,,,,,,,,,,,,,,,,,,,,,,,Rayo Aurora,Rayo Burbuja,Niebla,Desarme,Clonatipo,Atizar,Supersónico,Mordisco,Cosquillas,Púas,Púas Tóxicas,Agua Lodosa,Torbellino,,,,,,,,,,,,,,,,,,,,,,,,,,,,,,,,,,,,,,,,,,,,,,,,,,,,,,,,,,,,,,,,,,,,,,,,,,,,,,,,,,,,,,,,Ronquido,Atadura,Rodar,Púas,Poder Pasado,Defensa Férrea,Sísmico,Buceo,Viento Hielo,Desarme,Tierra Viva,,,,,,,,,,,,,,,,,,,,,,,,,,,,,,,,,,,,,,,,,,,,,,,,,,,,,,,,,,,,,,,,,,,,,,,,,,,,,,,,,,,,,,,,,
Kabuto,140,140,0,Roca,Agua,Water 1,Water 3,Ningún objeto,Ningún objeto,Ningún objeto,Nado Rápido,Armadura Batalla,Armadura Frágil,30,80,90,55,45,55,1,Fortaleza,1,Arañazo,1,Malicioso,7,Absorber,10,Acua Jet,13,Rodar,16,Disparo Lodo,19,Avalancha,22,Ataque Arena,25,Poder Pasado,28,Aguante,31,Cascada,34,Desarme,35,Salmuera,37,Megaagotar,40,Eco Metálico,41,Protección,46,Chupavidas,50,Hidroariete,60,Roca Afilada,,,,,,,,,,,,,,,,,,,,,,,,,,,,,,,,,,,,,,,,,,,,,,,,,,,,,,,,,,,,,Hidropulso,Tóxico,Granizo,Rayo Hielo,Ventisca,Protección,Danza Lluvia,Gigadrenado,Excavar,Doble Equipo,Tormenta Arena,Tumba Rocas,Golpe Aéreo,Atracción,Ladrón,Salmuera,Escaldar,Pulimento,Roca Afilada,Trampa Rocas,Avalancha,Surf,Golpe Roca,Cascada,,,,,,,,,,,,,,,,,,,,,,,,,,,,,,,,,,,,,,,,,,,,,,,,,,,,,,,,,,,,,,,,,,,,,,,,,,,,,,,,,,,,,,,,,,,,,,,,,,,,,,,,,,,,,,,,,,,,,,,,,,,,,,,,,,,,Rayo Aurora,Rayo Burbuja,Rayo Confuso,Azote,Desarme,Giro Rápido,Derribo,Megaagotar,Disparo Lodo,Viento Hielo,Chirrido,,,,,,,,,,,,,,,,,,,,,,,,,,,,,,,,,,,,,,,,,,,,,,,,,,,,,,,,,,,,,,,,,,,,,,,,,,,,,,,,,,,,,,,,,,Ronquido,Rodar,Bofetón Lodo,Poder Pasado,Defensa Férrea,Buceo,Chupavidas,Viento Hielo,Desarme,Tierra Viva,,,,,,,,,,,,,,,,,,,,,,,,,,,,,,,,,,,,,,,,,,,,,,,,,,,,,,,,,,,,,,,,,,,,,,,,,,,,,,,,,,,,,,,,,,
Kabutops,141,141,0,Roca,Agua,Water 1,Water 3,Ningún objeto,Ningún objeto,Ningún objeto,Nado Rápido,Armadura Batalla,Armadura Frágil,60,115,105,65,70,80,0,Cuchillada,1,Ataque Arena,1,Arañazo,1,Fortaleza,1,Giro Rápido,1,Amago,1,Cuchillada,1,Malicioso,7,Absorber,10,Acua Jet,13,Rodar,16,Disparo Lodo,19,Avalancha,22,Ataque Arena,25,Poder Pasado,28,Aguante,30,Tajo Umbrío,30,Cuchillada,32,Cascada,35,Salmuera,36,Desarme,40,Megaagotar,43,Protección,44,Eco Metálico,52,Chupavidas,56,Hidroariete,60,Roca Afilada,,,,,,,,,,,,,,,,,,,,,,,,,,,,,,,,,,,,,,,,,,,,,,,Hidropulso,Tóxico,Granizo,Rayo Hielo,Ventisca,Hiperrayo,Protección,Danza Lluvia,Gigadrenado,Excavar,Demolición,Doble Equipo,Tormenta Arena,Tumba Rocas,Golpe Aéreo,Atracción,Ladrón,Salmuera,Escaldar,Gigaimpacto,Pulimento,Roca Afilada,Danza Espada,Trampa Rocas,Avalancha,Tijera X,Corte,Surf,Golpe Roca,Cascada,Treparrocas,,,,,,,,,,,,,,,,,,,,,,,,,,,,,,,,,,,,,,,,,,,,,,,,,,,,,,,,,,,,,,,,,,,,,,,,,,,,,,,,,,,,,,,,,,,,,,,,,,,,,,,,,,,,,,,,,,,,,,,,,,,,,Rayo Aurora,Rayo Burbuja,Rayo Confuso,Azote,Desarme,Giro Rápido,Derribo,Megaagotar,Disparo Lodo,Viento Hielo,Chirrido,,,,,,,,,,,,,,,,,,,,,,,,,,,,,,,,,,,,,,,,,,,,,,,,,,,,,,,,,,,,,,,,,,,,,,,,,,,,,,,,,,,,,,,,,,Ronquido,Rodar,Bofetón Lodo,Corte Furia,Poder Pasado,Defensa Férrea,Sísmico,Buceo,Patada Baja,Acua Cola,Chupavidas,Viento Hielo,Fuerza Bruta,Desarme,Hidroariete,Tierra Viva,,,,,,,,,,,,,,,,,,,,,,,,,,,,,,,,,,,,,,,,,,,,,,,,,,,,,,,,,,,,,,,,,,,,,,,,,,,,,,,,,,,,
Aerodactyl,142,142,0,Roca,Volador,Flying,Flying,Ningún objeto,Ningún objeto,Ningún objeto,Cabeza Roca,Presión,Mandíbula Fuerte,80,105,65,60,75,130,1,Mordisco,1,Colmillo Hielo,1,Colmillo Ígneo,1,Colmillo Rayo,1,Supersónico,1,Cara Susto,9,Rugido,13,Agilidad,17,Ataque Ala,21,Poder Pasado,25,Triturar,29,Avalancha,33,Derribo,37,Garra Dragón,41,Cabeza de Hierro,45,Terremoto,49,Roca Afilada,53,Pájaro Osado,57,Hiperrayo,61,Gigaimpacto,65,Ataque Aéreo,,,,,,,,,,,,,,,,,,,,,,,,,,,,,,,,,,,,,,,,,,,,,,,,,,,,,,,,,,,Garra Dragón,Rugido,Tóxico,Día Soleado,Mofa,Hiperrayo,Protección,Danza Lluvia,Cola Férrea,Terremoto,Doble Equipo,Lanzallamas,Tormenta Arena,Llamarada,Tumba Rocas,Golpe Aéreo,Tormento,Atracción,Ladrón,Ala de Acero,Respiro,Aguante,Pulso Dragón,Vendetta,Gigaimpacto,Pulimento,Roca Afilada,Trampa Rocas,Avalancha,Vozarrón,Vendaval,Vuelo,Fuerza,Despejar,Golpe Roca,,,,,,,,,,,,,,,,,,,,,,,,,,,,,,,,,,,,,,,,,,,,,,,,,,,,,,,,,,,,,,,,,,,,,,,,,,,,,,,,,,,,,,,,,,,,,,,,,,,,,,,,,,,,,,,,,,,,,,,,,Maldición,Dragoaliento,Viento Afín,Remolino,Vasta Guardia,Buena Baza,,,,,,,,,,,,,,,,,,,,,,,,,,,,,,,,,,,,,,,,,,,,,,,,,,,,,,,,,,,,,,,,,,,,,,,,,,,,,,,,,,,,,,,,,,,,,,,Ronquido,Terratemblor,Aire Afilado,Ala Bis,Aguzar,Poder Pasado,Viento Aciago,Ataque Aéreo,Viento Afín,Meteoros,Cabeza de Hierro,Acua Cola,Onda Ígnea,Ciclón,Tierra Viva,,,,,,,,,,,,,,,,,,,,,,,,,,,,,,,,,,,,,,,,,,,,,,,,,,,,,,,,,,,,,,,,,,,,,,,,,,,,,,,,,,,,,
Snorlax,143,143,0,Normal,,Monster,Monster,Restos,Restos,Restos,Sebo,Inmunidad,Gula,160,110,65,65,110,30,1,Rizo Defensa,1,Placaje,1,Última Baza,1,Azote,1,Metrónomo,1,Chirrido,1,Tragar,1,Reserva,1,Antojo,1,Maldición,9,Amnesia,12,Lengüetazo,15,Reciclaje,16,Mordisco,18,Bostezo,21,Golpe Cuerpo,24,Ronquido,24,Descanso,26,Sonámbulo,27,Relajo,30,Rodar,32,Cuerpo Pesado,33,Cabezazo Zen,36,Triturar,39,Bloqueo,40,Fuerza Equina,42,Tambor,44,Machada,45,Doble Filo,51,Gigaimpacto,52,Eructo,55,Fuerza Bruta,,,,,,,,,,,,,,,,,,,,,,,,,,,,,,,,,,,,,Puño Certero,Hidropulso,Tóxico,Poder Oculto,Día Soleado,Rayo Hielo,Ventisca,Hiperrayo,Protección,Danza Lluvia,Rayo Solar,Rayo,Trueno,Terremoto,Psíquico,Bola Sombra,Demolición,Doble Equipo,Onda Voltio,Lanzallamas,Tormenta Arena,Llamarada,Tumba Rocas,Imagen,Descanso,Atracción,Onda Certera,Lanzamiento,Reciclaje,Gigaimpacto,Avalancha,Vozarrón,Surf,Fuerza,Golpe Roca,Treparrocas,,,,,,,,,,,,,,,,,,,,,,,,,,,,,,,,,,,,,,,,,,,,,,,,,,,,,,,,,,,,,,,,,,,,,,,,,,,,,,,,,,,,,,,,,,,,,,,,,,,,,,,,,,,,,,,,,,,,,,,,Doble Filo,Maldición,Fisura,Contraataque,Eructo,Lengüetazo,Encanto,Remolino,Cabezazo Zen,Cede Paso,Autodestrucción,,,,,,,,,,,,,,,,,,,,,,,,,,,,,,,,,,,,,,,,,,,,,,,,,,,,,,,,,,,,,,,,,,,,,,,,,,,,,,,,,,,,,,,,,,Ronquido,Antojo,Cede Paso,Terratemblor,Rodar,Bofetón Lodo,Bloqueo,Autodestrucción,Alboroto,Pataleta,Puño Fuego,Puño Hielo,Puño Trueno,Sísmico,Cabezazo Zen,Bomba Germen,Cabeza de Hierro,Puño Incremento,Viento Hielo,Fuerza Bruta,Electrocañón,Última Baza,Enfado,Lanzamugre,,,,,,,,,,,,,,,,,,,,,,,,,,,,,,,,,,,,,,,,,,,,,,,,,,,,,,,,,,,,,,,,,,,,,,,,,,,,
Articuno,144,144,0,Hielo,Volador,No Eggs,No Eggs,Ningún objeto,Ningún objeto,Ningún objeto,Presión,Gélido,Nevada,90,75,100,95,125,95,1,Neblina,1,Tornado,1,Nieve Polvo,1,Esquirla Helada,6,Telépata,10,Poder Pasado,14,Agilidad,18,Viento Hielo,22,Reflejo,26,Granizo,30,Viento Afín,34,Rayo Hielo,35,Liofilización,38,Ventisca,42,Respiro,46,Vendaval,50,Velo Aurora,54,Frío Polar,,,,,,,,,,,,,,,,,,,,,,,,,,,,,,,,,,,,,,,,,,,,,,,,,,,,,,,,,,,,,,,,,Hidropulso,Rugido,Tóxico,Granizo,Día Soleado,Rayo Hielo,Ventisca,Hiperrayo,Protección,Danza Lluvia,Doble Equipo,Reflejo,Tormenta Arena,Golpe Aéreo,Ala de Acero,Respiro,Aguante,Gigaimpacto,Alud,Vendaval,Ida y Vuelta,Vuelo,Despejar,Golpe Roca,,,,,,,,,,,,,,,,,,,,,,,,,,,,,,,,,,,,,,,,,,,,,,,,,,,,,,,,,,,,,,,,,,,,,,,,,,,,,,,,,,,,,,,,,,,,,,,,,,,,,,,,,,,,,,,,,,,,,,,,,,,,,,,,,,,,,,,,,,,,,,,,,,,,,,,,,,,,,,,,,,,,,,,,,,,,,,,,,,,,,,,,,,,,,,,,,,,,,,,,,,,,,,,,,,,,,,,,,,,,,,,,,,,,,,,,Ronquido,Aire Afilado,Bofetón Lodo,Ala Bis,Aguzar,Rayo Señal,Poder Pasado,Viento Aciago,Ataque Aéreo,Viento Afín,Meteoros,Viento Hielo,Ciclón,,,,,,,,,,,,,,,,,,,,,,,,,,,,,,,,,,,,,,,,,,,,,,,,,,,,,,,,,,,,,,,,,,,,,,,,,,,,,,,,,,,,,,,
Zapdos,145,145,0,Eléctrico,Volador,No Eggs,No Eggs,Ningún objeto,Ningún objeto,Ningún objeto,Presión,Elec. Estática,Pararrayos,90,90,85,125,90,100,1,Picotazo,1,Impactrueno,1,Detección,6,Picoteo,10,Poder Pasado,14,Carga,18,Agilidad,22,Chispazo,26,Danza Lluvia,30,Viento Afín,34,Pico Taladro,38,Trueno,42,Respiro,46,Pantalla de Luz,50,Onda Ígnea,54,Electrocañón,65,Aura Magnética,,,,,,,,,,,,,,,,,,,,,,,,,,,,,,,,,,,,,,,,,,,,,,,,,,,,,,,,,,,,,,,,,,,Rugido,Tóxico,Granizo,Día Soleado,Hiperrayo,Pantalla de Luz,Protección,Danza Lluvia,Rayo,Trueno,Doble Equipo,Onda Voltio,Tormenta Arena,Golpe Aéreo,Imagen,Voltiocambio,Ala de Acero,Respiro,Voltio Cruel,Aguante,Gigaimpacto,Destello,Onda Trueno,Vendaval,Ida y Vuelta,Vuelo,Despejar,Golpe Roca,,,,,,,,,,,,,,,,,,,,,,,,,,,,,,,,,,,,,,,,,,,,,,,,,,,,,,,,,,,,,,,,,,,,,,,,,,,,,,,,,,,,,,,,,,,,,,,,,,,,,,,,,,,,,,,,,,,,,,,,,,,,,,,,,,,,,,,,,,,,,,,,,,,,,,,,,,,,,,,,,,,,,,,,,,,,,,,,,,,,,,,,,,,,,,,,,,,,,,,,,,,,,,,,,,,,,,,,,,,,,,,,,,,,Ronquido,Aire Afilado,Bofetón Lodo,Ala Bis,Aguzar,Rayo Señal,Poder Pasado,Viento Aciago,Ataque Aéreo,Viento Afín,Meteoros,Onda Ígnea,Electrocañón,Ciclón,,,,,,,,,,,,,,,,,,,,,,,,,,,,,,,,,,,,,,,,,,,,,,,,,,,,,,,,,,,,,,,,,,,,,,,,,,,,,,,,,,,,,,
Moltres,146,146,0,Fuego,Volador,No Eggs,No Eggs,Ningún objeto,Ningún objeto,Ningún objeto,Presión,Cuerpo Llama,Tenacidad,90,100,90,125,85,90,1,Malicioso,1,Tornado,1,Agilidad,1,Ataque Ala,1,Ascuas,1,Giro Fuego,6,Aguante,10,Poder Pasado,14,Lanzallamas,18,Velo Sagrado,22,Tajo Aéreo,26,Día Soleado,30,Calcinación,30,Onda Ígnea,34,Rayo Solar,38,Ataque Aéreo,42,Respiro,46,Vendaval,50,Energibola,54,Sofoco,65,Llama Final,,,,,,,,,,,,,,,,,,,,,,,,,,,,,,,,,,,,,,,,,,,,,,,,,,,,,,,,,,,Rugido,Tóxico,Día Soleado,Hiperrayo,Protección,Danza Lluvia,Velo Sagrado,Rayo Solar,Doble Equipo,Lanzallamas,Tormenta Arena,Llamarada,Golpe Aéreo,Ala de Acero,Sofoco,Respiro,Energibola,Aguante,Fuego Fatuo,Gigaimpacto,Vendaval,Ida y Vuelta,Vuelo,Despejar,Golpe Roca,,,,,,,,,,,,,,,,,,,,,,,,,,,,,,,,,,,,,,,,,,,,,,,,,,,,,,,,,,,,,,,,,,,,,,,,,,,,,,,,,,,,,,,,,,,,,,,,,,,,,,,,,,,,,,,,,,,,,,,,,,,,,,,,,,,,,,,,,,,,,,,,,,,,,,,,,,,,,,,,,,,,,,,,,,,,,,,,,,,,,,,,,,,,,,,,,,,,,,,,,,,,,,,,,,,,,,,,,,,,,,,,,,,,,,,Ronquido,Aire Afilado,Bofetón Lodo,Ala Bis,Aguzar,Poder Pasado,Viento Aciago,Ataque Aéreo,Viento Afín,Meteoros,Arenas Ardientes,Onda Ígnea,Ciclón,,,,,,,,,,,,,,,,,,,,,,,,,,,,,,,,,,,,,,,,,,,,,,,,,,,,,,,,,,,,,,,,,,,,,,,,,,,,,,,,,,,,,,,
Dratini,147,147,0,Dragón,,Water 1,Dragon,Ningún objeto,Ningún objeto,Escama Dragón,Escama Especial,Mudar,Multiescamas,41,64,45,50,50,50,1,Malicioso,1,Constricción,5,Ciclón,7,Onda Trueno,10,Dragoaliento,13,Acua Jet,15,Cola Dragón,19,Atizar,22,Agilidad,25,Pulso Dragón,28,Acua Cola,31,Velo Sagrado,34,Carga Dragón,37,Danza Dragón,40,Veloc. Extrema,43,Enfado,45,Danza Lluvia,46,Hiperrayo,,,,,,,,,,,,,,,,,,,,,,,,,,,,,,,,,,,,,,,,,,,,,,,,,,,,,,,,,,,,,,,,,Hidropulso,Tóxico,Granizo,Día Soleado,Rayo Hielo,Ventisca,Hiperrayo,Pantalla de Luz,Protección,Danza Lluvia,Velo Sagrado,Cola Férrea,Rayo,Trueno,Doble Equipo,Onda Voltio,Lanzallamas,Llamarada,Atracción,Pulso Dragón,Gigaimpacto,Onda Trueno,Surf,Cascada,,,,,,,,,,,,,,,,,,,,,,,,,,,,,,,,,,,,,,,,,,,,,,,,,,,,,,,,,,,,,,,,,,,,,,,,,,,,,,,,,,,,,,,,,,,,,,,,,,,,,,,,,,,,,,,,,,,,,,,,,,,,,,,,,,,,Acua Jet,Dragoaliento,Veloc. Extrema,Neblina,Supersónico,Niebla,Danza Dragón,Carga Dragón,,,,,,,,,,,,,,,,,,,,,,,,,,,,,,,,,,,,,,,,,,,,,,,,,,,,,,,,,,,,,,,,,,,,,,,,,,,,,,,,,,,,,,,,,,,,,Ronquido,Atadura,Meteoros,Acua Cola,Viento Hielo,Cometa Draco,Electrocañón,Enfado,Ciclón,,,,,,,,,,,,,,,,,,,,,,,,,,,,,,,,,,,,,,,,,,,,,,,,,,,,,,,,,,,,,,,,,,,,,,,,,,,,,,,,,,,,,,,,,,,
Dragonair,148,148,0,Dragón,,Water 1,Dragon,Ningún objeto,Ningún objeto,Escama Dragón,Escama Especial,Mudar,Multiescamas,61,84,65,70,70,70,1,Ciclón,1,Malicioso,1,Constricción,7,Onda Trueno,10,Dragoaliento,13,Acua Jet,15,Cola Dragón,19,Atizar,22,Agilidad,25,Pulso Dragón,28,Acua Cola,32,Velo Sagrado,36,Carga Dragón,40,Danza Dragón,44,Veloc. Extrema,48,Enfado,52,Hiperrayo,53,Danza Lluvia,,,,,,,,,,,,,,,,,,,,,,,,,,,,,,,,,,,,,,,,,,,,,,,,,,,,,,,,,,,,,,,,,Hidropulso,Tóxico,Granizo,Día Soleado,Rayo Hielo,Ventisca,Hiperrayo,Pantalla de Luz,Protección,Danza Lluvia,Velo Sagrado,Cola Férrea,Rayo,Trueno,Doble Equipo,Onda Voltio,Lanzallamas,Llamarada,Atracción,Pulso Dragón,Gigaimpacto,Onda Trueno,Vuelo,Surf,Cascada,,,,,,,,,,,,,,,,,,,,,,,,,,,,,,,,,,,,,,,,,,,,,,,,,,,,,,,,,,,,,,,,,,,,,,,,,,,,,,,,,,,,,,,,,,,,,,,,,,,,,,,,,,,,,,,,,,,,,,,,,,,,,,,,,,,Acua Jet,Dragoaliento,Veloc. Extrema,Neblina,Supersónico,Niebla,Danza Dragón,Carga Dragón,,,,,,,,,,,,,,,,,,,,,,,,,,,,,,,,,,,,,,,,,,,,,,,,,,,,,,,,,,,,,,,,,,,,,,,,,,,,,,,,,,,,,,,,,,,,,Ronquido,Atadura,Meteoros,Acua Cola,Viento Hielo,Cometa Draco,Electrocañón,Enfado,Ciclón,,,,,,,,,,,,,,,,,,,,,,,,,,,,,,,,,,,,,,,,,,,,,,,,,,,,,,,,,,,,,,,,,,,,,,,,,,,,,,,,,,,,,,,,,,,
Dragonite,149,149,0,Dragón,Volador,Water 1,Dragon,Ningún objeto,Ningún objeto,Escama Dragón,Escama Especial,Mudar,Multiescamas,91,134,95,100,100,80,0,Vendaval,1,Ciclón,1,Malicioso,1,Constricción,1,Puño Trueno,1,Puño Fuego,1,Ataque Ala,1,Vendaval,7,Onda Trueno,10,Dragoaliento,13,Acua Jet,15,Cola Dragón,19,Atizar,22,Agilidad,25,Pulso Dragón,28,Acua Cola,32,Velo Sagrado,36,Carga Dragón,40,Danza Dragón,44,Veloc. Extrema,48,Enfado,52,Hiperrayo,53,Danza Lluvia,55,Ataque Ala,60,Vendaval,,,,,,,,,,,,,,,,,,,,,,,,,,,,,,,,,,,,,,,,,,,,,,,,,,,Puño Certero,Garra Dragón,Hidropulso,Rugido,Tóxico,Granizo,Día Soleado,Rayo Hielo,Ventisca,Hiperrayo,Pantalla de Luz,Protección,Danza Lluvia,Velo Sagrado,Cola Férrea,Rayo,Trueno,Terremoto,Demolición,Doble Equipo,Onda Voltio,Lanzallamas,Tormenta Arena,Llamarada,Tumba Rocas,Golpe Aéreo,Atracción,Ala de Acero,Respiro,Onda Certera,Lanzamiento,Aguante,Pulso Dragón,Gigaimpacto,Roca Afilada,Onda Trueno,Avalancha,Vozarrón,Vendaval,Corte,Vuelo,Surf,Fuerza,Despejar,Golpe Roca,Cascada,,,,,,,,,,,,,,,,,,,,,,,,,,,,,,,,,,,,,,,,,,,,,,,,,,,,,,,,,,,,,,,,,,,,,,,,,,,,,,,,,,,,,,,,,,,,,,,,,,,,,,,,,,,,,,Acua Jet,Dragoaliento,Veloc. Extrema,Neblina,Supersónico,Niebla,Danza Dragón,Carga Dragón,,,,,,,,,,,,,,,,,,,,,,,,,,,,,,,,,,,,,,,,,,,,,,,,,,,,,,,,,,,,,,,,,,,,,,,,,,,,,,,,,,,,,,,,,,,,,Ronquido,Atadura,Terratemblor,Aire Afilado,Bofetón Lodo,Ala Bis,Corte Furia,Viento Aciago,Puño Fuego,Puño Hielo,Puño Trueno,Buceo,Viento Afín,Meteoros,Cabeza de Hierro,Acua Cola,Puño Incremento,Viento Hielo,Onda Ígnea,Fuerza Bruta,Cometa Draco,Electrocañón,Enfado,Ciclón,,,,,,,,,,,,,,,,,,,,,,,,,,,,,,,,,,,,,,,,,,,,,,,,,,,,,,,,,,,,,,,,,,,,,,,,,,,,
Mewtwo,150,150,0,Psíquico,,No Eggs,No Eggs,Ningún objeto,Ningún objeto,Ningún objeto,Presión,Presión,Nerviosismo,106,110,90,154,90,130,1,Velo Sagrado,1,Confusión,1,Anulación,1,Aguzar,1,Gota Vital,1,Teletransporte,6,Meteoros,8,Poder Pasado,10,Premonición,14,Autosugestión,22,Psicocorte,26,Cambiafuerza,26,Cambiadefensa,30,Recuperación,34,Amnesia,38,Psíquico,42,Neblina,46,Barrera,50,Esfera Aural,72,Onda Mental,,,,,,,,,,,,,,,,,,,,,,,,,,,,,,,,,,,,,,,,,,,,,,,,,,,,,,,,,,,,,Puño Certero,Hidropulso,Paz Mental,Tóxico,Granizo,Corpulencia,Día Soleado,Mofa,Rayo Hielo,Ventisca,Hiperrayo,Pantalla de Luz,Protección,Danza Lluvia,Velo Sagrado,Rayo Solar,Cola Férrea,Rayo,Trueno,Terremoto,Puntapié,Psíquico,Bola Sombra,Demolición,Doble Equipo,Reflejo,Onda Voltio,Lanzallamas,Tormenta Arena,Llamarada,Tumba Rocas,Golpe Aéreo,Tormento,Intercambio,Onda Certera,Energibola,Lanzamiento,Voltio Cruel,Aguante,Puño Drenaje,Fuego Fatuo,Maquinación,Reciclaje,Gigaimpacto,Destello,Roca Afilada,Alud,Onda Trueno,Autosugestión,Avalancha,Vozarrón,Puya Nociva,Brillo Mágico,Hierba Lazo,Vendaval,Espacio Raro,Fuerza,Golpe Roca,Treparrocas,,,,,,,,,,,,,,,,,,,,,,,,,,,,,,,,,,,,,,,,,,,,,,,,,,,,,,,,,,,,,,,,,,,,,,,,,,,,,,,,,,,,,,,,,,,,,,,,,,,,,,,,,,,,,,,,,,,,,,,,,,,,,,,,,,,,,,,,,,,,,,,,,,,,,,,,,,,,,,,,,,,,,,,,,,,,,,,,,,,,,,,,,,,,,,,,,,,,,Ronquido,Terratemblor,Cambio de Banda,Bofetón Lodo,Aguzar,Autodestrucción,Rayo Señal,Puño Fuego,Puño Hielo,Puño Trueno,Zona Mágica,Zona Extraña,Sísmico,Imitación,Cabezazo Zen,Capa Mágica,Meteoros,Patada Baja,Truco,Acua Cola,Gravedad,Puño Incremento,Viento Hielo,Electrocañón,Juego Sucio,,,,,,,,,,,,,,,,,,,,,,,,,,,,,,,,,,,,,,,,,,,,,,,,,,,,,,,,,,,,,,,,,,,,,,,,,,,
Mew,151,151,0,Psíquico,,No Eggs,No Eggs,Baya Ziuela,Baya Ziuela,Baya Ziuela,Sincronía,Sincronía,Rastro,100,100,100,100,100,100,1,Clonatipo,1,Destructor,1,Transformación,6,Megapuño,10,Metrónomo,14,Sorpresa,22,Relevo,26,Amnesia,34,Poder Pasado,38,Psíquico,40,Gota Vital,42,Maquinación,44,Barrera,46,Hipnosis,50,Esfera Aural,70,Sellar,,,,,,,,,,,,,,,,,,,,,,,,,,,,,,,,,,,,,,,,,,,,,,,,,,,,,,,,,,,,,,,,,,,,,Puño Certero,Garra Dragón,Hidropulso,Paz Mental,Rugido,Tóxico,Granizo,Corpulencia,Semilladora,Poder Oculto,Día Soleado,Mofa,Rayo Hielo,Ventisca,Hiperrayo,Pantalla de Luz,Protección,Danza Lluvia,Gigadrenado,Velo Sagrado,Comesueños,Rayo Solar,Cola Férrea,Rayo,Trueno,Terremoto,Puntapié,Excavar,Psíquico,Bola Sombra,Demolición,Doble Equipo,Reflejo,Onda Voltio,Lanzallamas,Bomba Lodo,Tormenta Arena,Llamarada,Tumba Rocas,Golpe Aéreo,Tormento,Imagen,Voltiocambio,Descanso,Atracción,Ladrón,Ala de Acero,Intercambio,Salmuera,Sofoco,Respiro,Onda Certera,Energibola,Falso Tortazo,Escaldar,Lanzamiento,Voltio Cruel,Aguante,Pulso Dragón,Puño Drenaje,Fuego Fatuo,Zumbido,Maquinación,Explosión,Garra Umbría,Vendetta,Reciclaje,Gigaimpacto,Pulimento,Destello,Roca Afilada,Alud,Onda Trueno,Giro Bola,Danza Espada,Trampa Rocas,Autosugestión,Alarido,Pulso Umbrío,Avalancha,Tijera X,Vozarrón,Puya Nociva,Brillo Mágico,Hierba Lazo,Vendaval,Ida y Vuelta,Foco Resplandor,Espacio Raro,Corte,Vuelo,Surf,Fuerza,Despejar,Golpe Roca,Cascada,Treparrocas,,,,,,,,,,,,,,,,,,,,,,,,,,,,,,,,,,,,,,,,,,,,,,,,,,,,,,,,,,,,,,,,,,,,,,,,,,,,,,,,,,,,,,,,,,,,,,,,,,,,,,,,,,,,,,,,,,,,,,,,,,,,,,,,,,,,,,,,,,,,,,,,,,,,,,,,,,,,,,,Ronquido,Atadura,Refuerzo,Antojo,Cede Paso,Terratemblor,Cambio de Banda,Aire Afilado,Rodar,Electrotela,Abatidoras,Bofetón Lodo,Púas,Ala Bis,Aguzar,Bloqueo,Autodestrucción,Corte Furia,Cascabel Cura,Rencor,Alboroto,Rayo Señal,Pataleta,Bilis,Síntesis,Poder Pasado,Viento Aciago,Puño Fuego,Puño Hielo,Puño Trueno,Defensa Férrea,Zona Mágica,Zona Extraña,Levitón,Sísmico,Buceo,Bote,Ataque Aéreo,Imitación,Viento Afín,Cabezazo Zen,Bomba Germen,Capa Mágica,Divide Dolor,Meteoros,Patada Baja,Cabeza de Hierro,Truco,Taladradora,Golpe Bis,Arenas Ardientes,Acua Cola,Onda Vacío,Chupavidas,Gravedad,Puño Incremento,Viento Hielo,Onda Ígnea,Fuerza Bruta,Desarme,Golpe Bajo,Electrocañón,Última Baza,Esfuerzo,Hidroariete,Juego Sucio,Superdiente,Enfado,Ciclón,Tierra Viva,Lanzamugre,,,,,,,,,,,,,,,,,,,,,,,,,,,,,
Chikorita,152,152,0,Planta,,Monster,Grass,Ningún objeto,Ningún objeto,Ningún objeto,Dicha,Espesura,Defensa Hoja,45,49,65,49,65,45,1,Gruñido,1,Placaje,5,Hoja Afilada,8,Polvo Veneno,11,Síntesis,14,Hoja Mágica,17,Pantalla de Luz,17,Reflejo,20,Beso Drenaje,23,Energibola,23,Adaptación,26,Dulce Aroma,29,Golpe Cuerpo,32,Fuerza Lunar,35,Velo Sagrado,38,Aromaterapia,41,Rayo Solar,44,Lluevehojas,,,,,,,,,,,,,,,,,,,,,,,,,,,,,,,,,,,,,,,,,,,,,,,,,,,,,,,,,,,,,,,,,Tóxico,Semilladora,Poder Oculto,Día Soleado,Pantalla de Luz,Protección,Gigadrenado,Velo Sagrado,Comesueños,Rayo Solar,Cola Férrea,Doble Equipo,Reflejo,Atracción,Energibola,Destello,Danza Espada,Hierba Lazo,Corte,,,,,,,,,,,,,,,,,,,,,,,,,,,,,,,,,,,,,,,,,,,,,,,,,,,,,,,,,,,,,,,,,,,,,,,,,,,,,,,,,,,,,,,,,,,,,,,,,,,,,,,,,,,,,,,,,,,,,,,,,,,,,,,,,,,,,,,,,Látigo Cepa,Drenadoras,Contraataque,Poder Pasado,Azote,Adaptación,Arraigo,Lluevehojas,Aromaterapia,Golpe Cuerpo,Pulso Cura,Campo de Hierba,Silbato,,,,,,,,,,,,,,,,,,,,,,,,,,,,,,,,,,,,,,,,,,,,,,,,,,,,,,,,,,,,,,,,,,,,,,,,,,,,,,,,,,,,,,,,Ronquido,Abatidoras,Bofetón Lodo,Corte Furia,Síntesis,Poder Pasado,Bomba Germen,Capa Mágica,,,,,,,,,,,,,,,,,,,,,,,,,,,,,,,,,,,,,,,,,,,,,,,,,,,,,,,,,,,,,,,,,,,,,,,,,,,,,,,,,,,,,,,,,,,,
Bayleef,153,153,0,Planta,,Monster,Grass,Ningún objeto,Ningún objeto,Ningún objeto,Dicha,Espesura,Defensa Hoja,60,62,80,63,80,60,1,Gruñido,1,Placaje,5,Hoja Afilada,8,Polvo Veneno,11,Síntesis,14,Hoja Mágica,18,Pantalla de Luz,18,Reflejo,22,Beso Drenaje,26,Energibola,26,Adaptación,30,Dulce Aroma,34,Golpe Cuerpo,38,Fuerza Lunar,42,Velo Sagrado,46,Aromaterapia,50,Rayo Solar,54,Lluevehojas,,,,,,,,,,,,,,,,,,,,,,,,,,,,,,,,,,,,,,,,,,,,,,,,,,,,,,,,,,,,,,,,,Tóxico,Semilladora,Poder Oculto,Día Soleado,Pantalla de Luz,Protección,Gigadrenado,Velo Sagrado,Comesueños,Rayo Solar,Cola Férrea,Doble Equipo,Reflejo,Atracción,Energibola,Destello,Danza Espada,Hierba Lazo,Corte,Fuerza,Golpe Roca,,,,,,,,,,,,,,,,,,,,,,,,,,,,,,,,,,,,,,,,,,,,,,,,,,,,,,,,,,,,,,,,,,,,,,,,,,,,,,,,,,,,,,,,,,,,,,,,,,,,,,,,,,,,,,,,,,,,,,,,,,,,,,,,,,,,,,,Látigo Cepa,Drenadoras,Contraataque,Poder Pasado,Azote,Adaptación,Arraigo,Lluevehojas,Aromaterapia,Golpe Cuerpo,Pulso Cura,Campo de Hierba,Silbato,,,,,,,,,,,,,,,,,,,,,,,,,,,,,,,,,,,,,,,,,,,,,,,,,,,,,,,,,,,,,,,,,,,,,,,,,,,,,,,,,,,,,,,,Ronquido,Abatidoras,Bofetón Lodo,Aguzar,Corte Furia,Síntesis,Poder Pasado,Bomba Germen,Capa Mágica,,,,,,,,,,,,,,,,,,,,,,,,,,,,,,,,,,,,,,,,,,,,,,,,,,,,,,,,,,,,,,,,,,,,,,,,,,,,,,,,,,,,,,,,,,,
Meganium,154,154,0,Planta,Hada,Monster,Grass,Ningún objeto,Ningún objeto,Ningún objeto,Dicha,Espesura,Primer Auxilio,80,82,100,93,100,80,0,Danza Pétalo,1,Gruñido,1,Placaje,1,Tierra Viva,1,Danza Pétalo,5,Hoja Afilada,8,Polvo Veneno,11,Síntesis,14,Hoja Mágica,18,Pantalla de Luz,18,Reflejo,22,Beso Drenaje,26,Energibola,26,Adaptación,30,Dulce Aroma,32,Danza Pétalo,35,Golpe Cuerpo,40,Fuerza Lunar,45,Velo Sagrado,50,Aromaterapia,55,Rayo Solar,60,Lluevehojas,65,Tierra Viva,70,Tormenta Floral,,,,,,,,,,,,,,,,,,,,,,,,,,,,,,,,,,,,,,,,,,,,,,,,,,,,,Tóxico,Semilladora,Poder Oculto,Día Soleado,Hiperrayo,Pantalla de Luz,Protección,Gigadrenado,Velo Sagrado,Comesueños,Rayo Solar,Cola Férrea,Terremoto,Doble Equipo,Reflejo,Atracción,Energibola,Gigaimpacto,Destello,Danza Espada,Vozarrón,Hierba Lazo,Corte,Fuerza,Golpe Roca,Treparrocas,,,,,,,,,,,,,,,,,,,,,,,,,,,,,,,,,,,,,,,,,,,,,,,,,,,,,,,,,,,,,,,,,,,,,,,,,,,,,,,,,,,,,,,,,,,,,,,,,,,,,,,,,,,,,,,,,,,,,,,,,,,,,,,,,,Látigo Cepa,Drenadoras,Contraataque,Poder Pasado,Azote,Adaptación,Arraigo,Lluevehojas,Aromaterapia,Golpe Cuerpo,Pulso Cura,Campo de Hierba,Silbato,,,,,,,,,,,,,,,,,,,,,,,,,,,,,,,,,,,,,,,,,,,,,,,,,,,,,,,,,,,,,,,,,,,,,,,,,,,,,,,,,,,,,,,,Ronquido,Terratemblor,Abatidoras,Bofetón Lodo,Aguzar,Corte Furia,Pataleta,Síntesis,Poder Pasado,Bomba Germen,Capa Mágica,Enfado,,,,,,,,,,,,,,,,,,,,,,,,,,,,,,,,,,,,,,,,,,,,,,,,,,,,,,,,,,,,,,,,,,,,,,,,,,,,,,,,,,,,,,,,
Cyndaquil,155,155,0,Fuego,,Field,Field,Ningún objeto,Ningún objeto,Ningún objeto,Adaptable,Mar Llamas,Absorbe Fuego,39,52,43,60,50,65,1,Malicioso,1,Placaje,5,Ascuas,8,Pantalla de Humo,11,Ataque Rápido,14,Rueda Fuego,17,Rizo Defensa,20,Inversión,23,Humareda,26,Meteoros,28,Nitrocarga,29,Paranormal,32,Lanzallamas,35,Rodar,38,Doble Filo,41,Envite Ígneo,44,Estallido,46,Infierno,58,Llama Final,,,,,,,,,,,,,,,,,,,,,,,,,,,,,,,,,,,,,,,,,,,,,,,,,,,,,,,,,,,,,,,Tóxico,Poder Oculto,Día Soleado,Protección,Excavar,Doble Equipo,Lanzallamas,Llamarada,Golpe Aéreo,Imagen,Atracción,Sofoco,Fuego Fatuo,Corte,,,,,,,,,,,,,,,,,,,,,,,,,,,,,,,,,,,,,,,,,,,,,,,,,,,,,,,,,,,,,,,,,,,,,,,,,,,,,,,,,,,,,,,,,,,,,,,,,,,,,,,,,,,,,,,,,,,,,,,,,,,,,,,,,,,,,,,,,,,,,,Golpes Furia,Ataque Rápido,Inversión,Golpe,Antojo,Aullido,Garra Brutal,Doble Filo,Doble Patada,Envite Ígneo,Paranormal,Adaptación,,,,,,,,,,,,,,,,,,,,,,,,,,,,,,,,,,,,,,,,,,,,,,,,,,,,,,,,,,,,,,,,,,,,,,,,,,,,,,,,,,,,,,,,,Ronquido,Antojo,Rodar,Bofetón Lodo,Meteoros,Arenas Ardientes,Onda Ígnea,,,,,,,,,,,,,,,,,,,,,,,,,,,,,,,,,,,,,,,,,,,,,,,,,,,,,,,,,,,,,,,,,,,,,,,,,,,,,,,,,,,,,,,,,,,,,
Quilava,156,156,0,Fuego,,Field,Field,Ningún objeto,Ningún objeto,Ningún objeto,Adaptable,Mar Llamas,Absorbe Fuego,58,64,58,80,65,80,1,Malicioso,1,Placaje,5,Ascuas,8,Pantalla de Humo,11,Ataque Rápido,14,Doble Patada,15,Rueda Fuego,19,Rizo Defensa,23,Inversión,27,Humareda,31,Meteoros,35,Paranormal,35,Nitrocarga,36,Infortunio,39,Lanzallamas,43,Rodar,47,Doble Filo,51,Envite Ígneo,53,Infierno,55,Estallido,68,Llama Final,,,,,,,,,,,,,,,,,,,,,,,,,,,,,,,,,,,,,,,,,,,,,,,,,,,,,,,,,,,Puño Certero,Rugido,Tóxico,Poder Oculto,Día Soleado,Protección,Excavar,Demolición,Doble Equipo,Lanzallamas,Llamarada,Golpe Aéreo,Imagen,Atracción,Sofoco,Fuego Fatuo,Corte,Fuerza,Golpe Roca,,,,,,,,,,,,,,,,,,,,,,,,,,,,,,,,,,,,,,,,,,,,,,,,,,,,,,,,,,,,,,,,,,,,,,,,,,,,,,,,,,,,,,,,,,,,,,,,,,,,,,,,,,,,,,,,,,,,,,,,,,,,,,,,,,,,,,,,,Golpes Furia,Ataque Rápido,Inversión,Golpe,Antojo,Aullido,Garra Brutal,Doble Filo,Doble Patada,Envite Ígneo,Paranormal,Adaptación,,,,,,,,,,,,,,,,,,,,,,,,,,,,,,,,,,,,,,,,,,,,,,,,,,,,,,,,,,,,,,,,,,,,,,,,,,,,,,,,,,,,,,,,,Ronquido,Antojo,Rodar,Bofetón Lodo,Corte Furia,Meteoros,Arenas Ardientes,Onda Ígnea,,,,,,,,,,,,,,,,,,,,,,,,,,,,,,,,,,,,,,,,,,,,,,,,,,,,,,,,,,,,,,,,,,,,,,,,,,,,,,,,,,,,,,,,,,,,
Typhlosion,157,157,0,Fuego,,Field,Field,Ningún objeto,Ningún objeto,Ningún objeto,Adaptable,Mar Llamas,Absorbe Fuego,78,79,73,124,80,101,1,Malicioso,1,Placaje,1,Doble Filo,1,Puño Fuego,1,Puño Trueno,1,Tierra Viva,5,Ascuas,8,Pantalla de Humo,11,Ataque Rápido,14,Doble Patada,15,Rueda Fuego,19,Rizo Defensa,23,Inversión,27,Humareda,31,Meteoros,35,Paranormal,35,Nitrocarga,36,Giro Bola,40,Lanzallamas,45,Rodar,50,Doble Filo,55,Envite Ígneo,56,Infierno,60,Estallido,74,Llama Final,,,,,,,,,,,,,,,,,,,,,,,,,,,,,,,,,,,,,,,,,,,,,,,,,,,Puño Certero,Rugido,Tóxico,Poder Oculto,Día Soleado,Hiperrayo,Protección,Rayo Solar,Terremoto,Excavar,Demolición,Doble Equipo,Lanzallamas,Llamarada,Tumba Rocas,Golpe Aéreo,Imagen,Atracción,Sofoco,Onda Certera,Lanzamiento,Fuego Fatuo,Garra Umbría,Gigaimpacto,Giro Bola,Avalancha,Vozarrón,Corte,Fuerza,Golpe Roca,Treparrocas,,,,,,,,,,,,,,,,,,,,,,,,,,,,,,,,,,,,,,,,,,,,,,,,,,,,,,,,,,,,,,,,,,,,,,,,,,,,,,,,,,,,,,,,,,,,,,,,,,,,,,,,,,,,,,,,,,,,,,,,,,,,,Golpes Furia,Ataque Rápido,Inversión,Golpe,Antojo,Aullido,Garra Brutal,Doble Filo,Doble Patada,Envite Ígneo,Paranormal,Adaptación,,,,,,,,,,,,,,,,,,,,,,,,,,,,,,,,,,,,,,,,,,,,,,,,,,,,,,,,,,,,,,,,,,,,,,,,,,,,,,,,,,,,,,,,,Ronquido,Antojo,Terratemblor,Rodar,Bofetón Lodo,Aguzar,Corte Furia,Pataleta,Puño Fuego,Puño Trueno,Sísmico,Meteoros,Patada Baja,Arenas Ardientes,Puño Incremento,Onda Ígnea,,,,,,,,,,,,,,,,,,,,,,,,,,,,,,,,,,,,,,,,,,,,,,,,,,,,,,,,,,,,,,,,,,,,,,,,,,,,,,,,,,,,
Totodile,158,158,0,Agua,,Monster,Water 1,Ningún objeto,Ningún objeto,Ningún objeto,Mandíbula Fuerte,Torrente,Potencia Bruta,50,65,64,44,48,43,1,Malicioso,1,Arañazo,5,Pistola Agua,8,Bofetón Lodo,11,Mordisco,14,Cara Susto,17,Colmillo Hielo,20,Azote,23,Triturar,26,Acua Cola,29,Cuchillada,29,Tajo Umbrío,29,Patada Baja,32,Chirrido,35,Golpe,38,Danza Dragón,41,Fuerza Bruta,44,Hidrobomba,,,,,,,,,,,,,,,,,,,,,,,,,,,,,,,,,,,,,,,,,,,,,,,,,,,,,,,,,,,,,,,,,Puño Certero,Garra Dragón,Hidropulso,Tóxico,Granizo,Poder Oculto,Rayo Hielo,Ventisca,Protección,Danza Lluvia,Cola Férrea,Excavar,Demolición,Doble Equipo,Tumba Rocas,Golpe Aéreo,Atracción,Salmuera,Falso Tortazo,Lanzamiento,Puño Drenaje,Garra Umbría,Danza Espada,Pulso Umbrío,Avalancha,Corte,Surf,Cascada,,,,,,,,,,,,,,,,,,,,,,,,,,,,,,,,,,,,,,,,,,,,,,,,,,,,,,,,,,,,,,,,,,,,,,,,,,,,,,,,,,,,,,,,,,,,,,,,,,,,,,,,,,,,,,,,,,,,,,,,,,,,,,,,Triturar,Golpe,Hidrobomba,Poder Pasado,Puño Hielo,Garra Metal,Danza Dragón,Acua Jet,Llanto Falso,Bloqueo,Camelo,Viento Cortante,,,,,,,,,,,,,,,,,,,,,,,,,,,,,,,,,,,,,,,,,,,,,,,,,,,,,,,,,,,,,,,,,,,,,,,,,,,,,,,,,,,,,,,,,Ronquido,Bofetón Lodo,Bloqueo,Rencor,Alboroto,Poder Pasado,Puño Hielo,Sísmico,Buceo,Patada Baja,Acua Cola,Puño Incremento,Viento Hielo,Fuerza Bruta,,,,,,,,,,,,,,,,,,,,,,,,,,,,,,,,,,,,,,,,,,,,,,,,,,,,,,,,,,,,,,,,,,,,,,,,,,,,,,,,,,,,,,
Croconaw,159,159,0,Agua,Siniestro,Monster,Water 1,Ningún objeto,Ningún objeto,Ningún objeto,Mandíbula Fuerte,Torrente,Potencia Bruta,65,80,80,59,63,58,1,Pistola Agua,1,Malicioso,1,Arañazo,5,Pistola Agua,8,Bofetón Lodo,11,Mordisco,14,Cara Susto,17,Colmillo Hielo,18,Acua Jet,21,Azote,25,Triturar,29,Acua Cola,33,Cuchillada,33,Tajo Umbrío,33,Patada Baja,37,Chirrido,41,Golpe,45,Danza Dragón,49,Fuerza Bruta,53,Hidrobomba,,,,,,,,,,,,,,,,,,,,,,,,,,,,,,,,,,,,,,,,,,,,,,,,,,,,,,,,,,,,,Puño Certero,Garra Dragón,Hidropulso,Rugido,Tóxico,Granizo,Poder Oculto,Rayo Hielo,Ventisca,Protección,Danza Lluvia,Cola Férrea,Excavar,Demolición,Doble Equipo,Tumba Rocas,Golpe Aéreo,Atracción,Salmuera,Falso Tortazo,Lanzamiento,Puño Drenaje,Garra Umbría,Danza Espada,Pulso Umbrío,Avalancha,Corte,Surf,Fuerza,Golpe Roca,Cascada,,,,,,,,,,,,,,,,,,,,,,,,,,,,,,,,,,,,,,,,,,,,,,,,,,,,,,,,,,,,,,,,,,,,,,,,,,,,,,,,,,,,,,,,,,,,,,,,,,,,,,,,,,,,,,,,,,,,,,,,,,,,,Triturar,Golpe,Hidrobomba,Poder Pasado,Puño Hielo,Garra Metal,Danza Dragón,Acua Jet,Llanto Falso,Bloqueo,Camelo,Viento Cortante,,,,,,,,,,,,,,,,,,,,,,,,,,,,,,,,,,,,,,,,,,,,,,,,,,,,,,,,,,,,,,,,,,,,,,,,,,,,,,,,,,,,,,,,,Ronquido,Bofetón Lodo,Bloqueo,Corte Furia,Rencor,Alboroto,Poder Pasado,Puño Hielo,Sísmico,Buceo,Patada Baja,Acua Cola,Puño Incremento,Viento Hielo,Fuerza Bruta,,,,,,,,,,,,,,,,,,,,,,,,,,,,,,,,,,,,,,,,,,,,,,,,,,,,,,,,,,,,,,,,,,,,,,,,,,,,,,,,,,,,,
Feraligatr,160,160,0,Agua,Siniestro,Monster,Water 1,Ningún objeto,Ningún objeto,Ningún objeto,Mandíbula Fuerte,Torrente,Potencia Bruta,85,110,100,79,83,78,1,Bofetón Lodo,1,Pistola Agua,1,Malicioso,1,Arañazo,1,Agilidad,1,Patada Baja,1,Puño Hielo,5,Pistola Agua,8,Bofetón Lodo,11,Mordisco,14,Cara Susto,17,Colmillo Hielo,18,Acua Jet,21,Azote,25,Triturar,29,Acua Cola,30,Agilidad,34,Cuchillada,34,Tajo Umbrío,39,Chirrido,44,Golpe,49,Danza Dragón,54,Fuerza Bruta,59,Hidrobomba,,,,,,,,,,,,,,,,,,,,,,,,,,,,,,,,,,,,,,,,,,,,,,,,,,,,,Puño Certero,Garra Dragón,Hidropulso,Rugido,Tóxico,Granizo,Poder Oculto,Rayo Hielo,Ventisca,Hiperrayo,Protección,Danza Lluvia,Cola Férrea,Terremoto,Excavar,Demolición,Doble Equipo,Tumba Rocas,Golpe Aéreo,Atracción,Salmuera,Onda Certera,Falso Tortazo,Lanzamiento,Pulso Dragón,Puño Drenaje,Garra Umbría,Gigaimpacto,Alud,Danza Espada,Pulso Umbrío,Avalancha,Vozarrón,Corte,Surf,Fuerza,Golpe Roca,Cascada,Treparrocas,,,,,,,,,,,,,,,,,,,,,,,,,,,,,,,,,,,,,,,,,,,,,,,,,,,,,,,,,,,,,,,,,,,,,,,,,,,,,,,,,,,,,,,,,,,,,,,,,,,,,,,,,,,,,,,,,,,,,Triturar,Golpe,Hidrobomba,Poder Pasado,Puño Hielo,Garra Metal,Danza Dragón,Acua Jet,Llanto Falso,Bloqueo,Camelo,Viento Cortante,,,,,,,,,,,,,,,,,,,,,,,,,,,,,,,,,,,,,,,,,,,,,,,,,,,,,,,,,,,,,,,,,,,,,,,,,,,,,,,,,,,,,,,,,Ronquido,Terratemblor,Bofetón Lodo,Bloqueo,Corte Furia,Rencor,Alboroto,Poder Pasado,Puño Hielo,Sísmico,Buceo,Patada Baja,Acua Cola,Puño Incremento,Viento Hielo,Fuerza Bruta,Hidroariete,Enfado,,,,,,,,,,,,,,,,,,,,,,,,,,,,,,,,,,,,,,,,,,,,,,,,,,,,,,,,,,,,,,,,,,,,,,,,,,,,,,,,,,
Sentret,161,161,0,Normal,,Field,Field,Ningún objeto,Ningún objeto,Ningún objeto,Fuga,Vista Lince,Cacheo,45,45,35,35,45,40,1,Gruñido,1,Arañazo,1,Rizo Defensa,1,Ataque Rápido,5,Golpes Furia,8,Refuerzo,11,Atizar,14,Señuelo,17,Descanso,20,Rueda Fuego,23,Cabezazo Zen,26,Amnesia,29,Inversión,31,Golpe Bajo,32,Relevo,35,Carantoña,41,Vozarrón,44,Doble Filo,,,,,,,,,,,,,,,,,,,,,,,,,,,,,,,,,,,,,,,,,,,,,,,,,,,,,,,,,,,,,,,,,Puño Certero,Hidropulso,Tóxico,Poder Oculto,Día Soleado,Rayo Hielo,Ventisca,Protección,Danza Lluvia,Rayo Solar,Cola Férrea,Rayo,Excavar,Bola Sombra,Demolición,Doble Equipo,Onda Voltio,Lanzallamas,Atracción,Ladrón,Lanzamiento,Voltio Cruel,Garra Umbría,Hierba Lazo,Ida y Vuelta,Corte,Surf,,,,,,,,,,,,,,,,,,,,,,,,,,,,,,,,,,,,,,,,,,,,,,,,,,,,,,,,,,,,,,,,,,,,,,,,,,,,,,,,,,,,,,,,,,,,,,,,,,,,,,,,,,,,,,,,,,,,,,,,,,,,,,,,,Doble Filo,Cuchillada,Foco Energía,Inversión,Truco,Última Baza,Encanto,Antojo,Ojitos Tiernos,,,,,,,,,,,,,,,,,,,,,,,,,,,,,,,,,,,,,,,,,,,,,,,,,,,,,,,,,,,,,,,,,,,,,,,,,,,,,,,,,,,,,,,,,,,,Ronquido,Antojo,Rodar,Bofetón Lodo,Corte Furia,Alboroto,Puño Fuego,Puño Hielo,Puño Trueno,Meteoros,Truco,Acua Cola,Puño Incremento,Desarme,Golpe Bajo,Última Baza,Superdiente,,,,,,,,,,,,,,,,,,,,,,,,,,,,,,,,,,,,,,,,,,,,,,,,,,,,,,,,,,,,,,,,,,,,,,,,,,,,,,,,,,,
Furret,162,162,0,Normal,,Field,Field,Ningún objeto,Ningún objeto,Ningún objeto,Intrépido,Pelaje Recio,Cacheo,95,85,65,45,70,105,0,Agilidad,1,Gruñido,1,Ataque Rápido,1,Rizo Defensa,1,Arañazo,1,Enrosque,1,Agilidad,5,Golpes Furia,8,Refuerzo,11,Atizar,14,Señuelo,15,Agilidad,18,Descanso,22,Rueda Fuego,26,Cabezazo Zen,28,Veloc. Extrema,30,Amnesia,34,Inversión,36,Golpe Bajo,38,Relevo,42,Carantoña,50,Vozarrón,54,Doble Filo,,,,,,,,,,,,,,,,,,,,,,,,,,,,,,,,,,,,,,,,,,,,,,,,,,,,,,,Puño Certero,Hidropulso,Tóxico,Poder Oculto,Día Soleado,Rayo Hielo,Ventisca,Hiperrayo,Protección,Danza Lluvia,Rayo Solar,Cola Férrea,Rayo,Trueno,Excavar,Bola Sombra,Demolición,Doble Equipo,Onda Voltio,Lanzallamas,Atracción,Ladrón,Onda Certera,Lanzamiento,Voltio Cruel,Garra Umbría,Gigaimpacto,Hierba Lazo,Ida y Vuelta,Corte,Surf,Fuerza,Golpe Roca,,,,,,,,,,,,,,,,,,,,,,,,,,,,,,,,,,,,,,,,,,,,,,,,,,,,,,,,,,,,,,,,,,,,,,,,,,,,,,,,,,,,,,,,,,,,,,,,,,,,,,,,,,,,,,,,,,,,,,,,,,,Doble Filo,Cuchillada,Foco Energía,Inversión,Truco,Última Baza,Encanto,Antojo,Ojitos Tiernos,,,,,,,,,,,,,,,,,,,,,,,,,,,,,,,,,,,,,,,,,,,,,,,,,,,,,,,,,,,,,,,,,,,,,,,,,,,,,,,,,,,,,,,,,,,,Ronquido,Antojo,Rodar,Bofetón Lodo,Corte Furia,Alboroto,Puño Fuego,Puño Hielo,Puño Trueno,Meteoros,Truco,Acua Cola,Puño Incremento,Desarme,Golpe Bajo,Última Baza,Superdiente,,,,,,,,,,,,,,,,,,,,,,,,,,,,,,,,,,,,,,,,,,,,,,,,,,,,,,,,,,,,,,,,,,,,,,,,,,,,,,,,,,,
Hoothoot,163,163,0,Normal,Volador,Flying,Flying,Ningún objeto,Ningún objeto,Ningún objeto,Cromolente,Insomnio,Intimidación,60,30,30,36,56,50,1,Gruñido,1,Picotazo,1,Placaje,6,Eco Voz,6,Hipnosis,9,Confusión,12,Aire Afilado,15,Alboroto,18,Paranormal,21,Psicocambio,24,Tajo Aéreo,24,Derribo,27,Reflejo,30,Psíquico,33,Cabezazo Zen,36,Fuerza Lunar,39,Respiro,42,Comesueños,45,Vendaval,,,,,,,,,,,,,,,,,,,,,,,,,,,,,,,,,,,,,,,,,,,,,,,,,,,,,,,,,,,,,,,Paz Mental,Tóxico,Poder Oculto,Día Soleado,Protección,Danza Lluvia,Psíquico,Bola Sombra,Doble Equipo,Reflejo,Golpe Aéreo,Descanso,Atracción,Ladrón,Ala de Acero,Respiro,Aguante,Maquinación,Reciclaje,Destello,Autosugestión,Brillo Mágico,Vendaval,Vuelo,Despejar,,,,,,,,,,,,,,,,,,,,,,,,,,,,,,,,,,,,,,,,,,,,,,,,,,,,,,,,,,,,,,,,,,,,,,,,,,,,,,,,,,,,,,,,,,,,,,,,,,,,,,,,,,,,,,,,,,,,,,,,,,,,,,,,,,,Supersónico,Ataque Ala,Remolino,Danza Pluma,Tinieblas,Ataque Aéreo,Agilidad,Mal de Ojo,Vendaval,Finta,,,,,,,,,,,,,,,,,,,,,,,,,,,,,,,,,,,,,,,,,,,,,,,,,,,,,,,,,,,,,,,,,,,,,,,,,,,,,,,,,,,,,,,,,,,Ronquido,Aire Afilado,Bofetón Lodo,Ala Bis,Alboroto,Viento Aciago,Ataque Aéreo,Viento Afín,Cabezazo Zen,Capa Mágica,Meteoros,Onda Ígnea,Ciclón,,,,,,,,,,,,,,,,,,,,,,,,,,,,,,,,,,,,,,,,,,,,,,,,,,,,,,,,,,,,,,,,,,,,,,,,,,,,,,,,,,,,,,,
Noctowl,164,164,0,Psíquico,Volador,Flying,Flying,Ningún objeto,Ningún objeto,Ningún objeto,Cromolente,Insomnio,Intimidación,100,40,50,106,116,60,1,Eco Voz,1,Placaje,1,Gruñido,1,Picotazo,1,Ataque Aéreo,1,Mal de Ojo,6,Hipnosis,9,Confusión,12,Aire Afilado,15,Alboroto,18,Paranormal,22,Psicocambio,26,Tajo Aéreo,28,Derribo,30,Reflejo,34,Psíquico,38,Cabezazo Zen,42,Fuerza Lunar,46,Respiro,50,Comesueños,54,Vendaval,,,,,,,,,,,,,,,,,,,,,,,,,,,,,,,,,,,,,,,,,,,,,,,,,,,,,,,,,,,Paz Mental,Tóxico,Poder Oculto,Día Soleado,Hiperrayo,Protección,Danza Lluvia,Psíquico,Bola Sombra,Doble Equipo,Reflejo,Golpe Aéreo,Descanso,Atracción,Ladrón,Ala de Acero,Respiro,Aguante,Maquinación,Reciclaje,Gigaimpacto,Destello,Autosugestión,Brillo Mágico,Vendaval,Vuelo,Despejar,,,,,,,,,,,,,,,,,,,,,,,,,,,,,,,,,,,,,,,,,,,,,,,,,,,,,,,,,,,,,,,,,,,,,,,,,,,,,,,,,,,,,,,,,,,,,,,,,,,,,,,,,,,,,,,,,,,,,,,,,,,,,,,,,Supersónico,Ataque Ala,Remolino,Danza Pluma,Tinieblas,Ataque Aéreo,Agilidad,Mal de Ojo,Vendaval,Finta,,,,,,,,,,,,,,,,,,,,,,,,,,,,,,,,,,,,,,,,,,,,,,,,,,,,,,,,,,,,,,,,,,,,,,,,,,,,,,,,,,,,,,,,,,,Ronquido,Aire Afilado,Bofetón Lodo,Ala Bis,Aguzar,Alboroto,Viento Aciago,Ataque Aéreo,Viento Afín,Cabezazo Zen,Capa Mágica,Meteoros,Onda Ígnea,Ciclón,,,,,,,,,,,,,,,,,,,,,,,,,,,,,,,,,,,,,,,,,,,,,,,,,,,,,,,,,,,,,,,,,,,,,,,,,,,,,,,,,,,,,,
Ledyba,165,165,0,Bicho,Lucha,Bug,Bug,Ningún objeto,Ningún objeto,Ningún objeto,Experto,Puño Férreo,Competitivo,40,50,30,20,80,55,1,Placaje,1,Supersónico,7,Meteoros,9,Picadura,11,Pantalla de Luz,11,Reflejo,11,Velo Sagrado,13,Ultrapuño,15,Golpe Aéreo,18,Respiro,19,Viento Plata,21,Ida y Vuelta,22,Estoicismo,22,Puño Cometa,24,Relevo,27,Desarme,30,Agilidad,33,Tajo Aéreo,36,Zumbido,37,A Bocajarro,39,Doble Filo,42,Puño Meteoro,,,,,,,,,,,,,,,,,,,,,,,,,,,,,,,,,,,,,,,,,,,,,,,,,,,,,,,,,Puño Certero,Tóxico,Día Soleado,Pantalla de Luz,Protección,Gigadrenado,Velo Sagrado,Rayo Solar,Excavar,Demolición,Doble Equipo,Reflejo,Golpe Aéreo,Atracción,Ladrón,Respiro,Lanzamiento,Puño Drenaje,Zumbido,Destello,Danza Espada,Ida y Vuelta,,,,,,,,,,,,,,,,,,,,,,,,,,,,,,,,,,,,,,,,,,,,,,,,,,,,,,,,,,,,,,,,,,,,,,,,,,,,,,,,,,,,,,,,,,,,,,,,,,,,,,,,,,,,,,,,,,,,,,,,,,,,,,,,,,,,,,Psicorrayo,Chirrido,Otra Vez,Desarme,Picadura,Viento Afín,Contraataque,Puño Mareo,Viento Plata,,,,,,,,,,,,,,,,,,,,,,,,,,,,,,,,,,,,,,,,,,,,,,,,,,,,,,,,,,,,,,,,,,,,,,,,,,,,,,,,,,,,,,,,,,,,Ronquido,Aire Afilado,Rodar,Ala Bis,Alboroto,Viento Aciago,Puño Hielo,Puño Trueno,Viento Afín,Meteoros,Puño Incremento,Desarme,,,,,,,,,,,,,,,,,,,,,,,,,,,,,,,,,,,,,,,,,,,,,,,,,,,,,,,,,,,,,,,,,,,,,,,,,,,,,,,,,,,,,,,,
Ledian,166,166,0,Bicho,Lucha,Bug,Bug,Ningún objeto,Ningún objeto,Ningún objeto,Experto,Puño Férreo,Competitivo,65,105,50,35,110,85,1,Supersónico,1,Placaje,1,Puño Hielo,1,Puño Trueno,7,Meteoros,9,Picadura,11,Velo Sagrado,11,Pantalla de Luz,11,Reflejo,13,Ultrapuño,15,Golpe Aéreo,19,Respiro,20,Viento Plata,23,Ida y Vuelta,24,Estoicismo,24,Puño Cometa,27,Relevo,31,Desarme,35,Agilidad,39,Tajo Aéreo,43,Zumbido,45,A Bocajarro,47,Doble Filo,51,Puño Meteoro,,,,,,,,,,,,,,,,,,,,,,,,,,,,,,,,,,,,,,,,,,,,,,,,,,,,,Puño Certero,Tóxico,Día Soleado,Hiperrayo,Pantalla de Luz,Protección,Gigadrenado,Velo Sagrado,Rayo Solar,Excavar,Demolición,Doble Equipo,Reflejo,Golpe Aéreo,Atracción,Ladrón,Respiro,Onda Certera,Lanzamiento,Puño Drenaje,Zumbido,Gigaimpacto,Destello,Danza Espada,Ida y Vuelta,Vuelo,Fuerza,Golpe Roca,,,,,,,,,,,,,,,,,,,,,,,,,,,,,,,,,,,,,,,,,,,,,,,,,,,,,,,,,,,,,,,,,,,,,,,,,,,,,,,,,,,,,,,,,,,,,,,,,,,,,,,,,,,,,,,,,,,,,,,,,,,,,,,,Psicorrayo,Chirrido,Otra Vez,Desarme,Picadura,Viento Afín,Contraataque,Puño Mareo,Viento Plata,,,,,,,,,,,,,,,,,,,,,,,,,,,,,,,,,,,,,,,,,,,,,,,,,,,,,,,,,,,,,,,,,,,,,,,,,,,,,,,,,,,,,,,,,,,,Ronquido,Aire Afilado,Rodar,Ala Bis,Alboroto,Viento Aciago,Puño Hielo,Puño Trueno,Viento Afín,Meteoros,Puño Incremento,Desarme,,,,,,,,,,,,,,,,,,,,,,,,,,,,,,,,,,,,,,,,,,,,,,,,,,,,,,,,,,,,,,,,,,,,,,,,,,,,,,,,,,,,,,,,
Spinarak,167,167,0,Bicho,Veneno,Bug,Bug,Ningún objeto,Ningún objeto,Ningún objeto,Insomnio,Francotirador,Ensañamiento,40,70,40,40,40,45,1,Disparo Demora,1,Picotazo Veneno,1,Absorber,1,Golpes Furia,1,Restricción,8,Acoso,9,Picadura,11,Cara Susto,13,Colmillo Veneno,15,Tinieblas,18,Sombra Vil,20,Chupavidas,23,Tajo Umbrío,25,Red Viscosa,29,Puya Nociva,32,Golpe Bajo,35,Pin Misil,38,Veneno X,40,Agilidad,43,Psíquico,45,Megacuerno,50,Hilo Venenoso,,,,,,,,,,,,,,,,,,,,,,,,,,,,,,,,,,,,,,,,,,,,,,,,,,,,,,,,,Tóxico,Día Soleado,Protección,Gigadrenado,Rayo Solar,Excavar,Psíquico,Doble Equipo,Bomba Lodo,Atracción,Ladrón,Falso Tortazo,Zumbido,Destello,Tijera X,Puya Nociva,,,,,,,,,,,,,,,,,,,,,,,,,,,,,,,,,,,,,,,,,,,,,,,,,,,,,,,,,,,,,,,,,,,,,,,,,,,,,,,,,,,,,,,,,,,,,,,,,,,,,,,,,,,,,,,,,,,,,,,,,,,,,,,,,,,,,,,,,,,,Psicorrayo,Anulación,Relevo,Púas Tóxicas,Polvo Ira,Tajo Umbrío,Megacuerno,Plancha,Doble Ataque,Rayo Señal,,,,,,,,,,,,,,,,,,,,,,,,,,,,,,,,,,,,,,,,,,,,,,,,,,,,,,,,,,,,,,,,,,,,,,,,,,,,,,,,,,,,,,,,,,,Ronquido,Electrotela,Rayo Señal,Bote,Chupavidas,Golpe Bajo,Juego Sucio,,,,,,,,,,,,,,,,,,,,,,,,,,,,,,,,,,,,,,,,,,,,,,,,,,,,,,,,,,,,,,,,,,,,,,,,,,,,,,,,,,,,,,,,,,,,,
Ariados,168,168,0,Bicho,Veneno,Bug,Bug,Ningún objeto,Ningún objeto,Ningún objeto,Insomnio,Francotirador,Ensañamiento,70,110,70,50,70,80,0,Danza Espada,1,Absorber,1,Disparo Demora,1,Picotazo Veneno,1,Golpes Furia,1,Restricción,1,Aguijón Letal,1,Trampa Venenosa,1,Foco Energía,1,Danza Espada,8,Acoso,9,Picadura,11,Cara Susto,13,Colmillo Veneno,15,Tinieblas,18,Sombra Vil,20,Chupavidas,22,Danza Espada,24,Tajo Umbrío,27,Red Viscosa,33,Puya Nociva,37,Golpe Bajo,41,Pin Misil,45,Veneno X,48,Agilidad,52,Psíquico,55,Megacuerno,58,Hilo Venenoso,,,,,,,,,,,,,,,,,,,,,,,,,,,,,,,,,,,,,,,,,,,,,Tóxico,Día Soleado,Hiperrayo,Protección,Gigadrenado,Rayo Solar,Excavar,Psíquico,Doble Equipo,Bomba Lodo,Atracción,Ladrón,Falso Tortazo,Zumbido,Gigaimpacto,Destello,Danza Espada,Tijera X,Puya Nociva,,,,,,,,,,,,,,,,,,,,,,,,,,,,,,,,,,,,,,,,,,,,,,,,,,,,,,,,,,,,,,,,,,,,,,,,,,,,,,,,,,,,,,,,,,,,,,,,,,,,,,,,,,,,,,,,,,,,,,,,,,,,,,,,,,,,,,,,,Psicorrayo,Anulación,Relevo,Púas Tóxicas,Polvo Ira,Tajo Umbrío,Megacuerno,Plancha,Doble Ataque,Rayo Señal,,,,,,,,,,,,,,,,,,,,,,,,,,,,,,,,,,,,,,,,,,,,,,,,,,,,,,,,,,,,,,,,,,,,,,,,,,,,,,,,,,,,,,,,,,,Ronquido,Electrotela,Rayo Señal,Pataleta,Bote,Chupavidas,Golpe Bajo,Juego Sucio,,,,,,,,,,,,,,,,,,,,,,,,,,,,,,,,,,,,,,,,,,,,,,,,,,,,,,,,,,,,,,,,,,,,,,,,,,,,,,,,,,,,,,,,,,,,
Crobat,169,169,0,Veneno,Volador,Flying,Flying,Ningún objeto,Ningún objeto,Ningún objeto,Foco Interno,Cacheo,Allanamiento,85,90,80,70,80,130,0,Veneno X,1,Impresionar,1,Supersónico,1,Absorber,1,Chirrido,1,Viento Afín,1,Veneno X,7,Mordisco,10,Ataque Ala,13,Colmillo Veneno,15,Rayo Confuso,17,Aire Afilado,19,Mal de Ojo,20,Anticipo,22,Triturar,23,Chupavidas,27,Meteoros,31,Hipnosis,35,Tajo Aéreo,39,Niebla,43,Cabezazo Zen,44,Onda Ígnea,47,Maquinación,48,Carga Tóxica,51,Pájaro Osado,,,,,,,,,,,,,,,,,,,,,,,,,,,,,,,,,,,,,,,,,,,,,,,,,,,Tóxico,Día Soleado,Mofa,Hiperrayo,Protección,Danza Lluvia,Gigadrenado,Bola Sombra,Doble Equipo,Bomba Lodo,Golpe Aéreo,Tormento,Atracción,Ladrón,Ala de Acero,Respiro,Aguante,Maquinación,Vendetta,Gigaimpacto,Pulso Umbrío,Tijera X,Vendaval,Ida y Vuelta,Vuelo,Despejar,,,,,,,,,,,,,,,,,,,,,,,,,,,,,,,,,,,,,,,,,,,,,,,,,,,,,,,,,,,,,,,,,,,,,,,,,,,,,,,,,,,,,,,,,,,,,,,,,,,,,,,,,,,,,,,,,,,,,,,,,,,,,,,,,,Maldición,Tornado,Hipnosis,Ataque Rápido,Remolino,Ataque Ala,Cabezazo Zen,Pájaro Osado,Trampa Venenosa,Finta,,,,,,,,,,,,,,,,,,,,,,,,,,,,,,,,,,,,,,,,,,,,,,,,,,,,,,,,,,,,,,,,,,,,,,,,,,,,,,,,,,,,,,,,,,,Ronquido,Aire Afilado,Ala Bis,Alboroto,Viento Aciago,Ataque Aéreo,Viento Afín,Cabezazo Zen,Meteoros,Chupavidas,Onda Ígnea,Superdiente,Ciclón,,,,,,,,,,,,,,,,,,,,,,,,,,,,,,,,,,,,,,,,,,,,,,,,,,,,,,,,,,,,,,,,,,,,,,,,,,,,,,,,,,,,,,,
Chinchou,170,170,0,Agua,Eléctrico,Water 2,Water 2,Ningún objeto,Ningún objeto,Escama Marina,Absorbe Elec,Absorbe Agua,Hidratación,75,38,38,56,56,67,1,Supersónico,1,Burbuja,4,Bola Voltio,6,Onda Voltio,9,Pistola Agua,12,Chispa,15,Rayo Confuso,18,Rayo Carga,21,Rayo Burbuja,27,Chispazo,27,Rayo Señal,30,Azote,33,Rayo,36,Derribo,39,Acua Aro,42,Hidrobomba,45,Carga,,,,,,,,,,,,,,,,,,,,,,,,,,,,,,,,,,,,,,,,,,,,,,,,,,,,,,,,,,,,,,,,,,,Hidropulso,Tóxico,Granizo,Rayo Hielo,Ventisca,Protección,Danza Lluvia,Comesueños,Rayo,Trueno,Doble Equipo,Onda Voltio,Imagen,Voltiocambio,Atracción,Salmuera,Escaldar,Voltio Cruel,Destello,Onda Trueno,Surf,Cascada,,,,,,,,,,,,,,,,,,,,,,,,,,,,,,,,,,,,,,,,,,,,,,,,,,,,,,,,,,,,,,,,,,,,,,,,,,,,,,,,,,,,,,,,,,,,,,,,,,,,,,,,,,,,,,,,,,,,,,,,,,,,,,,,,,,,,,Psicorrayo,Neblina,Empapar,Azote,Chirrido,Amnesia,Torbellino,Agilidad,,,,,,,,,,,,,,,,,,,,,,,,,,,,,,,,,,,,,,,,,,,,,,,,,,,,,,,,,,,,,,,,,,,,,,,,,,,,,,,,,,,,,,,,,,,,,Ronquido,Cascabel Cura,Rayo Señal,Buceo,Bote,Viento Hielo,Golpe Bajo,Electrocañón,,,,,,,,,,,,,,,,,,,,,,,,,,,,,,,,,,,,,,,,,,,,,,,,,,,,,,,,,,,,,,,,,,,,,,,,,,,,,,,,,,,,,,,,,,,,
Lanturn,171,171,0,Agua,Eléctrico,Water 2,Water 2,Ningún objeto,Ningún objeto,Escama Marina,Absorbe Elec,Absorbe Agua,Hidratación,125,58,70,76,76,67,0,Escupir,0,Tragar,0,Reserva,1,Bola Voltio,1,Supersónico,1,Burbuja,1,Onda Anómala,1,Escupir,1,Tragar,1,Reserva,6,Onda Voltio,9,Pistola Agua,12,Chispa,15,Rayo Confuso,18,Rayo Carga,21,Rayo Burbuja,29,Chispazo,29,Rayo Señal,33,Azote,37,Rayo,41,Derribo,45,Acua Aro,49,Hidrobomba,53,Carga,,,,,,,,,,,,,,,,,,,,,,,,,,,,,,,,,,,,,,,,,,,,,,,,,,,,,Hidropulso,Tóxico,Granizo,Rayo Hielo,Ventisca,Hiperrayo,Protección,Danza Lluvia,Comesueños,Rayo,Trueno,Doble Equipo,Onda Voltio,Imagen,Voltiocambio,Atracción,Salmuera,Escaldar,Voltio Cruel,Gigaimpacto,Destello,Onda Trueno,Surf,Cascada,,,,,,,,,,,,,,,,,,,,,,,,,,,,,,,,,,,,,,,,,,,,,,,,,,,,,,,,,,,,,,,,,,,,,,,,,,,,,,,,,,,,,,,,,,,,,,,,,,,,,,,,,,,,,,,,,,,,,,,,,,,,,,,,,,,,Psicorrayo,Neblina,Empapar,Azote,Chirrido,Amnesia,Torbellino,Agilidad,,,,,,,,,,,,,,,,,,,,,,,,,,,,,,,,,,,,,,,,,,,,,,,,,,,,,,,,,,,,,,,,,,,,,,,,,,,,,,,,,,,,,,,,,,,,,Ronquido,Cascabel Cura,Rayo Señal,Buceo,Bote,Acua Cola,Viento Hielo,Golpe Bajo,Electrocañón,,,,,,,,,,,,,,,,,,,,,,,,,,,,,,,,,,,,,,,,,,,,,,,,,,,,,,,,,,,,,,,,,,,,,,,,,,,,,,,,,,,,,,,,,,,
Pichu,172,172,0,Eléctrico,,No Eggs,No Eggs,Ningún objeto,Ningún objeto,Ningún objeto,Elec. Estática,Pararrayos,Piel Eléctrica,20,40,15,35,35,60,1,Látigo,1,Impactrueno,1,Voz Cautivadora,4,Camaradería,4,Encanto,7,Beso Dulce,11,Onda Trueno,12,Moflete Estático,13,Maquinación,15,Voz Cautivadora,,,,,,,,,,,,,,,,,,,,,,,,,,,,,,,,,,,,,,,,,,,,,,,,,,,,,,,,,,,,,,,,,,,,,,,,,,,,,,,,,Tóxico,Pantalla de Luz,Protección,Danza Lluvia,Cola Férrea,Rayo,Trueno,Doble Equipo,Reflejo,Onda Voltio,Imagen,Voltiocambio,Descanso,Atracción,Lanzamiento,Voltio Cruel,Maquinación,Destello,Onda Trueno,Hierba Lazo,Surf,,,,,,,,,,,,,,,,,,,,,,,,,,,,,,,,,,,,,,,,,,,,,,,,,,,,,,,,,,,,,,,,,,,,,,,,,,,,,,,,,,,,,,,,,,,,,,,,,,,,,,,,,,,,,,,,,,,,,,,,,,,,,,,,,,,,,,,Presente,Deseo,Carga,Sorpresa,Cosquillas,Azote,Voz Cautivadora,Inversión,Otra Vez,Puño Trueno,Campo Eléctrico,Doble Bofetón,,,,,,,,,,,,,,,,,,,,,,,,,,,,,,,,,,,,,,,,,,,,,,,,,,,,,,,,,,,,,,,,,,,,,,,,,,,,,,,,,,,,,,,,,Ronquido,Refuerzo,Antojo,Rodar,Electrotela,Bofetón Lodo,Alboroto,Rayo Señal,Puño Hielo,Puño Trueno,Levitón,Meteoros,Electrocañón,,,,,,,,,,,,,,,,,,,,,,,,,,,,,,,,,,,,,,,,,,,,,,,,,,,,,,,,,,,,,,,,,,,,,,,,,,,,,,,,,,,,,,,
Cleffa,173,173,0,Hada,,No Eggs,No Eggs,Ningún objeto,Ningún objeto,Piedra Lunar,Gran Encanto,Muro Mágico,Compiescolta,50,25,28,45,55,15,1,Destructor,1,Salpicadura,1,Encanto,1,Voz Cautivadora,1,Beso Dulce,4,Otra Vez,7,Canto,11,Copión,13,Hoja Mágica,15,Beso Drenaje,,,,,,,,,,,,,,,,,,,,,,,,,,,,,,,,,,,,,,,,,,,,,,,,,,,,,,,,,,,,,,,,,,,,,,,,,,,,,,,,,Hidropulso,Tóxico,Poder Oculto,Día Soleado,Pantalla de Luz,Protección,Danza Lluvia,Velo Sagrado,Rayo Solar,Cola Férrea,Excavar,Psíquico,Bola Sombra,Doble Equipo,Reflejo,Onda Voltio,Lanzallamas,Llamarada,Descanso,Atracción,Lanzamiento,Reciclaje,Destello,Onda Trueno,Autosugestión,Brillo Mágico,Hierba Lazo,,,,,,,,,,,,,,,,,,,,,,,,,,,,,,,,,,,,,,,,,,,,,,,,,,,,,,,,,,,,,,,,,,,,,,,,,,,,,,,,,,,,,,,,,,,,,,,,,,,,,,,,,,,,,,,,,,,,,,,,,,,,,,,,,Presente,Deseo,Aromaterapia,Cosquillas,Pulso Cura,Metrónomo,Amnesia,Tambor,Salpicadura,Mimético,Llanto Falso,Antojo,Poder Reserva,Campo de Niebla,,,,,,,,,,,,,,,,,,,,,,,,,,,,,,,,,,,,,,,,,,,,,,,,,,,,,,,,,,,,,,,,,,,,,,,,,,,,,,,,,,,,,,,Ronquido,Refuerzo,Antojo,Cede Paso,Rodar,Bofetón Lodo,Alboroto,Rayo Señal,Zona Extraña,Sísmico,Imitación,Cabezazo Zen,Capa Mágica,Truco,Gravedad,Viento Hielo,Electrocañón,Última Baza,Esfuerzo,,,,,,,,,,,,,,,,,,,,,,,,,,,,,,,,,,,,,,,,,,,,,,,,,,,,,,,,,,,,,,,,,,,,,,,,,,,,,,,,,
Igglybuff,174,174,0,Normal,Hada,No Eggs,No Eggs,Ningún objeto,Ningún objeto,Ningún objeto,Muro Mágico,Tenacidad,Gran Encanto,90,30,15,40,20,15,1,Canto,1,Encanto,1,Voz Cautivadora,1,Rizo Defensa,4,Destructor,7,Beso Dulce,11,Copión,15,Beso Drenaje,16,Anulación,,,,,,,,,,,,,,,,,,,,,,,,,,,,,,,,,,,,,,,,,,,,,,,,,,,,,,,,,,,,,,,,,,,,,,,,,,,,,,,,,,,Hidropulso,Tóxico,Poder Oculto,Día Soleado,Pantalla de Luz,Protección,Danza Lluvia,Velo Sagrado,Rayo Solar,Excavar,Psíquico,Bola Sombra,Doble Equipo,Reflejo,Onda Voltio,Lanzallamas,Llamarada,Imagen,Descanso,Atracción,Lanzamiento,Reciclaje,Destello,Onda Trueno,Autosugestión,Brillo Mágico,Hierba Lazo,,,,,,,,,,,,,,,,,,,,,,,,,,,,,,,,,,,,,,,,,,,,,,,,,,,,,,,,,,,,,,,,,,,,,,,,,,,,,,,,,,,,,,,,,,,,,,,,,,,,,,,,,,,,,,,,,,,,,,,,,,,,,,,,,Antojo,Gravedad,Pulso Cura,Última Baza,Canto Mortal,Presente,Deseo,Rodar,Llanto Falso,Campo de Niebla,Finta,,,,,,,,,,,,,,,,,,,,,,,,,,,,,,,,,,,,,,,,,,,,,,,,,,,,,,,,,,,,,,,,,,,,,,,,,,,,,,,,,,,,,,,,,,Ronquido,Refuerzo,Antojo,Rodar,Bofetón Lodo,Cascabel Cura,Alboroto,Sísmico,Bote,Imitación,Capa Mágica,Divide Dolor,Gravedad,Viento Hielo,Electrocañón,Última Baza,Esfuerzo,,,,,,,,,,,,,,,,,,,,,,,,,,,,,,,,,,,,,,,,,,,,,,,,,,,,,,,,,,,,,,,,,,,,,,,,,,,,,,,,,,,
Togepi,175,175,0,Hada,,No Eggs,No Eggs,Ningún objeto,Ningún objeto,Ningún objeto,Afortunado,Dicha,Piel Feérica,35,20,65,40,65,20,1,Destructor,1,Gruñido,1,Encanto,1,Paranormal,1,Voz Cautivadora,5,Metrónomo,8,Gota Vital,8,Beso Dulce,11,Bostezo,13,Otra Vez,15,Beso Drenaje,17,Señuelo,19,Deseo,21,Velo Sagrado,23,Poder Pasado,25,Ovocuración,27,Relevo,28,Cede Paso,29,Fuerza Lunar,31,Maquinación,33,Doble Filo,35,Última Baza,,,,,,,,,,,,,,,,,,,,,,,,,,,,,,,,,,,,,,,,,,,,,,,,,,,,,,,,,Hidropulso,Tóxico,Poder Oculto,Día Soleado,Pantalla de Luz,Protección,Danza Lluvia,Velo Sagrado,Comesueños,Rayo Solar,Psíquico,Bola Sombra,Doble Equipo,Reflejo,Onda Voltio,Lanzallamas,Llamarada,Descanso,Atracción,Lanzamiento,Maquinación,Destello,Onda Trueno,Autosugestión,Brillo Mágico,Hierba Lazo,Golpe Roca,,,,,,,,,,,,,,,,,,,,,,,,,,,,,,,,,,,,,,,,,,,,,,,,,,,,,,,,,,,,,,,,,,,,,,,,,,,,,,,,,,,,,,,,,,,,,,,,,,,,,,,,,,,,,,,,,,,,,,,,,,,,,,,,,Presente,Picotazo,Psicocambio,Paranormal,Sol Matinal,Premonición,Poder Reserva,,,,,,,,,,,,,,,,,,,,,,,,,,,,,,,,,,,,,,,,,,,,,,,,,,,,,,,,,,,,,,,,,,,,,,,,,,,,,,,,,,,,,,,,,,,,,,Ronquido,Refuerzo,Antojo,Cede Paso,Cambio de Banda,Rodar,Bofetón Lodo,Cascabel Cura,Alboroto,Rayo Señal,Poder Pasado,Sísmico,Cabezazo Zen,Capa Mágica,Meteoros,Truco,Electrocañón,Última Baza,Esfuerzo,,,,,,,,,,,,,,,,,,,,,,,,,,,,,,,,,,,,,,,,,,,,,,,,,,,,,,,,,,,,,,,,,,,,,,,,,,,,,,,,,
Togetic,176,176,0,Hada,Volador,Flying,Fairy,Ningún objeto,Ningún objeto,Ningún objeto,Afortunado,Dicha,Piel Feérica,55,40,85,80,105,40,0,Viento Feérico,1,Gota Vital,1,Destructor,1,Gruñido,1,Paranormal,1,Voz Cautivadora,1,Hoja Mágica,1,Encanto,1,Viento Feérico,5,Metrónomo,8,Beso Dulce,11,Bostezo,13,Otra Vez,15,Beso Drenaje,17,Señuelo,19,Deseo,20,Aire Afilado,21,Velo Sagrado,23,Poder Pasado,25,Ovocuración,27,Relevo,28,Cede Paso,29,Fuerza Lunar,31,Maquinación,33,Doble Filo,35,Última Baza,,,,,,,,,,,,,,,,,,,,,,,,,,,,,,,,,,,,,,,,,,,,,,,,,Puño Certero,Hidropulso,Tóxico,Poder Oculto,Día Soleado,Hiperrayo,Pantalla de Luz,Protección,Danza Lluvia,Velo Sagrado,Comesueños,Rayo Solar,Psíquico,Bola Sombra,Demolición,Doble Equipo,Reflejo,Onda Voltio,Lanzallamas,Llamarada,Golpe Aéreo,Descanso,Atracción,Ala de Acero,Respiro,Lanzamiento,Aguante,Puño Drenaje,Maquinación,Gigaimpacto,Destello,Onda Trueno,Autosugestión,Brillo Mágico,Hierba Lazo,Vendaval,Vuelo,Despejar,Golpe Roca,,,,,,,,,,,,,,,,,,,,,,,,,,,,,,,,,,,,,,,,,,,,,,,,,,,,,,,,,,,,,,,,,,,,,,,,,,,,,,,,,,,,,,,,,,,,,,,,,,,,,,,,,,,,,,,,,,,,,Presente,Picotazo,Psicocambio,Paranormal,Sol Matinal,Premonición,Poder Reserva,,,,,,,,,,,,,,,,,,,,,,,,,,,,,,,,,,,,,,,,,,,,,,,,,,,,,,,,,,,,,,,,,,,,,,,,,,,,,,,,,,,,,,,,,,,,,,Ronquido,Refuerzo,Antojo,Cede Paso,Cambio de Banda,Aire Afilado,Rodar,Bofetón Lodo,Ala Bis,Cascabel Cura,Alboroto,Rayo Señal,Poder Pasado,Viento Aciago,Sísmico,Ataque Aéreo,Viento Afín,Cabezazo Zen,Capa Mágica,Meteoros,Truco,Onda Ígnea,Electrocañón,Última Baza,Esfuerzo,Ciclón,,,,,,,,,,,,,,,,,,,,,,,,,,,,,,,,,,,,,,,,,,,,,,,,,,,,,,,,,,,,,,,,,,,,,,,,,,
Natu,177,177,0,Psíquico,Volador,Flying,Flying,Ningún objeto,Ningún objeto,Ningún objeto,Sincronía,Madrugar,Espejo Mágico,40,50,45,70,45,70,1,Malicioso,1,Picotazo,5,Poder Reserva,6,Tinieblas,9,Teletransporte,14,Confusión,17,Aire Afilado,20,Viento Aciago,22,Rayo Confuso,25,Deseo,28,Psíquico,34,Psicocambio,37,Premonición,40,Cambiafuerza,40,Cambiadefensa,,,,,,,,,,,,,,,,,,,,,,,,,,,,,,,,,,,,,,,,,,,,,,,,,,,,,,,,,,,,,,,,,,,,,,,Paz Mental,Tóxico,Día Soleado,Pantalla de Luz,Protección,Danza Lluvia,Gigadrenado,Comesueños,Rayo Solar,Psíquico,Bola Sombra,Doble Equipo,Reflejo,Golpe Aéreo,Atracción,Ladrón,Ala de Acero,Intercambio,Respiro,Destello,Onda Trueno,Autosugestión,Brillo Mágico,Hierba Lazo,Ida y Vuelta,Espacio Raro,,,,,,,,,,,,,,,,,,,,,,,,,,,,,,,,,,,,,,,,,,,,,,,,,,,,,,,,,,,,,,,,,,,,,,,,,,,,,,,,,,,,,,,,,,,,,,,,,,,,,,,,,,,,,,,,,,,,,,,,,,,,,,,,,,Pico Taladro,Ataque Rápido,Danza Pluma,Golpe Bajo,Onda Simple,Niebla,Cabezazo Zen,Cambio de Banda,Finta,,,,,,,,,,,,,,,,,,,,,,,,,,,,,,,,,,,,,,,,,,,,,,,,,,,,,,,,,,,,,,,,,,,,,,,,,,,,,,,,,,,,,,,,,,,,Ronquido,Cambio de Banda,Aire Afilado,Ala Bis,Rayo Señal,Viento Aciago,Zona Mágica,Ataque Aéreo,Viento Afín,Cabezazo Zen,Capa Mágica,Divide Dolor,Meteoros,Truco,Onda Ígnea,Golpe Bajo,Ciclón,,,,,,,,,,,,,,,,,,,,,,,,,,,,,,,,,,,,,,,,,,,,,,,,,,,,,,,,,,,,,,,,,,,,,,,,,,,,,,,,,,,
Xatu,178,178,0,Psíquico,Volador,Flying,Flying,Ningún objeto,Ningún objeto,Ningún objeto,Sincronía,Madrugar,Espejo Mágico,80,75,70,95,70,95,0,Tajo Aéreo,1,Poder Reserva,1,Malicioso,1,Picotazo,1,Viento Afín,1,Tajo Aéreo,6,Tinieblas,9,Teletransporte,14,Confusión,17,Aire Afilado,20,Viento Aciago,22,Rayo Confuso,25,Tajo Aéreo,26,Deseo,30,Psíquico,38,Psicocambio,42,Premonición,46,Cambiafuerza,46,Cambiadefensa,54,Vendaval,,,,,,,,,,,,,,,,,,,,,,,,,,,,,,,,,,,,,,,,,,,,,,,,,,,,,,,,,,,,,Paz Mental,Tóxico,Día Soleado,Hiperrayo,Pantalla de Luz,Protección,Danza Lluvia,Gigadrenado,Comesueños,Rayo Solar,Psíquico,Bola Sombra,Doble Equipo,Reflejo,Golpe Aéreo,Atracción,Ladrón,Ala de Acero,Intercambio,Respiro,Aguante,Gigaimpacto,Destello,Onda Trueno,Autosugestión,Brillo Mágico,Hierba Lazo,Vendaval,Ida y Vuelta,Espacio Raro,Vuelo,Despejar,,,,,,,,,,,,,,,,,,,,,,,,,,,,,,,,,,,,,,,,,,,,,,,,,,,,,,,,,,,,,,,,,,,,,,,,,,,,,,,,,,,,,,,,,,,,,,,,,,,,,,,,,,,,,,,,,,,,,,,,,,,,Pico Taladro,Ataque Rápido,Danza Pluma,Golpe Bajo,Onda Simple,Niebla,Cabezazo Zen,Cambio de Banda,Finta,,,,,,,,,,,,,,,,,,,,,,,,,,,,,,,,,,,,,,,,,,,,,,,,,,,,,,,,,,,,,,,,,,,,,,,,,,,,,,,,,,,,,,,,,,,,Ronquido,Cambio de Banda,Aire Afilado,Ala Bis,Aguzar,Rayo Señal,Viento Aciago,Zona Mágica,Ataque Aéreo,Viento Afín,Cabezazo Zen,Capa Mágica,Divide Dolor,Meteoros,Truco,Onda Ígnea,Golpe Bajo,Juego Sucio,Ciclón,,,,,,,,,,,,,,,,,,,,,,,,,,,,,,,,,,,,,,,,,,,,,,,,,,,,,,,,,,,,,,,,,,,,,,,,,,,,,,,,,
Mareep,179,179,0,Eléctrico,,Monster,Field,Ningún objeto,Ningún objeto,Ningún objeto,Elec. Estática,Peluche,Batería,55,40,40,65,45,35,1,Gruñido,1,Placaje,4,Onda Trueno,7,Impactrueno,10,Esporagodón,13,Carga,16,Rayo Carga,19,Rayo Confuso,22,Derribo,22,Bola Voltio,25,Chispazo,28,Joya de Luz,34,Rayo,36,Rizo Algodón,37,Pantalla de Luz,39,Rayo Señal,40,Cascabel Cura,43,Trueno,,,,,,,,,,,,,,,,,,,,,,,,,,,,,,,,,,,,,,,,,,,,,,,,,,,,,,,,,,,,,,,,,Tóxico,Pantalla de Luz,Protección,Danza Lluvia,Velo Sagrado,Cola Férrea,Rayo,Trueno,Doble Equipo,Reflejo,Onda Voltio,Imagen,Atracción,Voltio Cruel,Destello,Onda Trueno,,,,,,,,,,,,,,,,,,,,,,,,,,,,,,,,,,,,,,,,,,,,,,,,,,,,,,,,,,,,,,,,,,,,,,,,,,,,,,,,,,,,,,,,,,,,,,,,,,,,,,,,,,,,,,,,,,,,,,,,,,,,,,,,,,,,,,,,,,,,Derribo,Golpe Cuerpo,Chirrido,Carga,Camelo,Ataque Arena,Cede Paso,Agilidad,Onda Anómala,Campo Eléctrico,,,,,,,,,,,,,,,,,,,,,,,,,,,,,,,,,,,,,,,,,,,,,,,,,,,,,,,,,,,,,,,,,,,,,,,,,,,,,,,,,,,,,,,,,,,Ronquido,Cede Paso,Electrotela,Cascabel Cura,Rayo Señal,Levitón,Meteoros,Electrocañón,,,,,,,,,,,,,,,,,,,,,,,,,,,,,,,,,,,,,,,,,,,,,,,,,,,,,,,,,,,,,,,,,,,,,,,,,,,,,,,,,,,,,,,,,,,,
Flaaffy,180,180,0,Eléctrico,,Monster,Field,Ningún objeto,Ningún objeto,Ningún objeto,Elec. Estática,Peluche,Batería,70,55,55,80,60,45,1,Gruñido,1,Placaje,4,Onda Trueno,7,Impactrueno,10,Esporagodón,13,Carga,17,Rayo Carga,21,Rayo Confuso,25,Derribo,25,Bola Voltio,29,Chispazo,33,Joya de Luz,41,Rayo,43,Rizo Algodón,45,Pantalla de Luz,47,Rayo Señal,49,Cascabel Cura,53,Trueno,,,,,,,,,,,,,,,,,,,,,,,,,,,,,,,,,,,,,,,,,,,,,,,,,,,,,,,,,,,,,,,,,Puño Certero,Tóxico,Pantalla de Luz,Protección,Danza Lluvia,Velo Sagrado,Cola Férrea,Rayo,Trueno,Demolición,Doble Equipo,Reflejo,Onda Voltio,Imagen,Voltiocambio,Atracción,Lanzamiento,Voltio Cruel,Destello,Onda Trueno,Fuerza,Golpe Roca,,,,,,,,,,,,,,,,,,,,,,,,,,,,,,,,,,,,,,,,,,,,,,,,,,,,,,,,,,,,,,,,,,,,,,,,,,,,,,,,,,,,,,,,,,,,,,,,,,,,,,,,,,,,,,,,,,,,,,,,,,,,,,,,,,,,,,Derribo,Golpe Cuerpo,Chirrido,Carga,Camelo,Ataque Arena,Cede Paso,Agilidad,Onda Anómala,Campo Eléctrico,,,,,,,,,,,,,,,,,,,,,,,,,,,,,,,,,,,,,,,,,,,,,,,,,,,,,,,,,,,,,,,,,,,,,,,,,,,,,,,,,,,,,,,,,,,Ronquido,Cede Paso,Electrotela,Cascabel Cura,Rayo Señal,Puño Fuego,Puño Trueno,Levitón,Sísmico,Meteoros,Puño Incremento,Electrocañón,,,,,,,,,,,,,,,,,,,,,,,,,,,,,,,,,,,,,,,,,,,,,,,,,,,,,,,,,,,,,,,,,,,,,,,,,,,,,,,,,,,,,,,,
Ampharos,181,181,0,Eléctrico,Dragón,Monster,Field,Ningún objeto,Ningún objeto,Ningún objeto,Elec. Estática,Rompemoldes,Batería,90,75,85,115,90,55,0,Puño Trueno,1,Luminicola,1,Gruñido,1,Placaje,1,Puño Fuego,1,Aura Magnética,1,Electrocañón,1,Puño Trueno,4,Onda Trueno,7,Impactrueno,10,Esporagodón,13,Carga,17,Rayo Carga,21,Rayo Confuso,25,Bola Voltio,25,Derribo,29,Chispazo,30,Pulso Dragón,34,Joya de Luz,44,Rayo,46,Rizo Algodón,49,Pantalla de Luz,51,Rayo Señal,54,Cascabel Cura,59,Trueno,,,,,,,,,,,,,,,,,,,,,,,,,,,,,,,,,,,,,,,,,,,,,,,,,,,Puño Certero,Tóxico,Hiperrayo,Pantalla de Luz,Protección,Danza Lluvia,Velo Sagrado,Comesueños,Cola Férrea,Rayo,Trueno,Demolición,Doble Equipo,Reflejo,Onda Voltio,Imagen,Voltiocambio,Atracción,Onda Certera,Lanzamiento,Voltio Cruel,Pulso Dragón,Gigaimpacto,Destello,Onda Trueno,Vozarrón,Foco Resplandor,Fuerza,Golpe Roca,Treparrocas,,,,,,,,,,,,,,,,,,,,,,,,,,,,,,,,,,,,,,,,,,,,,,,,,,,,,,,,,,,,,,,,,,,,,,,,,,,,,,,,,,,,,,,,,,,,,,,,,,,,,,,,,,,,,,,,,,,,,,,,,,,,,,Derribo,Golpe Cuerpo,Chirrido,Carga,Camelo,Ataque Arena,Cede Paso,Agilidad,Onda Anómala,Campo Eléctrico,,,,,,,,,,,,,,,,,,,,,,,,,,,,,,,,,,,,,,,,,,,,,,,,,,,,,,,,,,,,,,,,,,,,,,,,,,,,,,,,,,,,,,,,,,,Ronquido,Cede Paso,Terratemblor,Electrotela,Aguzar,Cascabel Cura,Rayo Señal,Puño Fuego,Puño Trueno,Levitón,Sísmico,Meteoros,Puño Incremento,Electrocañón,Enfado,,,,,,,,,,,,,,,,,,,,,,,,,,,,,,,,,,,,,,,,,,,,,,,,,,,,,,,,,,,,,,,,,,,,,,,,,,,,,,,,,,,,,
Bellossom,182,182,0,Planta,,Grass,Grass,Ningún objeto,Ningún objeto,Ningún objeto,Clorofila,Ritmo Propio,Pareja de Baile,75,80,95,90,100,50,0,Tormenta Floral,1,Dulce Aroma,1,Ácido,1,Desarrollo,1,Absorber,1,Danza Pétalo,1,Luz Lunar,1,Campo de Hierba,1,Fuerza Lunar,1,Somnífero,1,Paralizador,1,Polvo Veneno,1,Megaagotar,1,Danza Aleteo,1,Tormenta Floral,1,Hoja Aguda,1,Aromaterapia,17,Hoja Mágica,27,Tierra Viva,37,Danza Caos,47,Danza Pétalo,57,Lluevehojas,67,Absorbefuerza,,,,,,,,,,,,,,,,,,,,,,,,,,,,,,,,,,,,,,,,,,,,,,,,,,,,,,,Tóxico,Semilladora,Día Soleado,Hiperrayo,Protección,Gigadrenado,Velo Sagrado,Comesueños,Rayo Solar,Doble Equipo,Bomba Lodo,Atracción,Energibola,Lanzamiento,Puño Drenaje,Gigaimpacto,Destello,Danza Espada,Hierba Lazo,Corte,,,,,,,,,,,,,,,,,,,,,,,,,,,,,,,,,,,,,,,,,,,,,,,,,,,,,,,,,,,,,,,,,,,,,,,,,,,,,,,,,,,,,,,,,,,,,,,,,,,,,,,,,,,,,,,,,,,,,,,,,,,,,,,,,,,,,,,,Hoja Afilada,Azote,Síntesis,Arraigo,Cosquillas,Danza Caos,Adaptación,Cede Paso,Absorbefuerza,Drenadoras,Encanto,,,,,,,,,,,,,,,,,,,,,,,,,,,,,,,,,,,,,,,,,,,,,,,,,,,,,,,,,,,,,,,,,,,,,,,,,,,,,,,,,,,,,,,,,,Ronquido,Refuerzo,Cede Paso,Abatidoras,Aguzar,Alboroto,Bilis,Síntesis,Bomba Germen,,,,,,,,,,,,,,,,,,,,,,,,,,,,,,,,,,,,,,,,,,,,,,,,,,,,,,,,,,,,,,,,,,,,,,,,,,,,,,,,,,,,,,,,,,,
Marill,183,183,0,Agua,Hada,Water 1,Fairy,Ningún objeto,Ningún objeto,Ningún objeto,Potencia,Sebo,Herbívoro,70,20,50,40,50,40,1,Salpicadura,1,Refuerzo,1,Látigo,1,Pistola Agua,1,Placaje,1,Rizo Defensa,1,Rodar,7,Burbuja,9,Encanto,9,Rodar,9,Rizo Defensa,12,Rayo Burbuja,12,Atizar,15,Acua Jet,15,Bote,18,Refuerzo,21,Acua Cola,24,Carantoña,27,Acua Aro,30,Danza Lluvia,33,Tambor,36,Doble Filo,39,Fuerza Bruta,42,Hidrobomba,,,,,,,,,,,,,,,,,,,,,,,,,,,,,,,,,,,,,,,,,,,,,,,,,,,,,Puño Certero,Hidropulso,Tóxico,Granizo,Poder Oculto,Rayo Hielo,Ventisca,Pantalla de Luz,Protección,Danza Lluvia,Cola Férrea,Excavar,Demolición,Doble Equipo,Descanso,Atracción,Salmuera,Lanzamiento,Hierba Lazo,Surf,Fuerza,Golpe Roca,Cascada,,,,,,,,,,,,,,,,,,,,,,,,,,,,,,,,,,,,,,,,,,,,,,,,,,,,,,,,,,,,,,,,,,,,,,,,,,,,,,,,,,,,,,,,,,,,,,,,,,,,,,,,,,,,,,,,,,,,,,,,,,,,,,,,,,,,,Acua Jet,Tambor,Copión,Canto Mortal,Presente,Canto,Empapar,Supersónico,Cosquillas,Otra Vez,Atizar,Llanto Falso,Golpe Cuerpo,Agua Lodosa,,,,,,,,,,,,,,,,,,,,,,,,,,,,,,,,,,,,,,,,,,,,,,,,,,,,,,,,,,,,,,,,,,,,,,,,,,,,,,,,,,,,,,,Ronquido,Refuerzo,Antojo,Rodar,Bofetón Lodo,Alboroto,Puño Hielo,Sísmico,Buceo,Bote,Meteoros,Acua Cola,Puño Incremento,Viento Hielo,Fuerza Bruta,Desarme,,,,,,,,,,,,,,,,,,,,,,,,,,,,,,,,,,,,,,,,,,,,,,,,,,,,,,,,,,,,,,,,,,,,,,,,,,,,,,,,,,,,
Azumarill,184,184,0,Agua,Hada,Water 1,Fairy,Ningún objeto,Ningún objeto,Ningún objeto,Potencia,Sebo,Herbívoro,110,50,80,80,80,50,1,Salpicadura,1,Refuerzo,1,Látigo,1,Pistola Agua,1,Placaje,1,Rizo Defensa,1,Rodar,1,Hidrobomba,1,Fuerza Bruta,7,Burbuja,9,Encanto,9,Rodar,9,Rizo Defensa,12,Rayo Burbuja,12,Atizar,15,Acua Jet,15,Bote,18,Golpe Cuerpo,19,Refuerzo,23,Acua Cola,27,Carantoña,31,Acua Aro,35,Puño Hielo,39,Tambor,43,Doble Filo,47,Fuerza Bruta,51,Hidrobomba,55,Hidroariete,,,,,,,,,,,,,,,,,,,,,,,,,,,,,,,,,,,,,,,,,,,,,Puño Certero,Hidropulso,Tóxico,Granizo,Poder Oculto,Rayo Hielo,Ventisca,Hiperrayo,Pantalla de Luz,Protección,Danza Lluvia,Cola Férrea,Excavar,Demolición,Doble Equipo,Descanso,Atracción,Salmuera,Onda Certera,Lanzamiento,Puño Drenaje,Gigaimpacto,Vozarrón,Hierba Lazo,Surf,Fuerza,Golpe Roca,Cascada,,,,,,,,,,,,,,,,,,,,,,,,,,,,,,,,,,,,,,,,,,,,,,,,,,,,,,,,,,,,,,,,,,,,,,,,,,,,,,,,,,,,,,,,,,,,,,,,,,,,,,,,,,,,,,,,,,,,,,,,,,,,,,,,Acua Jet,Tambor,Copión,Canto Mortal,Presente,Canto,Empapar,Supersónico,Cosquillas,Otra Vez,Atizar,Llanto Falso,Golpe Cuerpo,Agua Lodosa,,,,,,,,,,,,,,,,,,,,,,,,,,,,,,,,,,,,,,,,,,,,,,,,,,,,,,,,,,,,,,,,,,,,,,,,,,,,,,,,,,,,,,,Ronquido,Refuerzo,Antojo,Terratemblor,Rodar,Bofetón Lodo,Alboroto,Puño Hielo,Sísmico,Buceo,Bote,Meteoros,Acua Cola,Puño Incremento,Viento Hielo,Fuerza Bruta,Desarme,Hidroariete,,,,,,,,,,,,,,,,,,,,,,,,,,,,,,,,,,,,,,,,,,,,,,,,,,,,,,,,,,,,,,,,,,,,,,,,,,,,,,,,,,
Sudowoodo,185,185,0,Roca,,Mineral,Mineral,Ningún objeto,Ningún objeto,Ningún objeto,Cabeza Roca,Robustez,Cobardía,90,115,125,30,75,30,0,Atizar,1,Lanzarrocas,1,Rizo Defensa,1,Copión,1,Llanto Falso,1,Mazazo,1,Atizar,6,Azote,9,Antojo,12,Patada Baja,15,Tumba Rocas,18,Atizar,18,Mimético,21,Finta,24,Ojos Llorosos,24,Rodar,27,Avalancha,30,Bloqueo,33,Contraataque,36,Golpe Bajo,39,Doble Filo,42,Roca Afilada,45,Machada,48,Testarazo,,,,,,,,,,,,,,,,,,,,,,,,,,,,,,,,,,,,,,,,,,,,,,,,,,,,,Puño Certero,Paz Mental,Tóxico,Día Soleado,Mofa,Protección,Terremoto,Excavar,Demolición,Doble Equipo,Tormenta Arena,Tumba Rocas,Tormento,Atracción,Ladrón,Lanzamiento,Explosión,Pulimento,Roca Afilada,Trampa Rocas,Autosugestión,Avalancha,Vozarrón,Fuerza,Golpe Roca,,,,,,,,,,,,,,,,,,,,,,,,,,,,,,,,,,,,,,,,,,,,,,,,,,,,,,,,,,,,,,,,,,,,,,,,,,,,,,,,,,,,,,,,,,,,,,,,,,,,,,,,,,,,,,,,,,,,,,,,,,,,,,,,,,,Golpe Cabeza,Fortaleza,Rizo Defensa,Maldición,Rodar,Autodestrucción,Bucle Arena,,,,,,,,,,,,,,,,,,,,,,,,,,,,,,,,,,,,,,,,,,,,,,,,,,,,,,,,,,,,,,,,,,,,,,,,,,,,,,,,,,,,,,,,,,,,,,Ronquido,Refuerzo,Antojo,Cede Paso,Terratemblor,Rodar,Bofetón Lodo,Bloqueo,Autodestrucción,Alboroto,Pataleta,Puño Fuego,Puño Hielo,Puño Trueno,Sísmico,Imitación,Patada Baja,Puño Incremento,Golpe Bajo,Juego Sucio,Tierra Viva,,,,,,,,,,,,,,,,,,,,,,,,,,,,,,,,,,,,,,,,,,,,,,,,,,,,,,,,,,,,,,,,,,,,,,,,,,,,,,,
Politoed,186,186,0,Agua,,Water 1,Water 1,Ningún objeto,Ningún objeto,Roca del Rey,Llovizna,Humedad,Absorbe Agua,90,75,75,90,100,70,0,Bote,1,Otra Vez,1,Esfuerzo,1,Bote,1,Canto Mortal,1,Rayo Burbuja,1,Bomba Fango,1,Tierra Viva,1,Golpe Cuerpo,1,Doble Filo,1,Pistola Agua,1,Doble Bofetón,1,Hipnosis,1,Burbuja,1,Destructor,1,Disparo Lodo,1,Tambor,23,Contoneo,33,Bote,43,Hidrobomba,53,Vozarrón,,,,,,,,,,,,,,,,,,,,,,,,,,,,,,,,,,,,,,,,,,,,,,,,,,,,,,,,,,,Puño Certero,Hidropulso,Tóxico,Granizo,Rayo Hielo,Ventisca,Hiperrayo,Protección,Danza Lluvia,Terremoto,Excavar,Psíquico,Demolición,Doble Equipo,Descanso,Atracción,Ladrón,Salmuera,Onda Certera,Lanzamiento,Vendetta,Gigaimpacto,Vozarrón,Surf,Fuerza,Golpe Roca,Cascada,,,,,,,,,,,,,,,,,,,,,,,,,,,,,,,,,,,,,,,,,,,,,,,,,,,,,,,,,,,,,,,,,,,,,,,,,,,,,,,,,,,,,,,,,,,,,,,,,,,,,,,,,,,,,,,,,,,,,,,,,,,,,,,,,Esfuerzo,Niebla,Neblina,Telépata,Salpicadura,Rayo Burbuja,Disparo Lodo,Otra Vez,,,,,,,,,,,,,,,,,,,,,,,,,,,,,,,,,,,,,,,,,,,,,,,,,,,,,,,,,,,,,,,,,,,,,,,,,,,,,,,,,,,,,,,,,,,,,Ronquido,Refuerzo,Terratemblor,Bofetón Lodo,Puño Hielo,Sísmico,Buceo,Bote,Puño Incremento,Viento Hielo,Esfuerzo,,,,,,,,,,,,,,,,,,,,,,,,,,,,,,,,,,,,,,,,,,,,,,,,,,,,,,,,,,,,,,,,,,,,,,,,,,,,,,,,,,,,,,,,,
Hoppip,187,187,0,Planta,Volador,Fairy,Grass,Ningún objeto,Ningún objeto,Ningún objeto,Clorofila,Allanamiento,Defensa Hoja,35,35,40,45,55,50,1,Absorber,1,Salpicadura,1,Placaje,5,Síntesis,7,Látigo,9,Semilladora,10,Viento Feérico,11,Aire Afilado,13,Megaagotar,15,Somnífero,15,Paralizador,15,Polvo Veneno,17,Drenadoras,19,Esporagodón,21,Abatidoras,23,Gigadrenado,25,Tajo Aéreo,27,Ida y Vuelta,28,Acróbata,29,Abatidoras,31,Polvo Ira,31,Energibola,33,Aromaterapia,35,Legado,46,Bote,,,,,,,,,,,,,,,,,,,,,,,,,,,,,,,,,,,,,,,,,,,,,,,,,,,Tóxico,Semilladora,Día Soleado,Protección,Gigadrenado,Comesueños,Rayo Solar,Doble Equipo,Reflejo,Golpe Aéreo,Atracción,Energibola,Destello,Danza Espada,Autosugestión,Hierba Lazo,Ida y Vuelta,,,,,,,,,,,,,,,,,,,,,,,,,,,,,,,,,,,,,,,,,,,,,,,,,,,,,,,,,,,,,,,,,,,,,,,,,,,,,,,,,,,,,,,,,,,,,,,,,,,,,,,,,,,,,,,,,,,,,,,,,,,,,,,,,,,,,,,,,,,Confusión,Otra Vez,Doble Filo,Amnesia,Refuerzo,Aromaterapia,Abatidoras,Rizo Algodón,Bomba Germen,Campo de Hierba,Absorbefuerza,,,,,,,,,,,,,,,,,,,,,,,,,,,,,,,,,,,,,,,,,,,,,,,,,,,,,,,,,,,,,,,,,,,,,,,,,,,,,,,,,,,,,,,,,,Ronquido,Abatidoras,Síntesis,Bote,Bomba Germen,,,,,,,,,,,,,,,,,,,,,,,,,,,,,,,,,,,,,,,,,,,,,,,,,,,,,,,,,,,,,,,,,,,,,,,,,,,,,,,,,,,,,,,,,,,,,,,
Skiploom,188,188,0,Planta,Volador,Fairy,Grass,Ningún objeto,Ningún objeto,Ningún objeto,Clorofila,Allanamiento,Defensa Hoja,55,45,50,65,65,80,1,Absorber,1,Salpicadura,1,Placaje,5,Síntesis,7,Látigo,9,Semilladora,10,Viento Feérico,11,Aire Afilado,13,Megaagotar,15,Somnífero,15,Paralizador,15,Polvo Veneno,17,Drenadoras,20,Esporagodón,23,Abatidoras,26,Gigadrenado,29,Tajo Aéreo,32,Acróbata,32,Ida y Vuelta,35,Abatidoras,36,Polvo Ira,38,Energibola,41,Aromaterapia,44,Legado,56,Bote,,,,,,,,,,,,,,,,,,,,,,,,,,,,,,,,,,,,,,,,,,,,,,,,,,,Tóxico,Semilladora,Día Soleado,Protección,Gigadrenado,Comesueños,Rayo Solar,Doble Equipo,Reflejo,Golpe Aéreo,Atracción,Energibola,Destello,Danza Espada,Autosugestión,Hierba Lazo,Ida y Vuelta,,,,,,,,,,,,,,,,,,,,,,,,,,,,,,,,,,,,,,,,,,,,,,,,,,,,,,,,,,,,,,,,,,,,,,,,,,,,,,,,,,,,,,,,,,,,,,,,,,,,,,,,,,,,,,,,,,,,,,,,,,,,,,,,,,,,,,,,,,,Confusión,Otra Vez,Doble Filo,Amnesia,Refuerzo,Aromaterapia,Abatidoras,Rizo Algodón,Bomba Germen,Campo de Hierba,Absorbefuerza,,,,,,,,,,,,,,,,,,,,,,,,,,,,,,,,,,,,,,,,,,,,,,,,,,,,,,,,,,,,,,,,,,,,,,,,,,,,,,,,,,,,,,,,,,Ronquido,Abatidoras,Síntesis,Bote,Bomba Germen,,,,,,,,,,,,,,,,,,,,,,,,,,,,,,,,,,,,,,,,,,,,,,,,,,,,,,,,,,,,,,,,,,,,,,,,,,,,,,,,,,,,,,,,,,,,,,,
Jumpluff,189,189,0,Planta,Volador,Fairy,Grass,Ningún objeto,Ningún objeto,Ningún objeto,Clorofila,Allanamiento,Pelusa,75,55,70,85,95,110,1,Absorber,1,Salpicadura,1,Placaje,5,Síntesis,7,Látigo,9,Semilladora,10,Viento Feérico,11,Aire Afilado,13,Megaagotar,15,Somnífero,15,Paralizador,15,Polvo Veneno,17,Drenadoras,20,Esporagodón,23,Abatidoras,26,Gigadrenado,30,Tajo Aéreo,34,Acróbata,34,Ida y Vuelta,38,Abatidoras,39,Polvo Ira,42,Energibola,46,Aromaterapia,50,Legado,54,Bote,64,Espora,,,,,,,,,,,,,,,,,,,,,,,,,,,,,,,,,,,,,,,,,,,,,,,,,Tóxico,Semilladora,Día Soleado,Hiperrayo,Protección,Gigadrenado,Comesueños,Rayo Solar,Doble Equipo,Reflejo,Golpe Aéreo,Atracción,Energibola,Aguante,Gigaimpacto,Destello,Danza Espada,Autosugestión,Hierba Lazo,Vendaval,Ida y Vuelta,Vuelo,,,,,,,,,,,,,,,,,,,,,,,,,,,,,,,,,,,,,,,,,,,,,,,,,,,,,,,,,,,,,,,,,,,,,,,,,,,,,,,,,,,,,,,,,,,,,,,,,,,,,,,,,,,,,,,,,,,,,,,,,,,,,,,,,,,,,,Confusión,Otra Vez,Doble Filo,Amnesia,Refuerzo,Aromaterapia,Abatidoras,Rizo Algodón,Bomba Germen,Campo de Hierba,Absorbefuerza,,,,,,,,,,,,,,,,,,,,,,,,,,,,,,,,,,,,,,,,,,,,,,,,,,,,,,,,,,,,,,,,,,,,,,,,,,,,,,,,,,,,,,,,,,Ronquido,Abatidoras,Síntesis,Bote,Bomba Germen,,,,,,,,,,,,,,,,,,,,,,,,,,,,,,,,,,,,,,,,,,,,,,,,,,,,,,,,,,,,,,,,,,,,,,,,,,,,,,,,,,,,,,,,,,,,,,,
Aipom,190,190,0,Normal,,Field,Field,Ningún objeto,Ningún objeto,Ningún objeto,Fuga,Recogida,Encadenado,55,70,55,40,55,85,1,Látigo,1,Arañazo,1,Ataque Arena,5,Impresionar,8,Cosquillas,11,Relevo,17,Golpes Furia,18,Bomba Fango,20,Antojo,23,Meteoros,26,Chirrido,29,Agilidad,32,Doble Golpe,35,Sorpresa,38,Lanzamiento,41,Bote,44,Maquinación,47,Trapicheo,50,Última Baza,,,,,,,,,,,,,,,,,,,,,,,,,,,,,,,,,,,,,,,,,,,,,,,,,,,,,,,,,,,,,,,Puño Certero,Hidropulso,Tóxico,Poder Oculto,Día Soleado,Mofa,Protección,Danza Lluvia,Rayo Solar,Cola Férrea,Rayo,Trueno,Puntapié,Excavar,Bola Sombra,Demolición,Doble Equipo,Onda Voltio,Golpe Aéreo,Atracción,Ladrón,Lanzamiento,Maquinación,Garra Umbría,Vendetta,Onda Trueno,Brillo Mágico,Hierba Lazo,Ida y Vuelta,Corte,Fuerza,Golpe Roca,,,,,,,,,,,,,,,,,,,,,,,,,,,,,,,,,,,,,,,,,,,,,,,,,,,,,,,,,,,,,,,,,,,,,,,,,,,,,,,,,,,,,,,,,,,,,,,,,,,,,,,,,,,,,,,,,,,,,,,,,,,,Contraataque,Chirrido,Agilidad,Rencor,Atizar,Paliza,Sorpresa,Antojo,Bote,Desquite,Trapicheo,Anticipo,Doble Bofetón,,,,,,,,,,,,,,,,,,,,,,,,,,,,,,,,,,,,,,,,,,,,,,,,,,,,,,,,,,,,,,,,,,,,,,,,,,,,,,,,,,,,,,,,Ronquido,Antojo,Bofetón Lodo,Corte Furia,Rencor,Alboroto,Puño Fuego,Puño Hielo,Puño Trueno,Sísmico,Bote,Imitación,Bomba Germen,Meteoros,Patada Baja,Puño Incremento,Desarme,Electrocañón,Última Baza,Juego Sucio,Lanzamugre,,,,,,,,,,,,,,,,,,,,,,,,,,,,,,,,,,,,,,,,,,,,,,,,,,,,,,,,,,,,,,,,,,,,,,,,,,,,,,,
Sunkern,191,191,0,Planta,,Grass,Grass,Ningún objeto,Ningún objeto,Ningún objeto,Clorofila,Poder Solar,Madrugar,30,30,30,30,30,30,1,Desarrollo,1,Placaje,1,Absorber,4,Arraigo,7,Silbato,9,Megaagotar,11,Drenadoras,13,Hoja Afilada,15,Abatidoras,18,Adaptación,21,Gigadrenado,23,Esfuerzo,25,Sol Matinal,28,Energibola,32,Síntesis,35,Tierra Viva,38,Doble Filo,41,Día Soleado,43,Rayo Solar,45,Bomba Germen,,,,,,,,,,,,,,,,,,,,,,,,,,,,,,,,,,,,,,,,,,,,,,,,,,,,,,,,,,,,,Tóxico,Semilladora,Día Soleado,Pantalla de Luz,Protección,Gigadrenado,Velo Sagrado,Rayo Solar,Doble Equipo,Bomba Lodo,Atracción,Energibola,Destello,Hierba Lazo,Corte,,,,,,,,,,,,,,,,,,,,,,,,,,,,,,,,,,,,,,,,,,,,,,,,,,,,,,,,,,,,,,,,,,,,,,,,,,,,,,,,,,,,,,,,,,,,,,,,,,,,,,,,,,,,,,,,,,,,,,,,,,,,,,,,,,,,,,,,,,,,,Otra Vez,Drenadoras,Adaptación,Maldición,Refuerzo,Arraigo,Dulce Aroma,Sol Matinal,Campo de Hierba,,,,,,,,,,,,,,,,,,,,,,,,,,,,,,,,,,,,,,,,,,,,,,,,,,,,,,,,,,,,,,,,,,,,,,,,,,,,,,,,,,,,,,,,,,,,Ronquido,Cede Paso,Abatidoras,Alboroto,Síntesis,Bomba Germen,Esfuerzo,Tierra Viva,,,,,,,,,,,,,,,,,,,,,,,,,,,,,,,,,,,,,,,,,,,,,,,,,,,,,,,,,,,,,,,,,,,,,,,,,,,,,,,,,,,,,,,,,,,,
Sunflora,192,192,0,Planta,,Grass,Grass,Ningún objeto,Ningún objeto,Ningún objeto,Clorofila,Poder Solar,Herbogénesis,85,55,85,125,95,30,1,Placaje,1,Absorber,1,Síntesis,1,Esfuerzo,1,Desarrollo,1,Destructor,1,Defensa Floral,1,Megaagotar,4,Arraigo,8,Silbato,12,Bomba Germen,16,Drenadoras,20,Hoja Afilada,24,Abatidoras,28,Adaptación,32,Gigadrenado,36,Semilladora,40,Sol Matinal,44,Energibola,48,Danza Pétalo,52,Tierra Viva,56,Doble Filo,60,Día Soleado,64,Rayo Solar,68,Lluevehojas,72,Tormenta Floral,,,,,,,,,,,,,,,,,,,,,,,,,,,,,,,,,,,,,,,,,,,,,,,,,Tóxico,Semilladora,Día Soleado,Hiperrayo,Pantalla de Luz,Protección,Gigadrenado,Velo Sagrado,Rayo Solar,Doble Equipo,Bomba Lodo,Atracción,Energibola,Gigaimpacto,Destello,Danza Espada,Hierba Lazo,Corte,,,,,,,,,,,,,,,,,,,,,,,,,,,,,,,,,,,,,,,,,,,,,,,,,,,,,,,,,,,,,,,,,,,,,,,,,,,,,,,,,,,,,,,,,,,,,,,,,,,,,,,,,,,,,,,,,,,,,,,,,,,,,,,,,,,,,,,,,,Otra Vez,Drenadoras,Adaptación,Maldición,Refuerzo,Arraigo,Dulce Aroma,Sol Matinal,Campo de Hierba,,,,,,,,,,,,,,,,,,,,,,,,,,,,,,,,,,,,,,,,,,,,,,,,,,,,,,,,,,,,,,,,,,,,,,,,,,,,,,,,,,,,,,,,,,,,Ronquido,Cede Paso,Abatidoras,Alboroto,Síntesis,Bomba Germen,Esfuerzo,Tierra Viva,,,,,,,,,,,,,,,,,,,,,,,,,,,,,,,,,,,,,,,,,,,,,,,,,,,,,,,,,,,,,,,,,,,,,,,,,,,,,,,,,,,,,,,,,,,,
Yanma,193,193,0,Bicho,Volador,Bug,Bug,Ningún objeto,Ningún objeto,Lupa,Impulso,Ojo Compuesto,Cacheo,65,65,45,75,45,95,1,Tornado,1,Placaje,1,Ataque Rápido,6,Doble Equipo,11,Viento Plata,13,Ataque Ala,14,Golpe Aéreo,17,Detección,19,Aire Afilado,23,Supersónico,27,Alboroto,29,Tajo Aéreo,30,Disparo Demora,33,Poder Pasado,35,Hipnosis,39,Ida y Vuelta,43,Chirrido,45,Zumbido,,,,,,,,,,,,,,,,,,,,,,,,,,,,,,,,,,,,,,,,,,,,,,,,,,,,,,,,,,,,,,,,,Tóxico,Día Soleado,Protección,Gigadrenado,Rayo Solar,Psíquico,Bola Sombra,Doble Equipo,Golpe Aéreo,Atracción,Ladrón,Ala de Acero,Respiro,Aguante,Zumbido,Destello,Danza Espada,Brillo Mágico,Vendaval,Ida y Vuelta,Despejar,,,,,,,,,,,,,,,,,,,,,,,,,,,,,,,,,,,,,,,,,,,,,,,,,,,,,,,,,,,,,,,,,,,,,,,,,,,,,,,,,,,,,,,,,,,,,,,,,,,,,,,,,,,,,,,,,,,,,,,,,,,,,,,,,,,,,,,Remolino,Inversión,Chupavidas,Amago,Doble Filo,Finta,Rayo Señal,Viento Plata,,,,,,,,,,,,,,,,,,,,,,,,,,,,,,,,,,,,,,,,,,,,,,,,,,,,,,,,,,,,,,,,,,,,,,,,,,,,,,,,,,,,,,,,,,,,,Ronquido,Aire Afilado,Ala Bis,Alboroto,Rayo Señal,Poder Pasado,Viento Aciago,Viento Afín,Meteoros,Chupavidas,,,,,,,,,,,,,,,,,,,,,,,,,,,,,,,,,,,,,,,,,,,,,,,,,,,,,,,,,,,,,,,,,,,,,,,,,,,,,,,,,,,,,,,,,,
Wooper,194,194,0,Agua,Tierra,Water 1,Field,Ningún objeto,Ningún objeto,Ningún objeto,Absorbe Agua,Ignorante,Simple,55,55,55,25,25,15,1,Látigo,1,Pistola Agua,7,Disparo Lodo,10,Atizar,13,Doble Patada,17,Maldición,19,Amnesia,19,Bomba Fango,22,Acua Cola,25,Bostezo,28,Golpe Cuerpo,31,Terremoto,34,Contraataque,36,Tóxico,37,Danza Lluvia,40,Agua Lodosa,43,Neblina,43,Niebla,46,Recuperación,,,,,,,,,,,,,,,,,,,,,,,,,,,,,,,,,,,,,,,,,,,,,,,,,,,,,,,,,,,,,,,Hidropulso,Tóxico,Granizo,Rayo Hielo,Ventisca,Protección,Danza Lluvia,Velo Sagrado,Cola Férrea,Terremoto,Excavar,Doble Equipo,Bomba Lodo,Tormenta Arena,Atracción,Salmuera,Destello,Vozarrón,Surf,Golpe Roca,Cascada,,,,,,,,,,,,,,,,,,,,,,,,,,,,,,,,,,,,,,,,,,,,,,,,,,,,,,,,,,,,,,,,,,,,,,,,,,,,,,,,,,,,,,,,,,,,,,,,,,,,,,,,,,,,,,,,,,,,,,,,,,,,,,,,,,,,,,,Poder Pasado,Maldición,Reserva,Tragar,Escupir,Contraataque,Doble Patada,Recuperación,Cede Paso,Bomba Ácida,Puño Incremento,Golpe Cuerpo,Otra Vez,Cambiadefensa,Onda Anómala,,,,,,,,,,,,,,,,,,,,,,,,,,,,,,,,,,,,,,,,,,,,,,,,,,,,,,,,,,,,,,,,,,,,,,,,,,,,,,,,,,,,,,Ronquido,Cede Paso,Terratemblor,Rodar,Bofetón Lodo,Pataleta,Poder Pasado,Puño Hielo,Buceo,Acua Cola,Viento Hielo,Tierra Viva,,,,,,,,,,,,,,,,,,,,,,,,,,,,,,,,,,,,,,,,,,,,,,,,,,,,,,,,,,,,,,,,,,,,,,,,,,,,,,,,,,,,,,,,
Quagsire,195,195,0,Agua,Tierra,Water 1,Field,Ningún objeto,Ningún objeto,Ningún objeto,Absorbe Agua,Ignorante,Simple,95,95,95,65,65,35,1,Disparo Lodo,1,Látigo,1,Pistola Agua,7,Disparo Lodo,10,Atizar,13,Doble Patada,17,Maldición,19,Amnesia,19,Bomba Fango,23,Acua Cola,27,Bostezo,31,Golpe Cuerpo,35,Terremoto,39,Contraataque,43,Danza Lluvia,46,Tóxico,47,Agua Lodosa,51,Neblina,51,Niebla,55,Recuperación,,,,,,,,,,,,,,,,,,,,,,,,,,,,,,,,,,,,,,,,,,,,,,,,,,,,,,,,,,,,,Puño Certero,Hidropulso,Tóxico,Granizo,Rayo Hielo,Ventisca,Hiperrayo,Protección,Danza Lluvia,Velo Sagrado,Cola Férrea,Terremoto,Excavar,Demolición,Doble Equipo,Bomba Lodo,Tormenta Arena,Tumba Rocas,Atracción,Ladrón,Salmuera,Onda Certera,Lanzamiento,Gigaimpacto,Destello,Roca Afilada,Avalancha,Vozarrón,Surf,Fuerza,Golpe Roca,Cascada,,,,,,,,,,,,,,,,,,,,,,,,,,,,,,,,,,,,,,,,,,,,,,,,,,,,,,,,,,,,,,,,,,,,,,,,,,,,,,,,,,,,,,,,,,,,,,,,,,,,,,,,,,,,,,,,,,,,,,,,,,,,Poder Pasado,Maldición,Reserva,Tragar,Escupir,Contraataque,Doble Patada,Recuperación,Cede Paso,Bomba Ácida,Puño Incremento,Golpe Cuerpo,Otra Vez,Cambiadefensa,Onda Anómala,,,,,,,,,,,,,,,,,,,,,,,,,,,,,,,,,,,,,,,,,,,,,,,,,,,,,,,,,,,,,,,,,,,,,,,,,,,,,,,,,,,,,,Ronquido,Cede Paso,Terratemblor,Rodar,Bofetón Lodo,Pataleta,Poder Pasado,Puño Hielo,Sísmico,Buceo,Acua Cola,Puño Incremento,Viento Hielo,Tierra Viva,,,,,,,,,,,,,,,,,,,,,,,,,,,,,,,,,,,,,,,,,,,,,,,,,,,,,,,,,,,,,,,,,,,,,,,,,,,,,,,,,,,,,,
Espeon,196,196,0,Psíquico,,Field,Field,Ningún objeto,Ningún objeto,Ningún objeto,Sincronía,Telepatía,Espejo Mágico,65,65,60,130,95,110,0,Confusión,1,Látigo,1,Gruñido,1,Placaje,1,Refuerzo,1,Doble Filo,1,Encanto,1,Derribo,1,Relevo,1,Copión,1,Mordisco,1,Antojo,1,Confusión,7,Ataque Arena,10,Ataque Rápido,13,Autosugestión,15,Ojitos Tiernos,16,Psicorrayo,19,Meteoros,22,Premonición,25,Paranormal,28,Joya de Luz,31,Sol Matinal,34,Psíquico,37,Esfera Aural,40,Última Baza,43,Cambiafuerza,,,,,,,,,,,,,,,,,,,,,,,,,,,,,,,,,,,,,,,,,,,,,,,Paz Mental,Tóxico,Poder Oculto,Día Soleado,Hiperrayo,Pantalla de Luz,Protección,Danza Lluvia,Comesueños,Cola Férrea,Excavar,Psíquico,Bola Sombra,Doble Equipo,Reflejo,Descanso,Atracción,Intercambio,Gigaimpacto,Destello,Autosugestión,Brillo Mágico,Hierba Lazo,Espacio Raro,Corte,,,,,,,,,,,,,,,,,,,,,,,,,,,,,,,,,,,,,,,,,,,,,,,,,,,,,,,,,,,,,,,,,,,,,,,,,,,,,,,,,,,,,,,,,,,,,,,,,,,,,,,,,,,,,,,,,,,,,,,,,,,,,,,,,,,Azote,Maldición,Cosquillas,Bostezo,Detección,Doble Patada,Bofetón Lodo,Deseo,Encanto,Llanto Falso,Antojo,Poder Reserva,,,,,,,,,,,,,,,,,,,,,,,,,,,,,,,,,,,,,,,,,,,,,,,,,,,,,,,,,,,,,,,,,,,,,,,,,,,,,,,,,,,,,,,,,Ronquido,Refuerzo,Antojo,Cambio de Banda,Bofetón Lodo,Aguzar,Cascabel Cura,Rayo Señal,Zona Mágica,Cabezazo Zen,Capa Mágica,Meteoros,Truco,Electrocañón,Última Baza,,,,,,,,,,,,,,,,,,,,,,,,,,,,,,,,,,,,,,,,,,,,,,,,,,,,,,,,,,,,,,,,,,,,,,,,,,,,,,,,,,,,,
Umbreon,197,197,0,Siniestro,,Field,Field,Ningún objeto,Ningún objeto,Ningún objeto,Sincronía,Foco Interno,Inmunidad,95,65,110,60,130,65,0,Alarido,1,Látigo,1,Gruñido,1,Placaje,1,Refuerzo,1,Doble Filo,1,Encanto,1,Derribo,1,Relevo,1,Copión,1,Mordisco,1,Meteoros,1,Antojo,1,Juego Sucio,7,Ataque Arena,10,Ataque Rápido,13,Mal de Ojo,15,Ojitos Tiernos,19,Buena Baza,20,Finta,22,Rayo Confuso,25,Triturar,28,Carantoña,31,Luz Lunar,34,Golpe Bajo,37,Lanzamugre,40,Pulso Umbrío,40,Última Baza,43,Cambiadefensa,45,Chirrido,,,,,,,,,,,,,,,,,,,,,,,,,,,,,,,,,,,,,,,,,Tóxico,Poder Oculto,Día Soleado,Mofa,Hiperrayo,Protección,Danza Lluvia,Cola Férrea,Excavar,Psíquico,Bola Sombra,Doble Equipo,Tormento,Descanso,Atracción,Ladrón,Vendetta,Gigaimpacto,Destello,Autosugestión,Alarido,Pulso Umbrío,Brillo Mágico,Hierba Lazo,Corte,,,,,,,,,,,,,,,,,,,,,,,,,,,,,,,,,,,,,,,,,,,,,,,,,,,,,,,,,,,,,,,,,,,,,,,,,,,,,,,,,,,,,,,,,,,,,,,,,,,,,,,,,,,,,,,,,,,,,,,,,,,,,,,,,,,Azote,Maldición,Cosquillas,Bostezo,Detección,Doble Patada,Bofetón Lodo,Deseo,Encanto,Llanto Falso,Antojo,Poder Reserva,,,,,,,,,,,,,,,,,,,,,,,,,,,,,,,,,,,,,,,,,,,,,,,,,,,,,,,,,,,,,,,,,,,,,,,,,,,,,,,,,,,,,,,,,Ronquido,Refuerzo,Antojo,Bofetón Lodo,Aguzar,Cascabel Cura,Rencor,Zona Extraña,Meteoros,Golpe Bajo,Electrocañón,Última Baza,Juego Sucio,,,,,,,,,,,,,,,,,,,,,,,,,,,,,,,,,,,,,,,,,,,,,,,,,,,,,,,,,,,,,,,,,,,,,,,,,,,,,,,,,,,,,,,
Murkrow,198,198,0,Siniestro,Volador,Flying,Flying,Ningún objeto,Ningún objeto,Ningún objeto,Afortunado,Insomnio,Bromista,60,85,42,85,42,91,1,Impresionar,1,Picotazo,5,Tornado,9,Niebla,13,Ataque Ala,15,Buena Baza,17,Tinieblas,19,Mofa,25,Pico Taladro,27,Mal de Ojo,29,Golpe Bajo,33,Viento Afín,35,Aire Afilado,35,Finta,35,Pulso Umbrío,37,Tormento,39,Pájaro Osado,45,Juego Sucio,65,Último Lugar,,,,,,,,,,,,,,,,,,,,,,,,,,,,,,,,,,,,,,,,,,,,,,,,,,,,,,,,,,,,,,,Paz Mental,Tóxico,Día Soleado,Mofa,Protección,Danza Lluvia,Psíquico,Bola Sombra,Doble Equipo,Golpe Aéreo,Tormento,Atracción,Ladrón,Ala de Acero,Respiro,Aguante,Vendetta,Onda Trueno,Autosugestión,Alarido,Pulso Umbrío,Brillo Mágico,Vendaval,Vuelo,Despejar,,,,,,,,,,,,,,,,,,,,,,,,,,,,,,,,,,,,,,,,,,,,,,,,,,,,,,,,,,,,,,,,,,,,,,,,,,,,,,,,,,,,,,,,,,,,,,,,,,,,,,,,,,,,,,,,,,,,,,,,,,,,,,,,,,,Remolino,Pico Taladro,Ataque Ala,Ataque Aéreo,Rayo Confuso,Danza Pluma,Canto Mortal,Psicocambio,Chirrido,Pájaro Osado,Buena Baza,Camelo,Finta,,,,,,,,,,,,,,,,,,,,,,,,,,,,,,,,,,,,,,,,,,,,,,,,,,,,,,,,,,,,,,,,,,,,,,,,,,,,,,,,,,,,,,,,Ronquido,Aire Afilado,Bofetón Lodo,Ala Bis,Rencor,Alboroto,Viento Aciago,Ataque Aéreo,Viento Afín,Meteoros,Taladradora,Viento Hielo,Onda Ígnea,Golpe Bajo,Juego Sucio,Ciclón,,,,,,,,,,,,,,,,,,,,,,,,,,,,,,,,,,,,,,,,,,,,,,,,,,,,,,,,,,,,,,,,,,,,,,,,,,,,,,,,,,,,
Slowking,199,199,0,Agua,Psíquico,Monster,Water 1,Ningún objeto,Ningún objeto,Roca del Rey,Despiste,Ritmo Propio,Regeneración,95,75,80,100,110,30,1,Pistola Agua,1,Maldición,1,Placaje,1,Joya de Luz,1,Poder Oculto,1,Bostezo,1,Teletransporte,4,Gruñido,7,Pistola Agua,10,Confusión,13,Anulación,16,Golpe Cabeza,16,Hidropulso,22,Cabezazo Zen,25,Acua Cola,27,Amnesia,28,Maquinación,30,Surf,31,Contoneo,33,Relajo,34,Psíquico,40,Autosugestión,42,Danza Lluvia,43,Premonición,45,Pulso Cura,46,Espacio Raro,49,Esfera Aural,,,,,,,,,,,,,,,,,,,,,,,,,,,,,,,,,,,,,,,,,,,,,,,Puño Certero,Hidropulso,Paz Mental,Tóxico,Granizo,Día Soleado,Rayo Hielo,Ventisca,Hiperrayo,Pantalla de Luz,Protección,Danza Lluvia,Velo Sagrado,Cola Férrea,Terremoto,Excavar,Psíquico,Bola Sombra,Demolición,Doble Equipo,Lanzallamas,Llamarada,Atracción,Intercambio,Salmuera,Onda Certera,Escaldar,Lanzamiento,Puño Drenaje,Maquinación,Reciclaje,Gigaimpacto,Destello,Alud,Onda Trueno,Autosugestión,Vozarrón,Brillo Mágico,Hierba Lazo,Espacio Raro,Surf,Fuerza,Golpe Roca,Cascada,,,,,,,,,,,,,,,,,,,,,,,,,,,,,,,,,,,,,,,,,,,,,,,,,,,,,,,,,,,,,,,,,,,,,,,,,,,,,,,,,,,,,,,,,,,,,,,,,,,,,,,,,,,,,,,,Eructo,Tambor,Bloqueo,Pisotón,Premonición,Ronquido,Cabezazo Zen,Zona Extraña,,,,,,,,,,,,,,,,,,,,,,,,,,,,,,,,,,,,,,,,,,,,,,,,,,,,,,,,,,,,,,,,,,,,,,,,,,,,,,,,,,,,,,,,,,,,,Ronquido,Cede Paso,Terratemblor,Bofetón Lodo,Aguzar,Bloqueo,Corte Furia,Rayo Señal,Puño Hielo,Defensa Férrea,Zona Extraña,Sísmico,Buceo,Cabezazo Zen,Capa Mágica,Meteoros,Truco,Acua Cola,Puño Incremento,Viento Hielo,Electrocañón,Juego Sucio,,,,,,,,,,,,,,,,,,,,,,,,,,,,,,,,,,,,,,,,,,,,,,,,,,,,,,,,,,,,,,,,,,,,,,,,,,,,,,
Misdreavus,200,200,0,Fantasma,Hada,Amorphous,Amorphous,Ningún objeto,Ningún objeto,Ningún objeto,Levitación,Levitación,Bromista,60,60,60,85,85,85,1,Confusión,1,Gruñido,5,Rencor,9,Impresionar,11,Sombra Vil,13,Voz Cautivadora,15,Infortunio,17,Psicorrayo,19,Rayo Confuso,21,Beso Drenaje,23,Divide Dolor,25,Bola Sombra,27,Vendetta,29,Mal de Ojo,31,Canto Mortal,33,Joya de Luz,35,Fuerza Lunar,37,Hipnosis,39,Rabia,41,Mismo Destino,,,,,,,,,,,,,,,,,,,,,,,,,,,,,,,,,,,,,,,,,,,,,,,,,,,,,,,,,,,,,Paz Mental,Tóxico,Día Soleado,Mofa,Protección,Danza Lluvia,Comesueños,Rayo,Trueno,Psíquico,Bola Sombra,Doble Equipo,Onda Voltio,Golpe Aéreo,Tormento,Atracción,Ladrón,Intercambio,Voltio Cruel,Fuego Fatuo,Maquinación,Vendetta,Destello,Onda Trueno,Autosugestión,Pulso Umbrío,Brillo Mágico,Espacio Raro,,,,,,,,,,,,,,,,,,,,,,,,,,,,,,,,,,,,,,,,,,,,,,,,,,,,,,,,,,,,,,,,,,,,,,,,,,,,,,,,,,,,,,,,,,,,,,,,,,,,,,,,,,,,,,,,,,,,,,,,,,,,,,,,Chirrido,Mismo Destino,Sellar,Legado,Golpe Bajo,Sombra Vil,Maldición,Rencor,Zona Extraña,Viento Aciago,,,,,,,,,,,,,,,,,,,,,,,,,,,,,,,,,,,,,,,,,,,,,,,,,,,,,,,,,,,,,,,,,,,,,,,,,,,,,,,,,,,,,,,,,,,Ronquido,Cambio de Banda,Cascabel Cura,Rencor,Alboroto,Viento Aciago,Zona Mágica,Zona Extraña,Capa Mágica,Divide Dolor,Meteoros,Truco,Viento Hielo,Golpe Bajo,Electrocañón,Juego Sucio,,,,,,,,,,,,,,,,,,,,,,,,,,,,,,,,,,,,,,,,,,,,,,,,,,,,,,,,,,,,,,,,,,,,,,,,,,,,,,,,,,,,
Unown,201,201,0,Psíquico,,No Eggs,No Eggs,Ningún objeto,Ningún objeto,Ningún objeto,Levitación,Levitación,Levitación,54,108,54,108,54,54,1,Poder Oculto,1,Adaptación,1,Masa Cósmica,1,Tierra Viva,1,Poder Pasado,,,,,,,,,,,,,,,,,,,,,,,,,,,,,,,,,,,,,,,,,,,,,,,,,,,,,,,,,,,,,,,,,,,,,,,,,,,,,,,,,,,,,,,,,,,,,,,,,,,,,,,,,,,,,,,,,,,,,,,,,,,,,,,,,,,,,,,,,,,,,,,,,,,,,,,,,,,,,,,,,,,,,,,,,,,,,,,,,,,,,,,,,,,,,,,,,,,,,,,,,,,,,,,,,,,,,,,,,,,,,,,,,,,,,,,,,,,,,,,,,,,,,,,,,,,,,,,,,,,,,,,,,,,,,,,,,,,,,,,,,,,,,,,,,,,,,,,,,,,,,,,,,,,,,,,,,,,,,,,,,,,,,,,,,,,,,,,,,,,,,,,,,,,,,,,,,,,,,,,,,,,,,,,,,,,,,,,,,,,,,,,,,,,,,,,,,,,,,,,,,,,,,,,,,,,,,,,,,,,,,,,,,,,,,,,,,,,,,,,,,,,,,
Wobbuffet,202,202,0,Psíquico,,Amorphous,Amorphous,Ningún objeto,Ningún objeto,Ningún objeto,Sombra Trampa,Sombra Trampa,Telepatía,190,33,58,33,58,33,0,Mismo Destino,0,Velo Sagrado,0,Manto Espejo,0,Contraataque,1,Mismo Destino,1,Manto Espejo,1,Contraataque,1,Amnesia,1,Otra Vez,1,Encanto,1,Salpicadura,1,Velo Sagrado,,,,,,,,,,,,,,,,,,,,,,,,,,,,,,,,,,,,,,,,,,,,,,,,,,,,,,,,,,,,,,,,,,,,,,,,,,,,,Velo Sagrado,,,,,,,,,,,,,,,,,,,,,,,,,,,,,,,,,,,,,,,,,,,,,,,,,,,,,,,,,,,,,,,,,,,,,,,,,,,,,,,,,,,,,,,,,,,,,,,,,,,,,,,,,,,,,,,,,,,,,,,,,,,,,,,,,,,,,,,,,,,,,,,,,,,,,,,,,,,,,,,,,,,,,,,,,,,,,,,,,,,,,,,,,,,,,,,,,,,,,,,,,,,,,,,,,,,,,,,,,,,,,,,,,,,,,,,,,,,,,,,,,,,,,,,,,,,,,,,,,,,,,,,,,,,,,,,,,,,,,,,,,,,,,,,,,,,,,,,,,,,,,,,,,,,,,,,,,,,,,,,,,,,,,,,,,,,,,,,,,,,,,,,,,,,,,,,,,,
Girafarig,203,203,0,Normal,Psíquico,Field,Field,Ningún objeto,Ningún objeto,Ningún objeto,Foco Interno,Respondón,Herbívoro,70,80,65,90,65,85,1,Gruñido,1,Placaje,1,Impresionar,1,Cambiadefensa,1,Cambiafuerza,1,Confusión,9,Buena Baza,12,Pisotón,15,Psicorrayo,18,Doble Golpe,21,Agilidad,24,Alboroto,27,Cabezazo Zen,30,Capa Mágica,33,Triturar,36,Psíquico,39,Relevo,42,Vozarrón,45,Maquinación,48,Psicoataque,,,,,,,,,,,,,,,,,,,,,,,,,,,,,,,,,,,,,,,,,,,,,,,,,,,,,,,,,,,,,Paz Mental,Tóxico,Poder Oculto,Día Soleado,Pantalla de Luz,Protección,Danza Lluvia,Comesueños,Cola Férrea,Rayo,Trueno,Terremoto,Psíquico,Bola Sombra,Doble Equipo,Reflejo,Onda Voltio,Atracción,Ladrón,Intercambio,Energibola,Voltio Cruel,Maquinación,Reciclaje,Destello,Onda Trueno,Autosugestión,Vozarrón,Brillo Mágico,Hierba Lazo,Espacio Raro,Fuerza,Golpe Roca,,,,,,,,,,,,,,,,,,,,,,,,,,,,,,,,,,,,,,,,,,,,,,,,,,,,,,,,,,,,,,,,,,,,,,,,,,,,,,,,,,,,,,,,,,,,,,,,,,,,,,,,,,,,,,,,,,,,,,,,,,,Derribo,Amnesia,Premonición,Paliza,Deseo,Capa Mágica,Doble Patada,Manto Espejo,Mal de Ojo,Viento Cortante,,,,,,,,,,,,,,,,,,,,,,,,,,,,,,,,,,,,,,,,,,,,,,,,,,,,,,,,,,,,,,,,,,,,,,,,,,,,,,,,,,,,,,,,,,,Ronquido,Terratemblor,Cambio de Banda,Bofetón Lodo,Alboroto,Rayo Señal,Pataleta,Cabezazo Zen,Capa Mágica,Meteoros,Truco,Gravedad,Golpe Bajo,Electrocañón,Juego Sucio,,,,,,,,,,,,,,,,,,,,,,,,,,,,,,,,,,,,,,,,,,,,,,,,,,,,,,,,,,,,,,,,,,,,,,,,,,,,,,,,,,,,,
Pineco,204,204,0,Bicho,,Bug,Bug,Ningún objeto,Ningún objeto,Ningún objeto,Robustez,Detonación,Funda,50,65,90,35,35,15,1,Placaje,1,Desquite,6,Picadura,9,Autodestrucción,12,Giro Rápido,15,Pin Misil,18,Derribo,21,Aligerar,24,Rodar,27,Púas,27,Púas Tóxicas,30,Vendetta,33,Giro Bola,36,Taladradora,39,Explosión,42,Defensa Férrea,45,Doble Filo,,,,,,,,,,,,,,,,,,,,,,,,,,,,,,,,,,,,,,,,,,,,,,,,,,,,,,,,,,,,,,,,,,,Tóxico,Día Soleado,Pantalla de Luz,Protección,Gigadrenado,Rayo Solar,Terremoto,Excavar,Doble Equipo,Reflejo,Tormenta Arena,Tumba Rocas,Atracción,Zumbido,Explosión,Vendetta,Giro Bola,Avalancha,Vozarrón,Fuerza,Golpe Roca,,,,,,,,,,,,,,,,,,,,,,,,,,,,,,,,,,,,,,,,,,,,,,,,,,,,,,,,,,,,,,,,,,,,,,,,,,,,,,,,,,,,,,,,,,,,,,,,,,,,,,,,,,,,,,,,,,,,,,,,,,,,,,,,,,,,,,,Pin Misil,Azote,Meteoros,Contraataque,Bucle Arena,Desquite,Doble Filo,Púas Tóxicas,Truco Fuerza,,,,,,,,,,,,,,,,,,,,,,,,,,,,,,,,,,,,,,,,,,,,,,,,,,,,,,,,,,,,,,,,,,,,,,,,,,,,,,,,,,,,,,,,,,,,Ronquido,Terratemblor,Rodar,Púas,Autodestrucción,Defensa Férrea,Divide Dolor,Taladradora,Gravedad,,,,,,,,,,,,,,,,,,,,,,,,,,,,,,,,,,,,,,,,,,,,,,,,,,,,,,,,,,,,,,,,,,,,,,,,,,,,,,,,,,,,,,,,,,,
Forretress,205,205,0,Bicho,Acero,Bug,Bug,Ningún objeto,Ningún objeto,Ningún objeto,Robustez,Expulsarena,Funda,75,90,140,60,60,40,0,Aligerar,0,Disparo Espejo,1,Placaje,1,Truco Fuerza,1,Aligerar,1,Disparo Espejo,6,Picadura,9,Autodestrucción,12,Giro Rápido,15,Pin Misil,18,Derribo,21,Reflejo,24,Rodar,27,Púas,27,Púas Tóxicas,30,Vendetta,34,Giro Bola,38,Taladradora,42,Explosión,46,Defensa Férrea,50,Doble Filo,54,Levitón,58,Electrocañón,64,Cuerpo Pesado,,,,,,,,,,,,,,,,,,,,,,,,,,,,,,,,,,,,,,,,,,,,,,,,,,,,,Tóxico,Día Soleado,Hiperrayo,Pantalla de Luz,Protección,Gigadrenado,Rayo Solar,Terremoto,Excavar,Doble Equipo,Reflejo,Tormenta Arena,Tumba Rocas,Voltiocambio,Atracción,Zumbido,Explosión,Vendetta,Gigaimpacto,Pulimento,Giro Bola,Avalancha,Vozarrón,Foco Resplandor,Fuerza,Golpe Roca,,,,,,,,,,,,,,,,,,,,,,,,,,,,,,,,,,,,,,,,,,,,,,,,,,,,,,,,,,,,,,,,,,,,,,,,,,,,,,,,,,,,,,,,,,,,,,,,,,,,,,,,,,,,,,,,,,,,,,,,,,,,,,,,,,Pin Misil,Azote,Meteoros,Contraataque,Bucle Arena,Desquite,Doble Filo,Púas Tóxicas,Truco Fuerza,,,,,,,,,,,,,,,,,,,,,,,,,,,,,,,,,,,,,,,,,,,,,,,,,,,,,,,,,,,,,,,,,,,,,,,,,,,,,,,,,,,,,,,,,,,,Ronquido,Terratemblor,Cambio de Banda,Rodar,Púas,Aguzar,Bloqueo,Autodestrucción,Rayo Señal,Defensa Férrea,Levitón,Divide Dolor,Taladradora,Gravedad,,,,,,,,,,,,,,,,,,,,,,,,,,,,,,,,,,,,,,,,,,,,,,,,,,,,,,,,,,,,,,,,,,,,,,,,,,,,,,,,,,,,,,
Dunsparce,206,206,0,Normal,Dragón,Field,Field,Ningún objeto,Ningún objeto,Ningún objeto,Dicha,Cobardía,Huida,105,95,95,55,55,45,1,Rizo Defensa,1,Azote,4,Rodar,7,Rencor,13,Chirrido,15,Bofetón Lodo,17,Bostezo,19,Poder Pasado,21,Golpe Cuerpo,23,Taladradora,25,Respiro,27,Derribo,29,Excavar,31,Deslumbrar,33,Doble Filo,35,Esfuerzo,37,Tajo Aéreo,39,Carga Dragón,41,Aguante,43,Azote,48,Enrosque,52,Enfado,,,,,,,,,,,,,,,,,,,,,,,,,,,,,,,,,,,,,,,,,,,,,,,,,,,,,,,,,Hidropulso,Paz Mental,Tóxico,Día Soleado,Rayo Hielo,Ventisca,Protección,Danza Lluvia,Rayo Solar,Cola Férrea,Rayo,Trueno,Terremoto,Excavar,Bola Sombra,Doble Equipo,Onda Voltio,Lanzallamas,Llamarada,Tumba Rocas,Imagen,Atracción,Ladrón,Respiro,Voltio Cruel,Onda Trueno,Giro Bola,Trampa Rocas,Autosugestión,Avalancha,Vozarrón,Puya Nociva,Brillo Mágico,Fuerza,Golpe Roca,,,,,,,,,,,,,,,,,,,,,,,,,,,,,,,,,,,,,,,,,,,,,,,,,,,,,,,,,,,,,,,,,,,,,,,,,,,,,,,,,,,,,,,,,,,,,,,,,,,,,,,,,,,,,,,,,,,,,,,,,Impresionar,Mordisco,Maldición,Golpe Cabeza,Capa Mágica,Acua Cola,Última Baza,Poder Pasado,Ronquido,Agilidad,Infortunio,,,,,,,,,,,,,,,,,,,,,,,,,,,,,,,,,,,,,,,,,,,,,,,,,,,,,,,,,,,,,,,,,,,,,,,,,,,,,,,,,,,,,,,,,,Ronquido,Atadura,Refuerzo,Terratemblor,Rodar,Bofetón Lodo,Ala Bis,Rencor,Pataleta,Poder Pasado,Cabezazo Zen,Capa Mágica,Divide Dolor,Taladradora,Acua Cola,Cometa Draco,Electrocañón,Última Baza,Esfuerzo,,,,,,,,,,,,,,,,,,,,,,,,,,,,,,,,,,,,,,,,,,,,,,,,,,,,,,,,,,,,,,,,,,,,,,,,,,,,,,,,,
Gligar,207,207,0,Tierra,Volador,Bug,Bug,Ningún objeto,Ningún objeto,Ningún objeto,Inmunidad,Corte Fuerte,Velo Arena,65,75,105,35,65,85,1,Picotazo Veneno,1,Ataque Arena,1,Fortaleza,4,Ataque Rápido,7,Corte Furia,10,Desarme,13,Ataque Ala,16,Terratemblor,18,Bofetón Lodo,19,Finta,19,Bomba Fango,22,Acróbata,22,Cuchillada,25,Ida y Vuelta,28,Veneno X,31,Chirrido,34,Tijera X,37,Terremoto,43,Danza Espada,45,Gancho Alto,46,Guillotina,,,,,,,,,,,,,,,,,,,,,,,,,,,,,,,,,,,,,,,,,,,,,,,,,,,,,,,,,,,Tóxico,Día Soleado,Mofa,Protección,Danza Lluvia,Cola Férrea,Terremoto,Excavar,Demolición,Doble Equipo,Bomba Lodo,Tormenta Arena,Tumba Rocas,Golpe Aéreo,Tormento,Atracción,Ladrón,Ala de Acero,Respiro,Falso Tortazo,Lanzamiento,Zumbido,Vendetta,Pulimento,Roca Afilada,Danza Espada,Trampa Rocas,Pulso Umbrío,Avalancha,Tijera X,Vozarrón,Puya Nociva,Ida y Vuelta,Corte,Fuerza,Despejar,Golpe Roca,Treparrocas,,,,,,,,,,,,,,,,,,,,,,,,,,,,,,,,,,,,,,,,,,,,,,,,,,,,,,,,,,,,,,,,,,,,,,,,,,,,,,,,,,,,,,,,,,,,,,,,,,,,,,,,,,,,,,,,,,,,,,Garra Metal,Ataque Ala,Contraataque,Bucle Arena,Agilidad,Relevo,Doble Filo,Amago,Tajo Umbrío,Veneno X,Truco Fuerza,Cola Veneno,Viento Cortante,,,,,,,,,,,,,,,,,,,,,,,,,,,,,,,,,,,,,,,,,,,,,,,,,,,,,,,,,,,,,,,,,,,,,,,,,,,,,,,,,,,,,,,,Ronquido,Terratemblor,Ala Bis,Corte Furia,Viento Afín,Meteoros,Acua Cola,Desarme,Tierra Viva,,,,,,,,,,,,,,,,,,,,,,,,,,,,,,,,,,,,,,,,,,,,,,,,,,,,,,,,,,,,,,,,,,,,,,,,,,,,,,,,,,,,,,,,,,,
Steelix,208,208,0,Acero,Tierra,Mineral,Mineral,Ningún objeto,Ningún objeto,Revest. Metálico,Poder Arena,Robustez,Potencia Bruta,75,105,200,45,65,30,1,Atadura,1,Fortaleza,1,Placaje,1,Colmillo Ígneo,1,Colmillo Hielo,1,Colmillo Rayo,4,Antiaéreo,4,Maldición,7,Lanzarrocas,8,Aligerar,10,Terratemblor,13,Tumba Rocas,19,Dragoaliento,20,Avalancha,22,Excavar,25,Cola Férrea,28,Bucle Arena,28,Atizar,31,Chirrido,32,Trampa Rocas,34,Triturar,37,Roca Afilada,40,Doble Filo,43,Tormenta Arena,60,Levitón,,,,,,,,,,,,,,,,,,,,,,,,,,,,,,,,,,,,,,,,,,,,,,,,,,,Rugido,Tóxico,Día Soleado,Mofa,Hiperrayo,Protección,Cola Férrea,Terremoto,Excavar,Doble Equipo,Tormenta Arena,Tumba Rocas,Tormento,Atracción,Pulso Dragón,Explosión,Vendetta,Gigaimpacto,Pulimento,Roca Afilada,Giro Bola,Trampa Rocas,Autosugestión,Pulso Umbrío,Avalancha,Vozarrón,Foco Resplandor,Corte,Fuerza,Golpe Roca,Treparrocas,,,,,,,,,,,,,,,,,,,,,,,,,,,,,,,,,,,,,,,,,,,,,,,,,,,,,,,,,,,,,,,,,,,,,,,,,,,,,,,,,,,,,,,,,,,,,,,,,,,,,,,,,,,,,,,,,,,,,,,,,,,,,Azote,Bloqueo,Rizo Defensa,Vasta Guardia,Rodar,Cola Dragón,Testarazo,Pedrada,Cuerpo Pesado,Afilar,,,,,,,,,,,,,,,,,,,,,,,,,,,,,,,,,,,,,,,,,,,,,,,,,,,,,,,,,,,,,,,,,,,,,,,,,,,,,,,,,,,,,,,,,,,Ronquido,Atadura,Terratemblor,Rodar,Bofetón Lodo,Bloqueo,Autodestrucción,Pataleta,Poder Pasado,Levitón,Cabeza de Hierro,Arenas Ardientes,Acua Cola,Ciclón,Tierra Viva,,,,,,,,,,,,,,,,,,,,,,,,,,,,,,,,,,,,,,,,,,,,,,,,,,,,,,,,,,,,,,,,,,,,,,,,,,,,,,,,,,,,,
Snubbull,209,209,0,Hada,,Field,Fairy,Ningún objeto,Ningún objeto,Ningún objeto,Intimidación,Fuga,Cobardía,60,80,50,40,40,30,1,Cara Susto,1,Placaje,1,Colmillo Rayo,1,Colmillo Ígneo,1,Colmillo Hielo,1,Beso Amoroso,4,Látigo,7,Encanto,10,Lengüetazo,13,Mordisco,16,Golpe Cabeza,19,Rugido,25,Carantoña,28,Triturar,31,Superdiente,31,Mofa,34,Vendetta,37,A Bocajarro,40,Cascabel Cura,43,Doble Filo,,,,,,,,,,,,,,,,,,,,,,,,,,,,,,,,,,,,,,,,,,,,,,,,,,,,,,,,,,,,,Puño Certero,Hidropulso,Rugido,Tóxico,Corpulencia,Poder Oculto,Día Soleado,Mofa,Protección,Danza Lluvia,Comesueños,Rayo Solar,Rayo,Trueno,Terremoto,Excavar,Bola Sombra,Demolición,Doble Equipo,Reflejo,Onda Voltio,Lanzallamas,Bomba Lodo,Llamarada,Tormento,Imagen,Atracción,Ladrón,Sofoco,Lanzamiento,Vendetta,Onda Trueno,Alarido,Vozarrón,Fuerza,Golpe Roca,,,,,,,,,,,,,,,,,,,,,,,,,,,,,,,,,,,,,,,,,,,,,,,,,,,,,,,,,,,,,,,,,,,,,,,,,,,,,,,,,,,,,,,,,,,,,,,,,,,,,,,,,,,,,,,,,,,,,,,,Metrónomo,Presente,Triturar,Cascabel Cura,Ronquido,A Bocajarro,Colmillo Hielo,Colmillo Ígneo,Colmillo Rayo,Doble Filo,Mimético,Llanto Falso,Finta,,,,,,,,,,,,,,,,,,,,,,,,,,,,,,,,,,,,,,,,,,,,,,,,,,,,,,,,,,,,,,,,,,,,,,,,,,,,,,,,,,,,,,,,Ronquido,Antojo,Terratemblor,Bofetón Lodo,Cascabel Cura,Puño Fuego,Puño Hielo,Puño Trueno,Sísmico,Patada Baja,Puño Incremento,Fuerza Bruta,Electrocañón,Última Baza,Superdiente,,,,,,,,,,,,,,,,,,,,,,,,,,,,,,,,,,,,,,,,,,,,,,,,,,,,,,,,,,,,,,,,,,,,,,,,,,,,,,,,,,,,,
Granbull,210,210,0,Hada,,Field,Fairy,Ningún objeto,Ningún objeto,Ningún objeto,Intimidación,Pies Rápidos,Mandíbula Fuerte,90,120,75,60,75,45,1,Cara Susto,1,Placaje,1,Colmillo Rayo,1,Colmillo Ígneo,1,Colmillo Hielo,1,Enfado,1,Beso Amoroso,4,Látigo,7,Encanto,10,Lengüetazo,13,Mordisco,16,Golpe Cabeza,19,Rugido,26,Carantoña,30,Triturar,34,Superdiente,35,Mofa,38,Vendetta,42,A Bocajarro,46,Cascabel Cura,50,Doble Filo,54,Enfado,,,,,,,,,,,,,,,,,,,,,,,,,,,,,,,,,,,,,,,,,,,,,,,,,,,,,,,,,Puño Certero,Hidropulso,Rugido,Tóxico,Corpulencia,Poder Oculto,Día Soleado,Mofa,Hiperrayo,Protección,Danza Lluvia,Comesueños,Rayo Solar,Cola Férrea,Rayo,Trueno,Terremoto,Excavar,Bola Sombra,Demolición,Doble Equipo,Reflejo,Onda Voltio,Lanzallamas,Bomba Lodo,Llamarada,Tumba Rocas,Tormento,Imagen,Atracción,Ladrón,Sofoco,Onda Certera,Lanzamiento,Vendetta,Gigaimpacto,Roca Afilada,Onda Trueno,Alarido,Avalancha,Vozarrón,Fuerza,Golpe Roca,Treparrocas,,,,,,,,,,,,,,,,,,,,,,,,,,,,,,,,,,,,,,,,,,,,,,,,,,,,,,,,,,,,,,,,,,,,,,,,,,,,,,,,,,,,,,,,,,,,,,,,,,,,,,,,,,,,,,,,Metrónomo,Presente,Triturar,Cascabel Cura,Ronquido,A Bocajarro,Colmillo Hielo,Colmillo Ígneo,Colmillo Rayo,Doble Filo,Mimético,Llanto Falso,Finta,,,,,,,,,,,,,,,,,,,,,,,,,,,,,,,,,,,,,,,,,,,,,,,,,,,,,,,,,,,,,,,,,,,,,,,,,,,,,,,,,,,,,,,,Ronquido,Antojo,Terratemblor,Bofetón Lodo,Cascabel Cura,Pataleta,Puño Fuego,Puño Hielo,Puño Trueno,Sísmico,Patada Baja,Puño Incremento,Fuerza Bruta,Electrocañón,Última Baza,Superdiente,Enfado,,,,,,,,,,,,,,,,,,,,,,,,,,,,,,,,,,,,,,,,,,,,,,,,,,,,,,,,,,,,,,,,,,,,,,,,,,,,,,,,,,,
Qwilfish,211,211,0,Agua,Veneno,Water 2,Water 2,Ningún objeto,Ningún objeto,Flecha Venenosa,Punto Tóxico,Nado Rápido,Intimidación,65,95,95,45,65,95,1,Placaje,1,Picotazo Veneno,1,Pistola Agua,1,Púas,9,Fortaleza,12,Aguijón Letal,12,Reducción,13,Burbuja,15,Acua Jet,18,Rodar,21,Púas Tóxicas,24,Escupir,24,Reserva,24,Salmuera,27,Puya Nociva,30,Desquite,33,Acua Cola,36,Pin Misil,39,Derribo,42,Mismo Destino,45,Lanzamugre,48,Hidrobomba,52,Tóxico,56,Hidroariete,60,Acupresión,,,,,,,,,,,,,,,,,,,,,,,,,,,,,,,,,,,,,,,,,,,,,,,,,,,Hidropulso,Tóxico,Granizo,Mofa,Rayo Hielo,Ventisca,Protección,Danza Lluvia,Bola Sombra,Doble Equipo,Onda Voltio,Bomba Lodo,Atracción,Salmuera,Escaldar,Explosión,Vendetta,Onda Trueno,Giro Bola,Danza Espada,Puya Nociva,Surf,Cascada,,,,,,,,,,,,,,,,,,,,,,,,,,,,,,,,,,,,,,,,,,,,,,,,,,,,,,,,,,,,,,,,,,,,,,,,,,,,,,,,,,,,,,,,,,,,,,,,,,,,,,,,,,,,,,,,,,,,,,,,,,,,,,,,,,,,,Azote,Niebla,Rayo Burbuja,Supersónico,Impresionar,Acua Jet,Bomba Ácida,Rayo Señal,,,,,,,,,,,,,,,,,,,,,,,,,,,,,,,,,,,,,,,,,,,,,,,,,,,,,,,,,,,,,,,,,,,,,,,,,,,,,,,,,,,,,,,,,,,,,Ronquido,Rodar,Púas,Autodestrucción,Rayo Señal,Buceo,Bote,Divide Dolor,Meteoros,Acua Cola,Viento Hielo,Hidroariete,,,,,,,,,,,,,,,,,,,,,,,,,,,,,,,,,,,,,,,,,,,,,,,,,,,,,,,,,,,,,,,,,,,,,,,,,,,,,,,,,,,,,,,,
Scizor,212,212,0,Bicho,Acero,Bug,Bug,Ningún objeto,Ningún objeto,Ningún objeto,Experto,Enjambre,Corte Fuerte,70,130,100,55,80,65,0,Puño Bala,1,Malicioso,1,Ataque Rápido,1,Tajo Aéreo,1,Ataque Ala,1,Puño Bala,4,Foco Energía,7,Viento Plata,10,Falso Tortazo,13,Corte Furia,16,Doble Equipo,16,Agilidad,19,Garra Metal,22,Cuchillada,22,Tajo Umbrío,25,Picadura,31,Defensa Férrea,31,Viento Cortante,34,Tijera X,37,Doble Golpe,40,Cabeza de Hierro,43,Danza Espada,44,Aguzar,46,Relevo,49,Inversión,52,Amago,,,,,,,,,,,,,,,,,,,,,,,,,,,,,,,,,,,,,,,,,,,,,,,,,Tóxico,Día Soleado,Hiperrayo,Pantalla de Luz,Protección,Danza Lluvia,Velo Sagrado,Demolición,Doble Equipo,Tormenta Arena,Golpe Aéreo,Atracción,Ladrón,Ala de Acero,Respiro,Falso Tortazo,Lanzamiento,Zumbido,Gigaimpacto,Danza Espada,Tijera X,Ida y Vuelta,Foco Resplandor,Corte,Fuerza,Despejar,Golpe Roca,,,,,,,,,,,,,,,,,,,,,,,,,,,,,,,,,,,,,,,,,,,,,,,,,,,,,,,,,,,,,,,,,,,,,,,,,,,,,,,,,,,,,,,,,,,,,,,,,,,,,,,,,,,,,,,,,,,,,,,,,,,,,,,,,Contraataque,Tajo Umbrío,Amago,Anticipo,Relevo,Inversión,Viento Cortante,Viento Plata,,,,,,,,,,,,,,,,,,,,,,,,,,,,,,,,,,,,,,,,,,,,,,,,,,,,,,,,,,,,,,,,,,,,,,,,,,,,,,,,,,,,,,,,,,,,,Ronquido,Ala Bis,Aguzar,Corte Furia,Viento Aciago,Defensa Férrea,Viento Afín,Meteoros,Cabeza de Hierro,Fuerza Bruta,Desarme,,,,,,,,,,,,,,,,,,,,,,,,,,,,,,,,,,,,,,,,,,,,,,,,,,,,,,,,,,,,,,,,,,,,,,,,,,,,,,,,,,,,,,,,,
Shuckle,213,213,0,Bicho,Roca,Bug,Bug,Zumo de Baya,Zumo de Baya,Zumo de Baya,Robustez,Gula,Respondón,20,10,230,10,230,5,1,Refugio,1,Rodar,1,Restricción,6,Otra Vez,9,Constricción,10,Estoicismo,12,Velo Sagrado,15,Lanzarrocas,18,Descanso,21,Picadura,24,Avalancha,27,Truco Fuerza,30,Bilis,33,Pedrada,35,Isoguardia,35,Isofuerza,36,Desarme,39,Dulce Aroma,42,Tierra Viva,45,Trampa Rocas,48,Roca Afilada,50,Red Viscosa,65,Rompecoraza,,,,,,,,,,,,,,,,,,,,,,,,,,,,,,,,,,,,,,,,,,,,,,,,,,,,,,,Tóxico,Día Soleado,Protección,Velo Sagrado,Terremoto,Excavar,Doble Equipo,Bomba Lodo,Tormenta Arena,Tumba Rocas,Atracción,Zumbido,Pulimento,Destello,Roca Afilada,Giro Bola,Trampa Rocas,Avalancha,Vozarrón,Fuerza,Golpe Roca,,,,,,,,,,,,,,,,,,,,,,,,,,,,,,,,,,,,,,,,,,,,,,,,,,,,,,,,,,,,,,,,,,,,,,,,,,,,,,,,,,,,,,,,,,,,,,,,,,,,,,,,,,,,,,,,,,,,,,,,,,,,,,,,,,,,,,,Dulce Aroma,Desarme,Acupresión,Ácido,Sacrificio,Rizo Defensa,Acoso,Antojo,Refuerzo,Bucle Arena,Bofetón Lodo,Pedrada,,,,,,,,,,,,,,,,,,,,,,,,,,,,,,,,,,,,,,,,,,,,,,,,,,,,,,,,,,,,,,,,,,,,,,,,,,,,,,,,,,,,,,,,,Ronquido,Atadura,Refuerzo,Cede Paso,Terratemblor,Rodar,Bofetón Lodo,Bilis,Poder Pasado,Desarme,Tierra Viva,,,,,,,,,,,,,,,,,,,,,,,,,,,,,,,,,,,,,,,,,,,,,,,,,,,,,,,,,,,,,,,,,,,,,,,,,,,,,,,,,,,,,,,,,
Heracross,214,214,0,Bicho,Lucha,Bug,Bug,Ningún objeto,Ningún objeto,Ningún objeto,Agallas,Encadenado,Autoestima,80,125,75,40,95,85,1,Malicioso,1,Placaje,1,Cornada,1,Empujón,1,Tajo Umbrío,1,Pedrada,7,Amago,11,Golpe Aéreo,15,Picadura,19,Demolición,23,Ataque Furia,27,Pin Misil,31,Desarme,35,Megacuerno,39,Derribo,40,Golpe Mordaza,43,A Bocajarro,45,Golpe,47,Contraataque,50,Danza Espada,51,Inversión,,,,,,,,,,,,,,,,,,,,,,,,,,,,,,,,,,,,,,,,,,,,,,,,,,,,,,,,,,,Puño Certero,Tóxico,Corpulencia,Semilladora,Poder Oculto,Día Soleado,Hiperrayo,Protección,Danza Lluvia,Terremoto,Excavar,Demolición,Doble Equipo,Tumba Rocas,Golpe Aéreo,Atracción,Ladrón,Onda Certera,Falso Tortazo,Lanzamiento,Garra Umbría,Gigaimpacto,Roca Afilada,Danza Espada,Avalancha,Vozarrón,Corte,Fuerza,Golpe Roca,,,,,,,,,,,,,,,,,,,,,,,,,,,,,,,,,,,,,,,,,,,,,,,,,,,,,,,,,,,,,,,,,,,,,,,,,,,,,,,,,,,,,,,,,,,,,,,,,,,,,,,,,,,,,,,,,,,,,,,,,,,,,,,Azote,Doble Filo,Fortaleza,Sísmico,Tajo Umbrío,Amago,Derribo,Desquite,Megacuerno,Pedrada,,,,,,,,,,,,,,,,,,,,,,,,,,,,,,,,,,,,,,,,,,,,,,,,,,,,,,,,,,,,,,,,,,,,,,,,,,,,,,,,,,,,,,,,,,,Ronquido,Refuerzo,Terratemblor,Púas,Corte Furia,Defensa Férrea,Sísmico,Patada Baja,Onda Vacío,Desarme,Enfado,,,,,,,,,,,,,,,,,,,,,,,,,,,,,,,,,,,,,,,,,,,,,,,,,,,,,,,,,,,,,,,,,,,,,,,,,,,,,,,,,,,,,,,,,
Sneasel,215,215,0,Siniestro,Hielo,Field,Field,Ningún objeto,Ningún objeto,Garra Rápida,Experto,Foco Interno,Hurto,55,95,55,35,75,115,1,Malicioso,1,Arañazo,7,Ataque Rápido,10,Viento Hielo,10,Finta,16,Golpes Furia,19,Esquirla Helada,22,Garra Metal,25,Agilidad,28,Paliza,31,Cuchillada,34,Chirrido,36,Afilagarras,37,Triturar,46,Pulso Umbrío,,,,,,,,,,,,,,,,,,,,,,,,,,,,,,,,,,,,,,,,,,,,,,,,,,,,,,,,,,,,,,,,,,,,,,,Puño Certero,Paz Mental,Tóxico,Granizo,Día Soleado,Mofa,Rayo Hielo,Ventisca,Protección,Danza Lluvia,Cola Férrea,Puntapié,Excavar,Bola Sombra,Demolición,Doble Equipo,Reflejo,Golpe Aéreo,Tormento,Atracción,Ladrón,Falso Tortazo,Lanzamiento,Garra Umbría,Vendetta,Alud,Danza Espada,Autosugestión,Alarido,Pulso Umbrío,Tijera X,Puya Nociva,Brillo Mágico,Corte,Surf,Fuerza,Golpe Roca,,,,,,,,,,,,,,,,,,,,,,,,,,,,,,,,,,,,,,,,,,,,,,,,,,,,,,,,,,,,,,,,,,,,,,,,,,,,,,,,,,,,,,,,,,,,,,,,,,,,,,,,,,,,,,,,,,,,,,,Contraataque,Rencor,Mordisco,Sorpresa,Doble Golpe,Esquirla Helada,Amago,Chuzos,Garra Brutal,Puño Hielo,Golpe Mordaza,Carámbano,,,,,,,,,,,,,,,,,,,,,,,,,,,,,,,,,,,,,,,,,,,,,,,,,,,,,,,,,,,,,,,,,,,,,,,,,,,,,,,,,,,,,,,,,Ronquido,Bofetón Lodo,Aguzar,Corte Furia,Rencor,Puño Hielo,Meteoros,Patada Baja,Puño Incremento,Viento Hielo,Desarme,Juego Sucio,,,,,,,,,,,,,,,,,,,,,,,,,,,,,,,,,,,,,,,,,,,,,,,,,,,,,,,,,,,,,,,,,,,,,,,,,,,,,,,,,,,,,,,,
Teddiursa,216,216,0,Normal,,Field,Field,Ningún objeto,Ningún objeto,Ningún objeto,Recogida,Pies Rápidos,Recogemiel,60,80,50,50,50,40,1,Llanto Falso,1,Lengüetazo,1,Ojitos Tiernos,1,Arañazo,6,Golpes Furia,12,Antojo,15,Vendetta,15,Dulce Aroma,15,Finta,16,Terratemblor,18,Garra Metal,21,Encanto,24,Tajo Umbrío,24,Cuchillada,25,Camaradería,27,Bostezo,28,Pataleta,30,Tajo Cruzado,33,Descanso,33,Terremoto,36,Triturar,39,Golpe,42,Carantoña,45,A Bocajarro,48,Doble Filo,,,,,,,,,,,,,,,,,,,,,,,,,,,,,,,,,,,,,,,,,,,,,,,,,,,Puño Certero,Rugido,Tóxico,Corpulencia,Poder Oculto,Día Soleado,Mofa,Protección,Danza Lluvia,Terremoto,Excavar,Demolición,Doble Equipo,Tumba Rocas,Golpe Aéreo,Tormento,Atracción,Ladrón,Lanzamiento,Garra Umbría,Vendetta,Danza Espada,Avalancha,Vozarrón,Corte,Fuerza,Golpe Roca,,,,,,,,,,,,,,,,,,,,,,,,,,,,,,,,,,,,,,,,,,,,,,,,,,,,,,,,,,,,,,,,,,,,,,,,,,,,,,,,,,,,,,,,,,,,,,,,,,,,,,,,,,,,,,,,,,,,,,,,,,,,,,,,,Triturar,Derribo,Sísmico,Contraataque,Garra Metal,Llanto Falso,Bostezo,Tajo Cruzado,Doble Filo,A Bocajarro,Tajo Umbrío,Tambor,Carantoña,,,,,,,,,,,,,,,,,,,,,,,,,,,,,,,,,,,,,,,,,,,,,,,,,,,,,,,,,,,,,,,,,,,,,,,,,,,,,,,,,,,,,,,,Ronquido,Antojo,Terratemblor,Rodar,Bofetón Lodo,Corte Furia,Pataleta,Puño Fuego,Puño Hielo,Puño Trueno,Sísmico,Bomba Germen,Meteoros,Puño Incremento,Fuerza Bruta,Electrocañón,Última Baza,Lanzamugre,,,,,,,,,,,,,,,,,,,,,,,,,,,,,,,,,,,,,,,,,,,,,,,,,,,,,,,,,,,,,,,,,,,,,,,,,,,,,,,,,,
Ursaring,217,217,0,Tierra,Normal,Field,Field,Ningún objeto,Ningún objeto,Ningún objeto,Agallas,Pies Rápidos,Nerviosismo,90,130,75,75,75,55,1,Encanto,1,Ojitos Tiernos,1,Llanto Falso,1,Lengüetazo,1,Malicioso,1,Arañazo,1,Pataleta,1,Machada,6,Golpes Furia,12,Antojo,15,Vendetta,15,Dulce Aroma,15,Finta,17,Terratemblor,18,Garra Metal,21,Cara Susto,24,Cuchillada,24,Tajo Umbrío,25,Camaradería,27,Bostezo,31,Tajo Cruzado,35,Descanso,35,Terremoto,39,Triturar,43,Golpe,47,Machada,51,Carantoña,55,A Bocajarro,59,Doble Filo,,,,,,,,,,,,,,,,,,,,,,,,,,,,,,,,,,,,,,,,,,,Puño Certero,Rugido,Tóxico,Corpulencia,Poder Oculto,Día Soleado,Mofa,Hiperrayo,Protección,Danza Lluvia,Terremoto,Excavar,Demolición,Doble Equipo,Tumba Rocas,Golpe Aéreo,Tormento,Atracción,Ladrón,Onda Certera,Lanzamiento,Garra Umbría,Vendetta,Gigaimpacto,Roca Afilada,Alud,Danza Espada,Trampa Rocas,Avalancha,Vozarrón,Corte,Fuerza,Golpe Roca,Treparrocas,,,,,,,,,,,,,,,,,,,,,,,,,,,,,,,,,,,,,,,,,,,,,,,,,,,,,,,,,,,,,,,,,,,,,,,,,,,,,,,,,,,,,,,,,,,,,,,,,,,,,,,,,,,,,,,,,,,,,,,,,,Triturar,Derribo,Sísmico,Contraataque,Garra Metal,Llanto Falso,Bostezo,Tajo Cruzado,Doble Filo,A Bocajarro,Tajo Umbrío,Tambor,Carantoña,,,,,,,,,,,,,,,,,,,,,,,,,,,,,,,,,,,,,,,,,,,,,,,,,,,,,,,,,,,,,,,,,,,,,,,,,,,,,,,,,,,,,,,,Ronquido,Antojo,Terratemblor,Rodar,Bofetón Lodo,Aguzar,Corte Furia,Alboroto,Pataleta,Puño Fuego,Puño Hielo,Puño Trueno,Sísmico,Bomba Germen,Meteoros,Patada Baja,Puño Incremento,Fuerza Bruta,Electrocañón,Última Baza,Lanzamugre,,,,,,,,,,,,,,,,,,,,,,,,,,,,,,,,,,,,,,,,,,,,,,,,,,,,,,,,,,,,,,,,,,,,,,,,,,,,,,,
Slugma,218,218,0,Fuego,,Amorphous,Amorphous,Ningún objeto,Ningún objeto,Ningún objeto,Escudo Magma,Cuerpo Llama,Armadura Frágil,50,50,50,90,50,20,1,Polución,1,Bostezo,6,Lanzarrocas,9,Ascuas,12,Fortaleza,15,Calcinación,15,Fuego Fatuo,18,Poder Pasado,20,Niebla Clara,21,Humareda,24,Avalancha,27,Amnesia,30,Tierra Viva,33,Lanzallamas,36,Joya de Luz,39,Golpe Cuerpo,42,Recuperación,45,Onda Ígnea,48,Legado,51,Sofoco,,,,,,,,,,,,,,,,,,,,,,,,,,,,,,,,,,,,,,,,,,,,,,,,,,,,,,,,,,,,,Tóxico,Día Soleado,Pantalla de Luz,Protección,Doble Equipo,Reflejo,Lanzallamas,Tormenta Arena,Llamarada,Tumba Rocas,Atracción,Sofoco,Fuego Fatuo,Avalancha,Golpe Roca,,,,,,,,,,,,,,,,,,,,,,,,,,,,,,,,,,,,,,,,,,,,,,,,,,,,,,,,,,,,,,,,,,,,,,,,,,,,,,,,,,,,,,,,,,,,,,,,,,,,,,,,,,,,,,,,,,,,,,,,,,,,,,,,,,,,,,,,,,,,,Armadura Ácida,Onda Ígnea,Maldición,Pantalla de Humo,Legado,Reserva,Escupir,Tragar,Rodar,Infierno,Tierra Viva,Cambiadefensa,,,,,,,,,,,,,,,,,,,,,,,,,,,,,,,,,,,,,,,,,,,,,,,,,,,,,,,,,,,,,,,,,,,,,,,,,,,,,,,,,,,,,,,,,Ronquido,Cede Paso,Rodar,Bofetón Lodo,Autodestrucción,Poder Pasado,Defensa Férrea,Divide Dolor,Arenas Ardientes,Onda Ígnea,Tierra Viva,,,,,,,,,,,,,,,,,,,,,,,,,,,,,,,,,,,,,,,,,,,,,,,,,,,,,,,,,,,,,,,,,,,,,,,,,,,,,,,,,,,,,,,,,
Magcargo,219,219,0,Fuego,Roca,Amorphous,Amorphous,Ningún objeto,Ningún objeto,Ningún objeto,Roca Sólida,Cuerpo Llama,Armadura Frágil,60,50,150,110,100,30,0,Rompecoraza,1,Lanzarrocas,1,Polución,1,Bostezo,1,Rompecoraza,6,Lanzarrocas,9,Ascuas,12,Fortaleza,15,Calcinación,15,Fuego Fatuo,18,Poder Pasado,20,Niebla Clara,21,Humareda,24,Avalancha,27,Amnesia,30,Tierra Viva,34,Lanzallamas,38,Joya de Luz,42,Golpe Cuerpo,46,Recuperación,50,Onda Ígnea,54,Legado,58,Sofoco,,,,,,,,,,,,,,,,,,,,,,,,,,,,,,,,,,,,,,,,,,,,,,,,,,,,,,,Tóxico,Día Soleado,Hiperrayo,Pantalla de Luz,Protección,Rayo Solar,Terremoto,Doble Equipo,Reflejo,Lanzallamas,Tormenta Arena,Llamarada,Tumba Rocas,Atracción,Sofoco,Fuego Fatuo,Explosión,Gigaimpacto,Pulimento,Roca Afilada,Giro Bola,Trampa Rocas,Avalancha,Vozarrón,Fuerza,Golpe Roca,,,,,,,,,,,,,,,,,,,,,,,,,,,,,,,,,,,,,,,,,,,,,,,,,,,,,,,,,,,,,,,,,,,,,,,,,,,,,,,,,,,,,,,,,,,,,,,,,,,,,,,,,,,,,,,,,,,,,,,,,,,,,,,,,,Armadura Ácida,Onda Ígnea,Maldición,Pantalla de Humo,Legado,Reserva,Escupir,Tragar,Rodar,Infierno,Tierra Viva,Cambiadefensa,,,,,,,,,,,,,,,,,,,,,,,,,,,,,,,,,,,,,,,,,,,,,,,,,,,,,,,,,,,,,,,,,,,,,,,,,,,,,,,,,,,,,,,,,Ronquido,Cede Paso,Terratemblor,Rodar,Bofetón Lodo,Autodestrucción,Pataleta,Poder Pasado,Defensa Férrea,Divide Dolor,Arenas Ardientes,Onda Ígnea,Tierra Viva,,,,,,,,,,,,,,,,,,,,,,,,,,,,,,,,,,,,,,,,,,,,,,,,,,,,,,,,,,,,,,,,,,,,,,,,,,,,,,,,,,,,,,,
Swinub,220,220,0,Hielo,Tierra,Field,Field,Ningún objeto,Ningún objeto,Ningún objeto,Sebo,Despiste,Pies Rápidos,50,50,40,30,30,50,1,Placaje,1,Viento Hielo,4,Bofetón Lodo,10,Nieve Polvo,13,Esquirla Helada,16,Terratemblor,18,Bomba Fango,19,Aguante,25,Alud,28,Derribo,31,Neblina,34,Terremoto,37,Azote,40,Chuzos,43,Amnesia,46,Ventisca,,,,,,,,,,,,,,,,,,,,,,,,,,,,,,,,,,,,,,,,,,,,,,,,,,,,,,,,,,,,,,,,,,,,,Rugido,Tóxico,Granizo,Rayo Hielo,Ventisca,Pantalla de Luz,Protección,Danza Lluvia,Terremoto,Excavar,Doble Equipo,Reflejo,Tormenta Arena,Tumba Rocas,Atracción,Alud,Trampa Rocas,Avalancha,Vozarrón,Fuerza,Golpe Roca,,,,,,,,,,,,,,,,,,,,,,,,,,,,,,,,,,,,,,,,,,,,,,,,,,,,,,,,,,,,,,,,,,,,,,,,,,,,,,,,,,,,,,,,,,,,,,,,,,,,,,,,,,,,,,,,,,,,,,,,,,,,,,,,,,,,,,,Mordisco,Poder Pasado,Doble Filo,Fisura,Maldición,Chuzos,Liofilización,Derribo,Golpe Cuerpo,Disparo Lodo,Carámbano,,,,,,,,,,,,,,,,,,,,,,,,,,,,,,,,,,,,,,,,,,,,,,,,,,,,,,,,,,,,,,,,,,,,,,,,,,,,,,,,,,,,,,,,,,Ronquido,Terratemblor,Bofetón Lodo,Poder Pasado,Viento Hielo,Fuerza Bruta,Esfuerzo,Tierra Viva,,,,,,,,,,,,,,,,,,,,,,,,,,,,,,,,,,,,,,,,,,,,,,,,,,,,,,,,,,,,,,,,,,,,,,,,,,,,,,,,,,,,,,,,,,,,
Piloswine,221,221,0,Hielo,Tierra,Field,Field,Ningún objeto,Ningún objeto,Ningún objeto,Sebo,Despiste,Pies Rápidos,100,100,80,60,60,50,0,Colmillo Hielo,1,Azote,1,Placaje,1,Poder Pasado,1,Viento Hielo,1,Picotazo,1,Colmillo Hielo,4,Bofetón Lodo,10,Nieve Polvo,13,Colmillo Hielo,15,Esquirla Helada,16,Terratemblor,18,Bomba Fango,19,Aguante,25,Alud,28,Derribo,31,Neblina,33,Ataque Furia,35,Terremoto,39,Golpe,43,Chuzos,47,Amnesia,51,Ventisca,,,,,,,,,,,,,,,,,,,,,,,,,,,,,,,,,,,,,,,,,,,,,,,,,,,,,,,Rugido,Tóxico,Granizo,Rayo Hielo,Ventisca,Hiperrayo,Pantalla de Luz,Protección,Danza Lluvia,Terremoto,Excavar,Doble Equipo,Reflejo,Tormenta Arena,Tumba Rocas,Atracción,Gigaimpacto,Roca Afilada,Alud,Trampa Rocas,Avalancha,Vozarrón,Fuerza,Golpe Roca,,,,,,,,,,,,,,,,,,,,,,,,,,,,,,,,,,,,,,,,,,,,,,,,,,,,,,,,,,,,,,,,,,,,,,,,,,,,,,,,,,,,,,,,,,,,,,,,,,,,,,,,,,,,,,,,,,,,,,,,,,,,,,,,,,,,Mordisco,Poder Pasado,Doble Filo,Fisura,Maldición,Chuzos,Liofilización,Derribo,Golpe Cuerpo,Disparo Lodo,Carámbano,,,,,,,,,,,,,,,,,,,,,,,,,,,,,,,,,,,,,,,,,,,,,,,,,,,,,,,,,,,,,,,,,,,,,,,,,,,,,,,,,,,,,,,,,,Ronquido,Terratemblor,Bofetón Lodo,Pataleta,Poder Pasado,Viento Hielo,Fuerza Bruta,Esfuerzo,Tierra Viva,,,,,,,,,,,,,,,,,,,,,,,,,,,,,,,,,,,,,,,,,,,,,,,,,,,,,,,,,,,,,,,,,,,,,,,,,,,,,,,,,,,,,,,,,,,
Corsola,222,222,0,Agua,Roca,Water 1,Water 3,Ningún objeto,Ningún objeto,Piedra Dura,Entusiasmo,Cura Natural,Regeneración,65,45,115,90,115,35,1,Fortaleza,1,Placaje,5,Pistola Agua,7,Recuperación,10,Burbuja,13,Poder Pasado,16,Hidropulso,19,Carámbano,22,Clavo Cañón,25,Rayo Burbuja,28,Defensa Férrea,28,Amnesia,31,Joya de Luz,34,Tierra Viva,35,Gota Vital,37,Aguante,40,Pedrada,41,Cascabel Cura,43,Acua Aro,46,Manto Espejo,49,Azote,,,,,,,,,,,,,,,,,,,,,,,,,,,,,,,,,,,,,,,,,,,,,,,,,,,,,,,,,,,Hidropulso,Paz Mental,Tóxico,Granizo,Día Soleado,Rayo Hielo,Ventisca,Pantalla de Luz,Protección,Danza Lluvia,Velo Sagrado,Terremoto,Excavar,Psíquico,Bola Sombra,Doble Equipo,Reflejo,Tormenta Arena,Tumba Rocas,Atracción,Salmuera,Escaldar,Explosión,Pulimento,Roca Afilada,Trampa Rocas,Avalancha,Vozarrón,Surf,Fuerza,Golpe Roca,,,,,,,,,,,,,,,,,,,,,,,,,,,,,,,,,,,,,,,,,,,,,,,,,,,,,,,,,,,,,,,,,,,,,,,,,,,,,,,,,,,,,,,,,,,,,,,,,,,,,,,,,,,,,,,,,,,,,,,,,,,,,Neblina,Rayo Confuso,Adaptación,Maldición,Testarazo,Chirrido,Amnesia,Arraigo,Carámbano,Acua Aro,Hidroariete,Cascabel Cura,,,,,,,,,,,,,,,,,,,,,,,,,,,,,,,,,,,,,,,,,,,,,,,,,,,,,,,,,,,,,,,,,,,,,,,,,,,,,,,,,,,,,,,,,Ronquido,Terratemblor,Rodar,Bofetón Lodo,Autodestrucción,Pataleta,Poder Pasado,Defensa Férrea,Capa Mágica,Viento Hielo,Golpe Bajo,Esfuerzo,Hidroariete,Tierra Viva,,,,,,,,,,,,,,,,,,,,,,,,,,,,,,,,,,,,,,,,,,,,,,,,,,,,,,,,,,,,,,,,,,,,,,,,,,,,,,,,,,,,,,
Remoraid,223,223,0,Agua,,Water 1,Water 2,Ningún objeto,Ningún objeto,Ningún objeto,Mano Rápida,Francotirador,Veleta,35,65,35,65,35,65,1,Refuerzo,1,Pistola Agua,1,Fijar Blanco,6,Semilladora,9,Psicorrayo,12,Rayo Aurora,15,Disparo Lodo,18,Rayo Burbuja,21,Foco Energía,24,Hidropulso,30,Rayo Hielo,30,Rayo Señal,33,Bomba Germen,36,Lanzallamas,39,Hidrobomba,40,Empapar,42,Lanzamugre,45,Hiperrayo,48,Salpicar,,,,,,,,,,,,,,,,,,,,,,,,,,,,,,,,,,,,,,,,,,,,,,,,,,,,,,,,,,,,,,,Hidropulso,Tóxico,Semilladora,Día Soleado,Rayo Hielo,Ventisca,Hiperrayo,Protección,Danza Lluvia,Psíquico,Doble Equipo,Lanzallamas,Llamarada,Atracción,Ladrón,Salmuera,Escaldar,Voltio Cruel,Onda Trueno,Surf,Cascada,,,,,,,,,,,,,,,,,,,,,,,,,,,,,,,,,,,,,,,,,,,,,,,,,,,,,,,,,,,,,,,,,,,,,,,,,,,,,,,,,,,,,,,,,,,,,,,,,,,,,,,,,,,,,,,,,,,,,,,,,,,,,,,,,,,,,,,Pulpocañón,Supersónico,Niebla,Azote,Salpicar,Bomba Ácida,Rayo Aurora,Chirrido,Pedrada,Ronquido,Disparo Lodo,Meteoros,Danza Amiga,,,,,,,,,,,,,,,,,,,,,,,,,,,,,,,,,,,,,,,,,,,,,,,,,,,,,,,,,,,,,,,,,,,,,,,,,,,,,,,,,,,,,,,,Ronquido,Refuerzo,Bofetón Lodo,Rayo Señal,Buceo,Bote,Bomba Germen,Meteoros,Viento Hielo,Lanzamugre,,,,,,,,,,,,,,,,,,,,,,,,,,,,,,,,,,,,,,,,,,,,,,,,,,,,,,,,,,,,,,,,,,,,,,,,,,,,,,,,,,,,,,,,,,
Octillery,224,224,0,Agua,,Water 1,Water 2,Ningún objeto,Ningún objeto,Ningún objeto,Mano Rápida,Francotirador,Veleta,75,105,75,105,75,45,0,Pulpocañón,1,Foco Energía,1,Constricción,1,Pistola Agua,1,Refuerzo,1,Pedrada,1,Rayo Carga,1,Pulpocañón,1,Fijar Blanco,6,Restricción,6,Semilladora,9,Psicorrayo,12,Rayo Aurora,15,Disparo Lodo,18,Rayo Burbuja,21,Foco Energía,25,Pulpocañón,32,Rayo Hielo,32,Rayo Señal,36,Bomba Germen,40,Lanzallamas,44,Hidrobomba,48,Lanzamugre,48,Empapar,52,Hiperrayo,56,Salpicar,,,,,,,,,,,,,,,,,,,,,,,,,,,,,,,,,,,,,,,,,,,,,,,,,Hidropulso,Tóxico,Semilladora,Día Soleado,Rayo Hielo,Ventisca,Hiperrayo,Protección,Danza Lluvia,Psíquico,Doble Equipo,Lanzallamas,Bomba Lodo,Llamarada,Atracción,Ladrón,Salmuera,Energibola,Escaldar,Voltio Cruel,Vendetta,Gigaimpacto,Onda Trueno,Foco Resplandor,Surf,Cascada,,,,,,,,,,,,,,,,,,,,,,,,,,,,,,,,,,,,,,,,,,,,,,,,,,,,,,,,,,,,,,,,,,,,,,,,,,,,,,,,,,,,,,,,,,,,,,,,,,,,,,,,,,,,,,,,,,,,,,,,,,,,,,,,,,Pulpocañón,Supersónico,Niebla,Azote,Salpicar,Bomba Ácida,Rayo Aurora,Chirrido,Pedrada,Ronquido,Disparo Lodo,Meteoros,Danza Amiga,,,,,,,,,,,,,,,,,,,,,,,,,,,,,,,,,,,,,,,,,,,,,,,,,,,,,,,,,,,,,,,,,,,,,,,,,,,,,,,,,,,,,,,,Ronquido,Atadura,Refuerzo,Bofetón Lodo,Rayo Señal,Sísmico,Buceo,Bote,Bomba Germen,Meteoros,Viento Hielo,Lanzamugre,,,,,,,,,,,,,,,,,,,,,,,,,,,,,,,,,,,,,,,,,,,,,,,,,,,,,,,,,,,,,,,,,,,,,,,,,,,,,,,,,,,,,,,,
Delibird,225,225,0,Hielo,Volador,Water 1,Field,Ningún objeto,Ningún objeto,Ningún objeto,Experto,Entusiasmo,Bromista,45,85,50,110,50,110,1,Presente,1,Sorpresa,1,Salpicadura,1,Giro Rápido,6,Viento Hielo,9,Ataque Rápido,12,Esquirla Helada,15,Meteoros,18,Aire Afilado,21,Rayo Aurora,24,Pico Taladro,27,Reciclaje,30,Tajo Aéreo,33,Granizo,36,Rayo Hielo,39,Premonición,42,Ventisca,45,Vendaval,48,Mismo Destino,,,,,,,,,,,,,,,,,,,,,,,,,,,,,,,,,,,,,,,,,,,,,,,,,,,,,,,,,,,,,,,Puño Certero,Hidropulso,Tóxico,Granizo,Rayo Hielo,Ventisca,Protección,Danza Lluvia,Demolición,Doble Equipo,Golpe Aéreo,Atracción,Ladrón,Ala de Acero,Lanzamiento,Reciclaje,Alud,Ida y Vuelta,Vuelo,Despejar,,,,,,,,,,,,,,,,,,,,,,,,,,,,,,,,,,,,,,,,,,,,,,,,,,,,,,,,,,,,,,,,,,,,,,,,,,,,,,,,,,,,,,,,,,,,,,,,,,,,,,,,,,,,,,,,,,,,,,,,,,,,,,,,,,,,,,,,Rayo Aurora,Ataque Rápido,Salpicadura,Giro Rápido,Esquirla Helada,Sorpresa,Liofilización,Mismo Destino,Contraataque,Velo Aurora,Legado,Premonición,Puño Hielo,Viento Hielo,Púas,,,,,,,,,,,,,,,,,,,,,,,,,,,,,,,,,,,,,,,,,,,,,,,,,,,,,,,,,,,,,,,,,,,,,,,,,,,,,,,,,,,,,,Ronquido,Refuerzo,Rodar,Bofetón Lodo,Púas,Ala Bis,Rayo Señal,Puño Hielo,Sísmico,Bote,Ataque Aéreo,Bomba Germen,Meteoros,Puño Incremento,Viento Hielo,Lanzamugre,,,,,,,,,,,,,,,,,,,,,,,,,,,,,,,,,,,,,,,,,,,,,,,,,,,,,,,,,,,,,,,,,,,,,,,,,,,,,,,,,,,,
Mantine,226,226,0,Agua,Volador,Water 1,Water 1,Ningún objeto,Ningún objeto,Ningún objeto,Nado Rápido,Absorbe Agua,Velo Agua,85,40,70,90,140,70,1,Ataque Ala,1,Supersónico,1,Pistola Agua,1,Placaje,1,Psicorrayo,1,Aire Afilado,1,Rayo Señal,4,Supersónico,5,Burbuja,7,Rayo Confuso,10,Hidropulso,13,Ataque Ala,16,Golpe Cabeza,16,Vasta Guardia,19,Rayo Burbuja,25,Derribo,28,Agilidad,31,Tajo Aéreo,34,Acua Aro,37,Manto Espejo,40,Bote,43,Viento Afín,46,Hidrobomba,,,,,,,,,,,,,,,,,,,,,,,,,,,,,,,,,,,,,,,,,,,,,,,,,,,,,,,Hidropulso,Tóxico,Granizo,Semilladora,Rayo Hielo,Ventisca,Hiperrayo,Protección,Danza Lluvia,Terremoto,Doble Equipo,Tumba Rocas,Golpe Aéreo,Atracción,Salmuera,Respiro,Escaldar,Aguante,Gigaimpacto,Avalancha,Vozarrón,Vendaval,Ida y Vuelta,Vuelo,Surf,Despejar,Cascada,,,,,,,,,,,,,,,,,,,,,,,,,,,,,,,,,,,,,,,,,,,,,,,,,,,,,,,,,,,,,,,,,,,,,,,,,,,,,,,,,,,,,,,,,,,,,,,,,,,,,,,,,,,,,,,,,,,,,,,,,,,,,,,,,Ciclón,Niebla,Atizar,Manto Espejo,Salpicadura,Viento Afín,Rayo Confuso,Hidrobomba,Vasta Guardia,Amnesia,Rayo Señal,,,,,,,,,,,,,,,,,,,,,,,,,,,,,,,,,,,,,,,,,,,,,,,,,,,,,,,,,,,,,,,,,,,,,,,,,,,,,,,,,,,,,,,,,,Ronquido,Refuerzo,Terratemblor,Aire Afilado,Bofetón Lodo,Ala Bis,Rayo Señal,Buceo,Bote,Viento Afín,Bomba Germen,Meteoros,Cabeza de Hierro,Acua Cola,Viento Hielo,Hidroariete,Lanzamugre,,,,,,,,,,,,,,,,,,,,,,,,,,,,,,,,,,,,,,,,,,,,,,,,,,,,,,,,,,,,,,,,,,,,,,,,,,,,,,,,,,,
Skarmory,227,227,0,Acero,Volador,Flying,Flying,Ningún objeto,Ningún objeto,Revest. Metálico,Vista Lince,Robustez,Coraza Reflejo,65,80,140,40,70,70,1,Malicioso,1,Picotazo,1,Malicioso,1,Ataque Arena,7,Garra Metal,10,Aire Afilado,13,Ataque Furia,16,Amago,19,Meteoros,20,Ataque Ala,22,Ala de Acero,25,Púas,28,Pico Taladro,31,Agilidad,32,Aligerar,34,Cuchillada,34,Tajo Umbrío,37,Cabeza de Hierro,40,Tajo Aéreo,43,Taladradora,46,Eco Metálico,48,Defensa Férrea,49,Contraataque,52,Pájaro Osado,65,Plancha Corporal,,,,,,,,,,,,,,,,,,,,,,,,,,,,,,,,,,,,,,,,,,,,,,,,,,,Rugido,Tóxico,Día Soleado,Mofa,Protección,Doble Equipo,Tormenta Arena,Tumba Rocas,Golpe Aéreo,Tormento,Atracción,Ladrón,Ala de Acero,Respiro,Aguante,Vendetta,Destello,Danza Espada,Trampa Rocas,Pulso Umbrío,Avalancha,Tijera X,Vendaval,Foco Resplandor,Corte,Vuelo,Despejar,Golpe Roca,,,,,,,,,,,,,,,,,,,,,,,,,,,,,,,,,,,,,,,,,,,,,,,,,,,,,,,,,,,,,,,,,,,,,,,,,,,,,,,,,,,,,,,,,,,,,,,,,,,,,,,,,,,,,,,,,,,,,,,,,,,,,,,,Maldición,Ataque Aéreo,Remolino,Aire Afilado,Tajo Umbrío,Amago,Pico Taladro,Pájaro Osado,Buena Baza,Cambiadefensa,Plancha Corporal,,,,,,,,,,,,,,,,,,,,,,,,,,,,,,,,,,,,,,,,,,,,,,,,,,,,,,,,,,,,,,,,,,,,,,,,,,,,,,,,,,,,,,,,,,Ronquido,Aire Afilado,Bofetón Lodo,Púas,Ala Bis,Corte Furia,Viento Aciago,Defensa Férrea,Ataque Aéreo,Viento Afín,Meteoros,Cabeza de Hierro,Viento Hielo,Ciclón,,,,,,,,,,,,,,,,,,,,,,,,,,,,,,,,,,,,,,,,,,,,,,,,,,,,,,,,,,,,,,,,,,,,,,,,,,,,,,,,,,,,,,
Houndour,228,228,0,Siniestro,Fuego,Field,Field,Ningún objeto,Ningún objeto,Ningún objeto,Intimidación,Absorbe Fuego,Recogebolas,45,60,30,80,50,65,1,Ascuas,1,Malicioso,1,Aullido,4,Finta,7,Mordisco,10,Rugido,13,Polución,16,Colmillo Rayo,16,Colmillo Ígneo,20,Mofa,22,Paliza,28,Triturar,31,Lanzallamas,32,Golpe Bajo,34,Pulso Umbrío,37,Nitrocarga,37,Embargo,40,Juego Sucio,40,Maquinación,56,Envite Ígneo,60,Infierno,,,,,,,,,,,,,,,,,,,,,,,,,,,,,,,,,,,,,,,,,,,,,,,,,,,,,,,,,,,Rugido,Tóxico,Día Soleado,Mofa,Protección,Rayo Solar,Cola Férrea,Bola Sombra,Doble Equipo,Lanzallamas,Bomba Lodo,Llamarada,Tormento,Atracción,Ladrón,Sofoco,Fuego Fatuo,Maquinación,Vendetta,Alarido,Pulso Umbrío,Brillo Mágico,Golpe Roca,,,,,,,,,,,,,,,,,,,,,,,,,,,,,,,,,,,,,,,,,,,,,,,,,,,,,,,,,,,,,,,,,,,,,,,,,,,,,,,,,,,,,,,,,,,,,,,,,,,,,,,,,,,,,,,,,,,,,,,,,,,,,,,,,,,,,Giro Fuego,Contraataque,Rencor,Inversión,Paliza,Colmillo Ígneo,Colmillo Rayo,Amago,Golpe Bajo,Mismo Destino,,,,,,,,,,,,,,,,,,,,,,,,,,,,,,,,,,,,,,,,,,,,,,,,,,,,,,,,,,,,,,,,,,,,,,,,,,,,,,,,,,,,,,,,,,,Ronquido,Bofetón Lodo,Rencor,Alboroto,Imitación,Meteoros,Arenas Ardientes,Onda Ígnea,Golpe Bajo,Juego Sucio,Superdiente,,,,,,,,,,,,,,,,,,,,,,,,,,,,,,,,,,,,,,,,,,,,,,,,,,,,,,,,,,,,,,,,,,,,,,,,,,,,,,,,,,,,,,,,,
Houndoom,229,229,0,Siniestro,Fuego,Field,Field,Ningún objeto,Ningún objeto,Ningún objeto,Intimidación,Absorbe Fuego,Adaptable,75,100,50,110,80,95,1,Ascuas,1,Malicioso,1,Aullido,4,Finta,7,Mordisco,10,Rugido,13,Polución,16,Colmillo Ígneo,16,Colmillo Rayo,20,Mofa,22,Paliza,30,Triturar,34,Lanzallamas,35,Golpe Bajo,38,Pulso Umbrío,41,Nitrocarga,41,Embargo,45,Juego Sucio,46,Maquinación,62,Envite Ígneo,70,Infierno,,,,,,,,,,,,,,,,,,,,,,,,,,,,,,,,,,,,,,,,,,,,,,,,,,,,,,,,,,,Rugido,Tóxico,Día Soleado,Mofa,Hiperrayo,Protección,Rayo Solar,Cola Férrea,Bola Sombra,Doble Equipo,Lanzallamas,Bomba Lodo,Llamarada,Tormento,Atracción,Ladrón,Sofoco,Fuego Fatuo,Maquinación,Vendetta,Gigaimpacto,Alarido,Pulso Umbrío,Brillo Mágico,Fuerza,Golpe Roca,,,,,,,,,,,,,,,,,,,,,,,,,,,,,,,,,,,,,,,,,,,,,,,,,,,,,,,,,,,,,,,,,,,,,,,,,,,,,,,,,,,,,,,,,,,,,,,,,,,,,,,,,,,,,,,,,,,,,,,,,,,,,,,,,,Giro Fuego,Contraataque,Rencor,Inversión,Paliza,Colmillo Ígneo,Colmillo Rayo,Amago,Golpe Bajo,Mismo Destino,,,,,,,,,,,,,,,,,,,,,,,,,,,,,,,,,,,,,,,,,,,,,,,,,,,,,,,,,,,,,,,,,,,,,,,,,,,,,,,,,,,,,,,,,,,Ronquido,Bofetón Lodo,Aguzar,Rencor,Alboroto,Imitación,Meteoros,Arenas Ardientes,Onda Ígnea,Golpe Bajo,Juego Sucio,Superdiente,,,,,,,,,,,,,,,,,,,,,,,,,,,,,,,,,,,,,,,,,,,,,,,,,,,,,,,,,,,,,,,,,,,,,,,,,,,,,,,,,,,,,,,,
Kingdra,230,230,0,Agua,Dragón,Water 1,Dragon,Ningún objeto,Ningún objeto,Escama Dragón,Nado Rápido,Francotirador,Humedad,75,95,95,95,95,85,1,Ciclón,1,Pantalla de Humo,1,Malicioso,1,Burbuja,1,Bostezo,1,Torbellino,1,Anulación,7,Pistola Agua,10,Foco Energía,13,Dragoaliento,16,Rayo Aurora,19,Rayo Burbuja,25,Pulpocañón,28,Agilidad,31,Agua Lodosa,35,Pulso Dragón,37,Aguzar,43,Danza Dragón,47,Enfado,51,Hidrobomba,55,Hiperrayo,65,Danza Lluvia,,,,,,,,,,,,,,,,,,,,,,,,,,,,,,,,,,,,,,,,,,,,,,,,,,,,,,,,,Hidropulso,Tóxico,Granizo,Rayo Hielo,Ventisca,Hiperrayo,Protección,Danza Lluvia,Doble Equipo,Atracción,Salmuera,Escaldar,Aguante,Pulso Dragón,Gigaimpacto,Vendaval,Foco Resplandor,Surf,Cascada,,,,,,,,,,,,,,,,,,,,,,,,,,,,,,,,,,,,,,,,,,,,,,,,,,,,,,,,,,,,,,,,,,,,,,,,,,,,,,,,,,,,,,,,,,,,,,,,,,,,,,,,,,,,,,,,,,,,,,,,,,,,,,,,,,,,,,,,,Rayo Aurora,Niebla Clara,Anulación,Azote,Pulpocañón,Salpicadura,Dragoaliento,Agua Lodosa,Enfado,Viento Cortante,Rayo Señal,,,,,,,,,,,,,,,,,,,,,,,,,,,,,,,,,,,,,,,,,,,,,,,,,,,,,,,,,,,,,,,,,,,,,,,,,,,,,,,,,,,,,,,,,,Ronquido,Aguzar,Rayo Señal,Buceo,Bote,Meteoros,Cabeza de Hierro,Viento Hielo,Cometa Draco,Enfado,Ciclón,,,,,,,,,,,,,,,,,,,,,,,,,,,,,,,,,,,,,,,,,,,,,,,,,,,,,,,,,,,,,,,,,,,,,,,,,,,,,,,,,,,,,,,,,
Phanpy,231,231,0,Tierra,,Field,Field,Ningún objeto,Ningún objeto,Ningún objeto,Velo Arena,Recogida,Experto,90,60,60,40,40,40,1,Rizo Defensa,1,Gruñido,1,Placaje,4,Bofetón Lodo,7,Golpe Cabeza,10,Rodar,13,Terratemblor,16,Azote,22,Atizar,25,Derribo,28,Aguante,31,Encanto,34,Última Baza,37,Esquirla Helada,40,Doble Filo,43,Carantoña,46,Testarazo,,,,,,,,,,,,,,,,,,,,,,,,,,,,,,,,,,,,,,,,,,,,,,,,,,,,,,,,,,,,,,,,,,,Rugido,Tóxico,Día Soleado,Protección,Cola Férrea,Terremoto,Doble Equipo,Tormenta Arena,Tumba Rocas,Atracción,Trampa Rocas,Avalancha,Vozarrón,Fuerza,Golpe Roca,,,,,,,,,,,,,,,,,,,,,,,,,,,,,,,,,,,,,,,,,,,,,,,,,,,,,,,,,,,,,,,,,,,,,,,,,,,,,,,,,,,,,,,,,,,,,,,,,,,,,,,,,,,,,,,,,,,,,,,,,,,,,,,,,,,,,,,,,,,,,Foco Energía,Golpe Cuerpo,Poder Pasado,Ronquido,Contraataque,Fisura,Esfuerzo,Esquirla Helada,Testarazo,Bofetón Lodo,Cuerpo Pesado,Carantoña,Fuerza Equina,,,,,,,,,,,,,,,,,,,,,,,,,,,,,,,,,,,,,,,,,,,,,,,,,,,,,,,,,,,,,,,,,,,,,,,,,,,,,,,,,,,,,,,,Ronquido,Terratemblor,Rodar,Bofetón Lodo,Púas,Poder Pasado,Bomba Germen,Fuerza Bruta,Desarme,Última Baza,Esfuerzo,Tierra Viva,Lanzamugre,,,,,,,,,,,,,,,,,,,,,,,,,,,,,,,,,,,,,,,,,,,,,,,,,,,,,,,,,,,,,,,,,,,,,,,,,,,,,,,,,,,,,,,
Donphan,232,232,0,Tierra,,Field,Field,Ningún objeto,Ningún objeto,Ningún objeto,Velo Arena,Robustez,Experto,90,120,120,60,60,50,0,Ataque Furia,1,Doble Filo,1,Última Baza,1,Encanto,1,Derribo,1,Azote,1,Placaje,1,Rizo Defensa,1,Gruñido,1,Cornada,1,Colmillo Rayo,1,Colmillo Ígneo,1,Ataque Furia,4,Bofetón Lodo,7,Golpe Cabeza,10,Rodar,13,Terratemblor,16,Giro Rápido,19,Buena Baza,22,Atizar,25,Ataque Furia,30,Desarme,30,Tumba Rocas,30,Magnitud,34,Cara Susto,38,Terremoto,42,Esquirla Helada,46,Gigaimpacto,50,Carantoña,54,Testarazo,,,,,,,,,,,,,,,,,,,,,,,,,,,,,,,,,,,,,,,,,Rugido,Tóxico,Día Soleado,Hiperrayo,Protección,Cola Férrea,Terremoto,Doble Equipo,Tormenta Arena,Tumba Rocas,Atracción,Gigaimpacto,Pulimento,Roca Afilada,Giro Bola,Trampa Rocas,Avalancha,Vozarrón,Puya Nociva,Fuerza,Golpe Roca,,,,,,,,,,,,,,,,,,,,,,,,,,,,,,,,,,,,,,,,,,,,,,,,,,,,,,,,,,,,,,,,,,,,,,,,,,,,,,,,,,,,,,,,,,,,,,,,,,,,,,,,,,,,,,,,,,,,,,,,,,,,,,,,,,,,,,,Foco Energía,Golpe Cuerpo,Poder Pasado,Ronquido,Contraataque,Fisura,Esfuerzo,Esquirla Helada,Testarazo,Bofetón Lodo,Cuerpo Pesado,Carantoña,Fuerza Equina,,,,,,,,,,,,,,,,,,,,,,,,,,,,,,,,,,,,,,,,,,,,,,,,,,,,,,,,,,,,,,,,,,,,,,,,,,,,,,,,,,,,,,,,Ronquido,Terratemblor,Rodar,Bofetón Lodo,Púas,Bloqueo,Pataleta,Poder Pasado,Defensa Férrea,Bote,Bomba Germen,Fuerza Bruta,Desarme,Última Baza,Esfuerzo,Tierra Viva,Lanzamugre,,,,,,,,,,,,,,,,,,,,,,,,,,,,,,,,,,,,,,,,,,,,,,,,,,,,,,,,,,,,,,,,,,,,,,,,,,,,,,,,,,,
Porygon2,233,233,0,Normal,,Mineral,Mineral,Ningún objeto,Ningún objeto,Ningún objeto,Rastro,Descarga,Cálculo Final,85,80,90,105,95,60,1,Levitón,1,Conversión,1,Placaje,1,Rizo Defensa,1,Conversión2,4,Afilar,7,Psicorrayo,10,Agilidad,13,Recuperación,15,Impactrueno,16,Rayo Carga,22,Reciclaje,25,Triataque,28,Chispazo,29,Rayo Señal,31,Fijar Blanco,34,Capa Mágica,37,Rayo,40,Espacio Raro,43,Psíquico,46,Electrocañón,49,Hiperrayo,,,,,,,,,,,,,,,,,,,,,,,,,,,,,,,,,,,,,,,,,,,,,,,,,,,,,,,,,Tóxico,Día Soleado,Rayo Hielo,Ventisca,Hiperrayo,Protección,Danza Lluvia,Rayo Solar,Cola Férrea,Rayo,Trueno,Psíquico,Bola Sombra,Doble Equipo,Onda Voltio,Golpe Aéreo,Ladrón,Voltio Cruel,Reciclaje,Gigaimpacto,Destello,Onda Trueno,Autosugestión,Brillo Mágico,Espacio Raro,,,,,,,,,,,,,,,,,,,,,,,,,,,,,,,,,,,,,,,,,,,,,,,,,,,,,,,,,,,,,,,,,,,,,,,,,,,,,,,,,,,,,,,,,,,,,,,,,,,,,,,,,,,,,,,,,,,,,,,,,,,,,,,,,,,,,,,,,,,,,,,,,,,,,,,,,,,,,,,,,,,,,,,,,,,,,,,,,,,,,,,,,,,,,,,,,,,,,,,,,,,,,,,,,,,,,,,,,,,,,,,,,,,,,,,Ronquido,Cambio de Banda,Electrotela,Rayo Señal,Zona Extraña,Levitón,Cabezazo Zen,Capa Mágica,Divide Dolor,Meteoros,Truco,Gravedad,Viento Hielo,Electrocañón,Última Baza,Juego Sucio,,,,,,,,,,,,,,,,,,,,,,,,,,,,,,,,,,,,,,,,,,,,,,,,,,,,,,,,,,,,,,,,,,,,,,,,,,,,,,,,,,,,
Stantler,234,234,0,Normal,,Field,Field,Ningún objeto,Ningún objeto,Ningún objeto,Intimidación,Cacheo,Herbívoro,73,105,62,75,65,85,1,Placaje,1,Malicioso,7,Impresionar,10,Hipnosis,13,Pisotón,16,Ataque Arena,18,Rayo Confuso,21,Derribo,24,Paz Mental,27,Cabezazo Zen,31,Imitación,34,Golpe,40,Sellar,43,Bote,43,Plancha,48,Megacuerno,50,Danza Amiga,51,Doble Filo,,,,,,,,,,,,,,,,,,,,,,,,,,,,,,,,,,,,,,,,,,,,,,,,,,,,,,,,,,,,,,,,,Paz Mental,Rugido,Tóxico,Poder Oculto,Día Soleado,Pantalla de Luz,Protección,Danza Lluvia,Rayo Solar,Cola Férrea,Rayo,Trueno,Terremoto,Psíquico,Bola Sombra,Doble Equipo,Reflejo,Onda Voltio,Imagen,Atracción,Ladrón,Intercambio,Energibola,Voltio Cruel,Gigaimpacto,Destello,Onda Trueno,Autosugestión,Vozarrón,Brillo Mágico,Espacio Raro,,,,,,,,,,,,,,,,,,,,,,,,,,,,,,,,,,,,,,,,,,,,,,,,,,,,,,,,,,,,,,,,,,,,,,,,,,,,,,,,,,,,,,,,,,,,,,,,,,,,,,,,,,,,,,,,,,,,,,,,,,,,,Rencor,Anulación,Mordisco,Paranormal,Golpe,Doble Patada,Cabezazo Zen,Megacuerno,,,,,,,,,,,,,,,,,,,,,,,,,,,,,,,,,,,,,,,,,,,,,,,,,,,,,,,,,,,,,,,,,,,,,,,,,,,,,,,,,,,,,,,,,,,,,Ronquido,Terratemblor,Bofetón Lodo,Rencor,Alboroto,Rayo Señal,Zona Mágica,Bote,Imitación,Cabezazo Zen,Meteoros,Gravedad,Golpe Bajo,Última Baza,,,,,,,,,,,,,,,,,,,,,,,,,,,,,,,,,,,,,,,,,,,,,,,,,,,,,,,,,,,,,,,,,,,,,,,,,,,,,,,,,,,,,,
Smeargle,235,235,0,Normal,,Field,Field,Ningún objeto,Ningún objeto,Ningún objeto,Experto,Ritmo Propio,Veleta,55,20,35,20,45,75,1,Esquema,6,Esquema,11,Esquema,16,Esquema,21,Esquema,26,Esquema,31,Esquema,36,Esquema,41,Esquema,46,Esquema,51,Esquema,56,Esquema,61,Esquema,66,Esquema,71,Esquema,76,Esquema,81,Esquema,86,Esquema,91,Esquema,96,Esquema,,,,,,,,,,,,,,,,,,,,,,,,,,,,,,,,,,,,,,,,,,,,,,,,,,,,,,,,,,,,,,,,,,,,,,,,,,,,,,,,,,,,,,,,,,,,,,,,,,,,,,,,,,,,,,,,,,,,,,,,,,,,,,,,,,,,,,,,,,,,,,,,,,,,,,,,,,,,,,,,,,,,,,,,,,,,,,,,,,,,,,,,,,,,,,,,,,,,,,,,,,,,,,,,,,,,,,,,,,,,,,,,,,,,,,,,,,,,,,,,,,,,,,,,,,,,,,,,,,,,,,,,,,,,,,,,,,,,,,,,,,,,,,,,,,,,,,,,,,,,,,,,,,,,,,,,,,,,,,,,,,,,,,,,,,,,,,,,,,,,,,,,,,,,,,,,,,,,,,,,,,,,,,,,,,,,,,,,,,,,,,,,,,,,,,,,,,,,,,,,,,,,,,,,,,,,,,,
Tyrogue,236,236,0,Lucha,,No Eggs,No Eggs,Ningún objeto,Ningún objeto,Ningún objeto,Impasible,Agallas,Espíritu Vital,35,35,35,35,35,35,1,Foco Energía,1,Sorpresa,1,Refuerzo,1,Placaje,1,Patada Baja,1,Ultrapuño,1,Giro Rápido,,,,,,,,,,,,,,,,,,,,,,,,,,,,,,,,,,,,,,,,,,,,,,,,,,,,,,,,,,,,,,,,,,,,,,,,,,,,,,,,,,,,,,,Tóxico,Corpulencia,Poder Oculto,Día Soleado,Protección,Danza Lluvia,Terremoto,Puntapié,Demolición,Doble Equipo,Atracción,Ladrón,Avalancha,Vozarrón,Fuerza,Golpe Roca,,,,,,,,,,,,,,,,,,,,,,,,,,,,,,,,,,,,,,,,,,,,,,,,,,,,,,,,,,,,,,,,,,,,,,,,,,,,,,,,,,,,,,,,,,,,,,,,,,,,,,,,,,,,,,,,,,,,,,,,,,,,,,,,,,,,,,,,,,,,Giro Rápido,Pat. Salto Alta,Ultrapuño,Telépata,Contraataque,Onda Vacío,Puño Bala,Amago,Refuerzo,,,,,,,,,,,,,,,,,,,,,,,,,,,,,,,,,,,,,,,,,,,,,,,,,,,,,,,,,,,,,,,,,,,,,,,,,,,,,,,,,,,,,,,,,,,,Ronquido,Refuerzo,Antojo,Terratemblor,Cambio de Banda,Bofetón Lodo,Aguzar,Alboroto,Sísmico,Imitación,Meteoros,Patada Baja,Onda Vacío,,,,,,,,,,,,,,,,,,,,,,,,,,,,,,,,,,,,,,,,,,,,,,,,,,,,,,,,,,,,,,,,,,,,,,,,,,,,,,,,,,,,,,,
Hitmontop,237,237,0,Lucha,,Human-Like,Human-Like,Ningún objeto,Ningún objeto,Ningún objeto,Experto,Intimidación,Respondón,50,95,95,35,110,70,0,Patada Giro,0,Triple Patada,1,Foco Energía,1,Sorpresa,1,Refuerzo,1,Placaje,1,Giro Rápido,1,Triple Patada,1,Desquite,1,Patada Giro,8,Giro Bola,20,Anticipo,21,Agilidad,21,Vasta Guardia,24,Golpe Bajo,25,Demolición,27,Ataque Rápido,29,Triple Patada,31,Amago,32,Excavar,33,Detección,35,A Bocajarro,37,Contraataque,39,Taladradora,41,Puño Bala,43,Esfuerzo,45,Pat. Salto Alta,,,,,,,,,,,,,,,,,,,,,,,,,,,,,,,,,,,,,,,,,,,,,,,Tóxico,Corpulencia,Poder Oculto,Día Soleado,Protección,Danza Lluvia,Terremoto,Puntapié,Excavar,Demolición,Doble Equipo,Tormenta Arena,Golpe Aéreo,Atracción,Ladrón,Onda Certera,Roca Afilada,Giro Bola,Avalancha,Vozarrón,Fuerza,Golpe Roca,,,,,,,,,,,,,,,,,,,,,,,,,,,,,,,,,,,,,,,,,,,,,,,,,,,,,,,,,,,,,,,,,,,,,,,,,,,,,,,,,,,,,,,,,,,,,,,,,,,,,,,,,,,,,,,,,,,,,,,,,,,,,,,,,,,,,,Giro Rápido,Pat. Salto Alta,Ultrapuño,Telépata,Contraataque,Onda Vacío,Puño Bala,Amago,Refuerzo,,,,,,,,,,,,,,,,,,,,,,,,,,,,,,,,,,,,,,,,,,,,,,,,,,,,,,,,,,,,,,,,,,,,,,,,,,,,,,,,,,,,,,,,,,,,Ronquido,Refuerzo,Antojo,Terratemblor,Cambio de Banda,Rodar,Bofetón Lodo,Aguzar,Alboroto,Sísmico,Imitación,Meteoros,Patada Baja,Taladradora,Onda Vacío,Golpe Bajo,Esfuerzo,Ciclón,,,,,,,,,,,,,,,,,,,,,,,,,,,,,,,,,,,,,,,,,,,,,,,,,,,,,,,,,,,,,,,,,,,,,,,,,,,,,,,,,,
Smoochum,238,238,0,Hielo,Psíquico,No Eggs,No Eggs,Ningún objeto,Ningún objeto,Ningún objeto,Hidratación,Alerta,Cuerpo Vívido,45,30,15,95,65,65,1,Destructor,1,Lengüetazo,1,Beso Dulce,1,Nieve Polvo,6,Confusión,9,Canto,12,Sorpresa,15,Viento Hielo,16,Antojo,18,Mal de Ojo,21,Paranormal,24,Llanto Falso,28,Puño Hielo,30,Rayo Hielo,33,Copión,36,Psíquico,39,Liofilización,42,Canto Mortal,45,Ventisca,48,Maquinación,,,,,,,,,,,,,,,,,,,,,,,,,,,,,,,,,,,,,,,,,,,,,,,,,,,,,,,,,,,,,Hidropulso,Paz Mental,Tóxico,Granizo,Rayo Hielo,Ventisca,Pantalla de Luz,Protección,Danza Lluvia,Comesueños,Psíquico,Bola Sombra,Doble Equipo,Reflejo,Atracción,Ladrón,Intercambio,Lanzamiento,Maquinación,Vendetta,Reciclaje,Destello,Alud,Autosugestión,Brillo Mágico,Hierba Lazo,Espacio Raro,,,,,,,,,,,,,,,,,,,,,,,,,,,,,,,,,,,,,,,,,,,,,,,,,,,,,,,,,,,,,,,,,,,,,,,,,,,,,,,,,,,,,,,,,,,,,,,,,,,,,,,,,,,,,,,,,,,,,,,,,,,,,,,,,Sorpresa,Deseo,Imitación,Puño Hielo,Meditación,,,,,,,,,,,,,,,,,,,,,,,,,,,,,,,,,,,,,,,,,,,,,,,,,,,,,,,,,,,,,,,,,,,,,,,,,,,,,,,,,,,,,,,,,,,,,,,,Ronquido,Refuerzo,Antojo,Bofetón Lodo,Cascabel Cura,Alboroto,Rayo Señal,Puño Hielo,Zona Mágica,Zona Extraña,Sísmico,Imitación,Cabezazo Zen,Capa Mágica,Truco,Viento Hielo,,,,,,,,,,,,,,,,,,,,,,,,,,,,,,,,,,,,,,,,,,,,,,,,,,,,,,,,,,,,,,,,,,,,,,,,,,,,,,,,,,,,
Elekid,239,239,0,Eléctrico,,No Eggs,No Eggs,Ningún objeto,Ningún objeto,Electrizador,Elec. Estática,Espíritu Vital,Puño Férreo,45,63,37,65,55,95,1,Malicioso,1,Ataque Rápido,1,Impactrueno,7,Patada Baja,8,Carga,10,Meteoros,13,Onda Voltio,16,Onda Trueno,19,Puño Trueno,22,Pantalla de Luz,25,Demolición,28,Chispazo,31,Chirrido,34,Tajo Cruzado,37,Rayo,40,Voltio Cruel,43,A Bocajarro,46,Trueno,,,,,,,,,,,,,,,,,,,,,,,,,,,,,,,,,,,,,,,,,,,,,,,,,,,,,,,,,,,,,,,,,Puño Certero,Tóxico,Pantalla de Luz,Protección,Danza Lluvia,Rayo,Trueno,Psíquico,Demolición,Doble Equipo,Onda Voltio,Imagen,Voltiocambio,Atracción,Ladrón,Lanzamiento,Voltio Cruel,Destello,Onda Trueno,Golpe Roca,,,,,,,,,,,,,,,,,,,,,,,,,,,,,,,,,,,,,,,,,,,,,,,,,,,,,,,,,,,,,,,,,,,,,,,,,,,,,,,,,,,,,,,,,,,,,,,,,,,,,,,,,,,,,,,,,,,,,,,,,,,,,,,,,,,,,,,,Tajo Cruzado,Puño Dinámico,Machada,Amago,Puño Fuego,Puño Hielo,Patada Giro,Meditación,Golpe Kárate,,,,,,,,,,,,,,,,,,,,,,,,,,,,,,,,,,,,,,,,,,,,,,,,,,,,,,,,,,,,,,,,,,,,,,,,,,,,,,,,,,,,,,,,,,,,Ronquido,Refuerzo,Antojo,Electrotela,Bofetón Lodo,Alboroto,Rayo Señal,Puño Fuego,Puño Hielo,Puño Trueno,Levitón,Sísmico,Meteoros,Patada Baja,Golpe Bis,Puño Incremento,Electrocañón,,,,,,,,,,,,,,,,,,,,,,,,,,,,,,,,,,,,,,,,,,,,,,,,,,,,,,,,,,,,,,,,,,,,,,,,,,,,,,,,,,,
Magby,240,240,0,Fuego,,No Eggs,No Eggs,Ningún objeto,Ningún objeto,Magmatizador,Cuerpo Llama,Absorbe Fuego,Espíritu Vital,45,75,37,70,55,83,1,Malicioso,1,Polución,1,Ascuas,7,Pantalla de Humo,12,Niebla Clara,12,Finta,13,Giro Fuego,16,Fuego Fatuo,16,Rueda Fuego,19,Puño Fuego,22,Rayo Confuso,24,Cara Susto,25,Demolición,28,Humareda,31,Día Soleado,34,Tajo Cruzado,36,Patada Baja,37,Lanzallamas,40,Envite Ígneo,43,Esfera Aural,46,Llamarada,,,,,,,,,,,,,,,,,,,,,,,,,,,,,,,,,,,,,,,,,,,,,,,,,,,,,,,,,,,Puño Certero,Tóxico,Día Soleado,Protección,Cola Férrea,Psíquico,Demolición,Doble Equipo,Lanzallamas,Llamarada,Atracción,Ladrón,Salmuera,Sofoco,Lanzamiento,Fuego Fatuo,Pulso Umbrío,Golpe Roca,,,,,,,,,,,,,,,,,,,,,,,,,,,,,,,,,,,,,,,,,,,,,,,,,,,,,,,,,,,,,,,,,,,,,,,,,,,,,,,,,,,,,,,,,,,,,,,,,,,,,,,,,,,,,,,,,,,,,,,,,,,,,,,,,,,,,,,,,,Eructo,Puño Dinámico,Ultrapuño,Tajo Cruzado,Megapuño,Chirrido,Puño Trueno,Envite Ígneo,Tambor,Foco Energía,Cambiafuerza,Golpe Kárate,,,,,,,,,,,,,,,,,,,,,,,,,,,,,,,,,,,,,,,,,,,,,,,,,,,,,,,,,,,,,,,,,,,,,,,,,,,,,,,,,,,,,,,,,Ronquido,Refuerzo,Antojo,Bofetón Lodo,Alboroto,Puño Fuego,Puño Trueno,Sísmico,Golpe Bis,Puño Incremento,Onda Ígnea,,,,,,,,,,,,,,,,,,,,,,,,,,,,,,,,,,,,,,,,,,,,,,,,,,,,,,,,,,,,,,,,,,,,,,,,,,,,,,,,,,,,,,,,,
Miltank,241,241,0,Normal,,Field,Field,Leche Mu-mu,Leche Mu-mu,Leche Mu-mu,Sebo,Intrépido,Herbívoro,95,80,105,40,70,100,1,Gruñido,1,Placaje,5,Rizo Defensa,9,Pisotón,13,Batido,21,Rodar,25,Golpe Cabeza,25,Golpe Cuerpo,29,Cabezazo Zen,41,Giro Bola,45,Carantoña,45,Cascabel Cura,49,Machada,50,Encanto,53,Doble Filo,55,Fuerza Equina,,,,,,,,,,,,,,,,,,,,,,,,,,,,,,,,,,,,,,,,,,,,,,,,,,,,,,,,,,,,,,,,,,,,,Puño Certero,Hidropulso,Tóxico,Poder Oculto,Día Soleado,Rayo Hielo,Ventisca,Hiperrayo,Protección,Danza Lluvia,Rayo Solar,Cola Férrea,Rayo,Trueno,Terremoto,Bola Sombra,Demolición,Doble Equipo,Onda Voltio,Tormenta Arena,Tumba Rocas,Atracción,Onda Certera,Lanzamiento,Gigaimpacto,Onda Trueno,Giro Bola,Trampa Rocas,Autosugestión,Avalancha,Vozarrón,Surf,Fuerza,Golpe Roca,,,,,,,,,,,,,,,,,,,,,,,,,,,,,,,,,,,,,,,,,,,,,,,,,,,,,,,,,,,,,,,,,,,,,,,,,,,,,,,,,,,,,,,,,,,,,,,,,,,,,,,,,,,,,,,,,,,,,,,,,,Eructo,Maldición,Doble Filo,Machada,Presente,Sísmico,Inversión,Refuerzo,Puño Mareo,,,,,,,,,,,,,,,,,,,,,,,,,,,,,,,,,,,,,,,,,,,,,,,,,,,,,,,,,,,,,,,,,,,,,,,,,,,,,,,,,,,,,,,,,,,,Ronquido,Refuerzo,Cede Paso,Terratemblor,Rodar,Bofetón Lodo,Bloqueo,Cascabel Cura,Pataleta,Puño Fuego,Puño Hielo,Puño Trueno,Sísmico,Cabezazo Zen,Cabeza de Hierro,Puño Incremento,Viento Hielo,Electrocañón,,,,,,,,,,,,,,,,,,,,,,,,,,,,,,,,,,,,,,,,,,,,,,,,,,,,,,,,,,,,,,,,,,,,,,,,,,,,,,,,,,
Blissey,242,242,0,Normal,,Fairy,Fairy,Ningún objeto,Ningún objeto,Huevo Suerte,Dicha,Cura Natural,Alma Cura,255,10,10,75,135,55,1,Rizo Defensa,1,Copión,1,Destructor,1,Encanto,1,Antojo,1,Voz Cautivadora,1,Beso Dulce,1,Gruñido,1,Aromaterapia,4,Látigo,8,Eco Voz,12,Gota Vital,12,Doble Bofetón,13,Ovocuración,19,Reducción,22,Vozarrón,25,Canto,28,Lanzamiento,28,Pulso Cura,31,Sísmico,32,Refuerzo,34,Derribo,37,Pantalla de Luz,40,Deseo Cura,42,Bomba Huevo,43,Contraataque,46,Doble Filo,48,Última Baza,,,,,,,,,,,,,,,,,,,,,,,,,,,,,,,,,,,,,,,,,,,,,Puño Certero,Hidropulso,Paz Mental,Tóxico,Granizo,Poder Oculto,Día Soleado,Rayo Hielo,Ventisca,Hiperrayo,Pantalla de Luz,Protección,Danza Lluvia,Velo Sagrado,Comesueños,Rayo Solar,Cola Férrea,Rayo,Trueno,Terremoto,Psíquico,Bola Sombra,Demolición,Doble Equipo,Onda Voltio,Lanzallamas,Tormenta Arena,Llamarada,Tumba Rocas,Imagen,Descanso,Atracción,Intercambio,Onda Certera,Lanzamiento,Voltio Cruel,Puño Drenaje,Reciclaje,Gigaimpacto,Destello,Alud,Onda Trueno,Trampa Rocas,Autosugestión,Avalancha,Vozarrón,Brillo Mágico,Hierba Lazo,Fuerza,Golpe Roca,Treparrocas,,,,,,,,,,,,,,,,,,,,,,,,,,,,,,,,,,,,,,,,,,,,,,,,,,,,,,,,,,,,,,,,,,,,,,,,,,,,,,,,,,,,,,,,,,,,,,,,,,,,,,,,,Aromaterapia,Gravedad,Presente,Sísmico,Metrónomo,Cascabel Cura,Contraataque,Refuerzo,Última Baza,Bomba Fango,,,,,,,,,,,,,,,,,,,,,,,,,,,,,,,,,,,,,,,,,,,,,,,,,,,,,,,,,,,,,,,,,,,,,,,,,,,,,,,,,,,,,,,,,,,Ronquido,Refuerzo,Antojo,Terratemblor,Cambio de Banda,Rodar,Bofetón Lodo,Aguzar,Bloqueo,Cascabel Cura,Pataleta,Puño Fuego,Puño Hielo,Puño Trueno,Sísmico,Cabezazo Zen,Gravedad,Puño Incremento,Viento Hielo,Electrocañón,Última Baza,Esfuerzo,,,,,,,,,,,,,,,,,,,,,,,,,,,,,,,,,,,,,,,,,,,,,,,,,,,,,,,,,,,,,,,,,,,,,,,,,,,,,,
Raikou,243,243,0,Eléctrico,,No Eggs,No Eggs,Ningún objeto,Ningún objeto,Ningún objeto,Presión,Foco Interno,Absorbe Elec,90,85,75,115,100,115,1,Carga,1,Malicioso,1,Rugido,1,Veloc. Extrema,1,Electrocañón,1,Mordisco,6,Impactrueno,10,Ataque Rápido,14,Chispa,18,Reflejo,22,Triturar,26,Colmillo Rayo,30,Chispazo,34,Paranormal,36,Aullido,38,Danza Lluvia,42,Paz Mental,46,Trueno,50,Esfera Aural,,,,,,,,,,,,,,,,,,,,,,,,,,,,,,,,,,,,,,,,,,,,,,,,,,,,,,,,,,,,,,,Paz Mental,Rugido,Tóxico,Día Soleado,Hiperrayo,Pantalla de Luz,Protección,Danza Lluvia,Cola Férrea,Rayo,Trueno,Excavar,Bola Sombra,Doble Equipo,Reflejo,Onda Voltio,Tormenta Arena,Imagen,Voltiocambio,Salmuera,Voltio Cruel,Gigaimpacto,Destello,Onda Trueno,Autosugestión,Alarido,Vozarrón,Corte,Fuerza,Golpe Roca,Treparrocas,,,,,,,,,,,,,,,,,,,,,,,,,,,,,,,,,,,,,,,,,,,,,,,,,,,,,,,,,,,,,,,,,,,,,,,,,,,,,,,,,,,,,,,,,,,,,,,,,,,,,,,,,,,,,,,,,,,,,,,,,,,,,,,,,,,,,,,,,,,,,,,,,,,,,,,,,,,,,,,,,,,,,,,,,,,,,,,,,,,,,,,,,,,,,,,,,,,,,,,,,,,,,,,,,,,,,,,,,,,,,,,,,Ronquido,Refuerzo,Terratemblor,Bofetón Lodo,Aguzar,Rayo Señal,Levitón,Meteoros,Cabeza de Hierro,Electrocañón,,,,,,,,,,,,,,,,,,,,,,,,,,,,,,,,,,,,,,,,,,,,,,,,,,,,,,,,,,,,,,,,,,,,,,,,,,,,,,,,,,,,,,,,,,
Entei,244,244,0,Fuego,,No Eggs,No Eggs,Ningún objeto,Ningún objeto,Ningún objeto,Presión,Foco Interno,Absorbe Fuego,115,115,85,90,75,100,1,Pantalla de Humo,1,Rugido,1,Malicioso,1,Veloc. Extrema,1,Fuego Sagrado,1,Mordisco,6,Ascuas,6,Rueda Fuego,10,Giro Fuego,14,Pisotón,18,Lanzallamas,22,Contoneo,26,Colmillo Ígneo,30,Humareda,34,Paranormal,36,Cara Susto,38,Llamarada,42,Triturar,42,Paz Mental,46,Estallido,50,Envite Ígneo,66,Día Soleado,,,,,,,,,,,,,,,,,,,,,,,,,,,,,,,,,,,,,,,,,,,,,,,,,,,,,,,,,Paz Mental,Rugido,Tóxico,Día Soleado,Hiperrayo,Protección,Danza Lluvia,Rayo Solar,Cola Férrea,Excavar,Bola Sombra,Doble Equipo,Reflejo,Lanzallamas,Tormenta Arena,Llamarada,Sofoco,Fuego Fatuo,Gigaimpacto,Destello,Roca Afilada,Autosugestión,Alarido,Vozarrón,Corte,Fuerza,Golpe Roca,Treparrocas,,,,,,,,,,,,,,,,,,,,,,,,,,,,,,,,,,,,,,,,,,,,,,,,,,,,,,,,,,,,,,,,,,,,,,,,,,,,,,,,,,,,,,,,,,,,,,,,,,,,,,,,,,,,,,,,,,,,,,,,,,,,,,,,,,,,,,,,,,,,,,,,,,,,,,,,,,,,,,,,,,,,,,,,,,,,,,,,,,,,,,,,,,,,,,,,,,,,,,,,,,,,,,,,,,,,,,,,,,,,,,,,,,,,Ronquido,Refuerzo,Terratemblor,Bofetón Lodo,Aguzar,Pataleta,Meteoros,Cabeza de Hierro,Arenas Ardientes,Onda Ígnea,,,,,,,,,,,,,,,,,,,,,,,,,,,,,,,,,,,,,,,,,,,,,,,,,,,,,,,,,,,,,,,,,,,,,,,,,,,,,,,,,,,,,,,,,,
Suicune,245,245,0,Agua,,No Eggs,No Eggs,Ningún objeto,Ningún objeto,Ningún objeto,Presión,Foco Interno,Absorbe Agua,100,75,115,90,115,85,1,Neblina,1,Tornado,1,Malicioso,1,Pistola Agua,1,Veloc. Extrema,1,Frío Polar,1,Mordisco,6,Rayo Burbuja,6,Hidropulso,10,Tornado,14,Rayo Aurora,18,Neblina,22,Manto Espejo,24,Rugido,26,Colmillo Hielo,30,Viento Afín,34,Paranormal,38,Hidrobomba,42,Triturar,42,Paz Mental,46,Ventisca,50,Tajo Aéreo,54,Surf,,,,,,,,,,,,,,,,,,,,,,,,,,,,,,,,,,,,,,,,,,,,,,,,,,,,,,,Hidropulso,Paz Mental,Rugido,Tóxico,Granizo,Día Soleado,Rayo Hielo,Ventisca,Hiperrayo,Protección,Danza Lluvia,Cola Férrea,Excavar,Bola Sombra,Doble Equipo,Reflejo,Tormenta Arena,Salmuera,Escaldar,Aguante,Gigaimpacto,Alud,Autosugestión,Alarido,Vozarrón,Vendaval,Corte,Surf,Golpe Roca,Cascada,Treparrocas,,,,,,,,,,,,,,,,,,,,,,,,,,,,,,,,,,,,,,,,,,,,,,,,,,,,,,,,,,,,,,,,,,,,,,,,,,,,,,,,,,,,,,,,,,,,,,,,,,,,,,,,,,,,,,,,,,,,,,,,,,,,,,,,,,,,,,,,,,,,,,,,,,,,,,,,,,,,,,,,,,,,,,,,,,,,,,,,,,,,,,,,,,,,,,,,,,,,,,,,,,,,,,,,,,,,,,,,,,,,,,,,,Ronquido,Refuerzo,Terratemblor,Bofetón Lodo,Aguzar,Rayo Señal,Viento Aciago,Buceo,Viento Afín,Meteoros,Cabeza de Hierro,Viento Hielo,,,,,,,,,,,,,,,,,,,,,,,,,,,,,,,,,,,,,,,,,,,,,,,,,,,,,,,,,,,,,,,,,,,,,,,,,,,,,,,,,,,,,,,,
Larvitar,246,246,0,Roca,Tierra,Monster,Monster,Ningún objeto,Ningún objeto,Ningún objeto,Agallas,Agallas,Intimidación,50,64,50,45,50,41,1,Malicioso,1,Placaje,1,Mordisco,1,Chirrido,3,Lanzarrocas,4,Tormenta Arena,10,Tumba Rocas,13,Terratemblor,16,Cara Susto,18,Pataleta,19,Avalancha,22,Golpe,24,Pulso Umbrío,25,Triturar,28,Vendetta,31,Danza Dragón,34,Terremoto,37,Enfado,40,Roca Afilada,43,Hiperrayo,,,,,,,,,,,,,,,,,,,,,,,,,,,,,,,,,,,,,,,,,,,,,,,,,,,,,,,,,,,,,Tóxico,Día Soleado,Mofa,Hiperrayo,Protección,Danza Lluvia,Cola Férrea,Terremoto,Excavar,Demolición,Doble Equipo,Tormenta Arena,Tumba Rocas,Tormento,Atracción,Vendetta,Pulimento,Roca Afilada,Trampa Rocas,Alarido,Pulso Umbrío,Avalancha,Vozarrón,Golpe Roca,,,,,,,,,,,,,,,,,,,,,,,,,,,,,,,,,,,,,,,,,,,,,,,,,,,,,,,,,,,,,,,,,,,,,,,,,,,,,,,,,,,,,,,,,,,,,,,,,,,,,,,,,,,,,,,,,,,,,,,,,,,,,,,,,,,,Pisotón,Poder Pasado,Maldición,Enfado,Foco Energía,Danza Dragón,Defensa Férrea,Buena Baza,Cabeza de Hierro,,,,,,,,,,,,,,,,,,,,,,,,,,,,,,,,,,,,,,,,,,,,,,,,,,,,,,,,,,,,,,,,,,,,,,,,,,,,,,,,,,,,,,,,,,,,Ronquido,Terratemblor,Bofetón Lodo,Rencor,Alboroto,Poder Pasado,Defensa Férrea,Cabeza de Hierro,Puño Incremento,Fuerza Bruta,Enfado,Tierra Viva,,,,,,,,,,,,,,,,,,,,,,,,,,,,,,,,,,,,,,,,,,,,,,,,,,,,,,,,,,,,,,,,,,,,,,,,,,,,,,,,,,,,,,,,
Pupitar,247,247,0,Roca,Tierra,Monster,Monster,Ningún objeto,Ningún objeto,Ningún objeto,Mudar,Mudar,Intimidación,70,84,70,65,70,51,0,Defensa Férrea,1,Lanzarrocas,1,Malicioso,1,Placaje,1,Defensa Férrea,1,Mordisco,1,Chirrido,4,Tormenta Arena,10,Tumba Rocas,13,Terratemblor,16,Cara Susto,18,Pataleta,19,Avalancha,22,Golpe,24,Pulso Umbrío,25,Triturar,28,Vendetta,33,Danza Dragón,38,Terremoto,43,Enfado,48,Roca Afilada,53,Hiperrayo,,,,,,,,,,,,,,,,,,,,,,,,,,,,,,,,,,,,,,,,,,,,,,,,,,,,,,,,,Tóxico,Día Soleado,Mofa,Hiperrayo,Protección,Danza Lluvia,Cola Férrea,Terremoto,Excavar,Demolición,Doble Equipo,Tormenta Arena,Tumba Rocas,Tormento,Atracción,Vendetta,Pulimento,Roca Afilada,Trampa Rocas,Alarido,Pulso Umbrío,Avalancha,Vozarrón,Golpe Roca,,,,,,,,,,,,,,,,,,,,,,,,,,,,,,,,,,,,,,,,,,,,,,,,,,,,,,,,,,,,,,,,,,,,,,,,,,,,,,,,,,,,,,,,,,,,,,,,,,,,,,,,,,,,,,,,,,,,,,,,,,,,,,,,,,,,Pisotón,Poder Pasado,Maldición,Enfado,Foco Energía,Danza Dragón,Defensa Férrea,Buena Baza,Cabeza de Hierro,,,,,,,,,,,,,,,,,,,,,,,,,,,,,,,,,,,,,,,,,,,,,,,,,,,,,,,,,,,,,,,,,,,,,,,,,,,,,,,,,,,,,,,,,,,,Ronquido,Terratemblor,Bofetón Lodo,Rencor,Alboroto,Poder Pasado,Defensa Férrea,Cabeza de Hierro,Puño Incremento,Fuerza Bruta,Enfado,Tierra Viva,,,,,,,,,,,,,,,,,,,,,,,,,,,,,,,,,,,,,,,,,,,,,,,,,,,,,,,,,,,,,,,,,,,,,,,,,,,,,,,,,,,,,,,,
Tyranitar,248,248,0,Roca,Siniestro,Monster,Monster,Ningún objeto,Ningún objeto,Ningún objeto,Chorro Arena,Chorro Arena,Intimidación,100,134,110,95,100,61,1,Lanzarrocas,1,Malicioso,1,Placaje,1,Colmillo Ígneo,1,Colmillo Hielo,1,Colmillo Rayo,1,Defensa Férrea,1,Chirrido,1,Mordisco,4,Tormenta Arena,10,Tumba Rocas,13,Terratemblor,16,Cara Susto,18,Pataleta,19,Avalancha,22,Golpe,24,Pulso Umbrío,25,Triturar,28,Vendetta,33,Danza Dragón,38,Terremoto,43,Enfado,48,Roca Afilada,54,Hiperrayo,60,Gigaimpacto,,,,,,,,,,,,,,,,,,,,,,,,,,,,,,,,,,,,,,,,,,,,,,,,,,,Puño Certero,Garra Dragón,Hidropulso,Rugido,Tóxico,Día Soleado,Mofa,Rayo Hielo,Ventisca,Hiperrayo,Protección,Danza Lluvia,Cola Férrea,Rayo,Trueno,Terremoto,Excavar,Demolición,Doble Equipo,Onda Voltio,Lanzallamas,Tormenta Arena,Llamarada,Tumba Rocas,Golpe Aéreo,Tormento,Atracción,Onda Certera,Lanzamiento,Pulso Dragón,Garra Umbría,Vendetta,Gigaimpacto,Pulimento,Roca Afilada,Alud,Onda Trueno,Trampa Rocas,Alarido,Pulso Umbrío,Avalancha,Vozarrón,Corte,Surf,Fuerza,Golpe Roca,Treparrocas,,,,,,,,,,,,,,,,,,,,,,,,,,,,,,,,,,,,,,,,,,,,,,,,,,,,,,,,,,,,,,,,,,,,,,,,,,,,,,,,,,,,,,,,,,,,,,,,,,,,,,,,,,,,,Pisotón,Poder Pasado,Maldición,Enfado,Foco Energía,Danza Dragón,Defensa Férrea,Buena Baza,Cabeza de Hierro,,,,,,,,,,,,,,,,,,,,,,,,,,,,,,,,,,,,,,,,,,,,,,,,,,,,,,,,,,,,,,,,,,,,,,,,,,,,,,,,,,,,,,,,,,,,Ronquido,Terratemblor,Bofetón Lodo,Bloqueo,Corte Furia,Rencor,Alboroto,Pataleta,Poder Pasado,Puño Fuego,Puño Hielo,Puño Trueno,Defensa Férrea,Sísmico,Patada Baja,Cabeza de Hierro,Acua Cola,Puño Incremento,Fuerza Bruta,Juego Sucio,Enfado,Tierra Viva,,,,,,,,,,,,,,,,,,,,,,,,,,,,,,,,,,,,,,,,,,,,,,,,,,,,,,,,,,,,,,,,,,,,,,,,,,,,,,
Lugia,249,249,0,Psíquico,Volador,No Eggs,No Eggs,Ningún objeto,Ningún objeto,Ningún objeto,Presión,Presión,Multiescamas,106,90,130,90,154,110,1,Danza Lluvia,1,Meteorobola,1,Remolino,1,Tornado,6,Paz Mental,9,Neblina,10,Paranormal,22,Poder Pasado,26,Velo Sagrado,30,Recuperación,34,Premonición,38,Hidrobomba,42,Carga Dragón,46,Aerochorro,50,Ataque Aéreo,,,,,,,,,,,,,,,,,,,,,,,,,,,,,,,,,,,,,,,,,,,,,,,,,,,,,,,,,,,,,,,,,,,,,,,Hidropulso,Paz Mental,Rugido,Tóxico,Granizo,Día Soleado,Rayo Hielo,Ventisca,Hiperrayo,Pantalla de Luz,Protección,Danza Lluvia,Gigadrenado,Velo Sagrado,Cola Férrea,Rayo,Trueno,Terremoto,Psíquico,Bola Sombra,Doble Equipo,Reflejo,Onda Voltio,Tormenta Arena,Golpe Aéreo,Descanso,Ala de Acero,Intercambio,Respiro,Escaldar,Voltio Cruel,Aguante,Pulso Dragón,Gigaimpacto,Destello,Alud,Onda Trueno,Autosugestión,Vozarrón,Brillo Mágico,Vendaval,Vuelo,Surf,Fuerza,Despejar,Golpe Roca,Cascada,,,,,,,,,,,,,,,,,,,,,,,,,,,,,,,,,,,,,,,,,,,,,,,,,,,,,,,,,,,,,,,,,,,,,,,,,,,,,,,,,,,,,,,,,,,,,,,,,,,,,,,,,,,,,,,,,,,,,,,,,,,,,,,,,,,,,,,,,,,,,,,,,,,,,,,,,,,,,,,,,,,,,,,,,,,,,,,,,,,,,,,,,,,,,,,,,,,,,,,,,,,,,,,,,Ronquido,Refuerzo,Terratemblor,Aire Afilado,Bofetón Lodo,Ala Bis,Aguzar,Rayo Señal,Poder Pasado,Viento Aciago,Zona Extraña,Buceo,Ataque Aéreo,Viento Afín,Cabezazo Zen,Meteoros,Cabeza de Hierro,Truco,Acua Cola,Viento Hielo,Electrocañón,Ciclón,Tierra Viva,,,,,,,,,,,,,,,,,,,,,,,,,,,,,,,,,,,,,,,,,,,,,,,,,,,,,,,,,,,,,,,,,,,,,,,,,,,,,
Ho-Oh,250,250,0,Fuego,Volador,No Eggs,No Eggs,Ceniza Sagrada,Ceniza Sagrada,Ceniza Sagrada,Presión,Presión,Regeneración,106,130,90,110,154,90,1,Día Soleado,1,Meteorobola,1,Remolino,1,Tornado,6,Paz Mental,9,Gota Vital,10,Paranormal,22,Poder Pasado,26,Velo Sagrado,30,Recuperación,34,Premonición,38,Llamarada,42,Pájaro Osado,46,Fuego Sagrado,50,Ataque Aéreo,99,Llama Final,,,,,,,,,,,,,,,,,,,,,,,,,,,,,,,,,,,,,,,,,,,,,,,,,,,,,,,,,,,,,,,,,,,,,Paz Mental,Rugido,Tóxico,Día Soleado,Hiperrayo,Pantalla de Luz,Protección,Danza Lluvia,Gigadrenado,Velo Sagrado,Rayo Solar,Rayo,Trueno,Terremoto,Psíquico,Bola Sombra,Doble Equipo,Reflejo,Onda Voltio,Lanzallamas,Tormenta Arena,Llamarada,Golpe Aéreo,Descanso,Ala de Acero,Sofoco,Respiro,Voltio Cruel,Aguante,Fuego Fatuo,Gigaimpacto,Destello,Onda Trueno,Autosugestión,Vozarrón,Brillo Mágico,Vendaval,Vuelo,Fuerza,Despejar,Golpe Roca,,,,,,,,,,,,,,,,,,,,,,,,,,,,,,,,,,,,,,,,,,,,,,,,,,,,,,,,,,,,,,,,,,,,,,,,,,,,,,,,,,,,,,,,,,,,,,,,,,,,,,,,,,,,,,,,,,,,,,,,,,,,,,,,,,,,,,,,,,,,,,,,,,,,,,,,,,,,,,,,,,,,,,,,,,,,,,,,,,,,,,,,,,,,,,,,,,,,,,,,,,,,,,,,,,,,,,,Ronquido,Refuerzo,Terratemblor,Aire Afilado,Bofetón Lodo,Ala Bis,Aguzar,Rayo Señal,Poder Pasado,Viento Aciago,Ataque Aéreo,Viento Afín,Cabezazo Zen,Meteoros,Cabeza de Hierro,Arenas Ardientes,Onda Ígnea,Electrocañón,Ciclón,Tierra Viva,,,,,,,,,,,,,,,,,,,,,,,,,,,,,,,,,,,,,,,,,,,,,,,,,,,,,,,,,,,,,,,,,,,,,,,,,,,,,,,,
Celebi,251,251,0,Psíquico,Planta,No Eggs,No Eggs,Baya Ziuela,Baya Ziuela,Baya Ziuela,Cura Natural,Cura Natural,Cura Natural,100,100,100,100,100,100,1,Cascabel Cura,1,Confusión,1,Drenadoras,1,Recuperación,6,Velo Sagrado,10,Hoja Mágica,14,Poder Pasado,18,Relevo,30,Psíquico,34,Premonición,38,Maquinación,40,Gota Vital,42,Deseo Cura,46,Canto Mortal,50,Lluevehojas,,,,,,,,,,,,,,,,,,,,,,,,,,,,,,,,,,,,,,,,,,,,,,,,,,,,,,,,,,,,,,,,,,,,,,,Hidropulso,Paz Mental,Tóxico,Día Soleado,Hiperrayo,Pantalla de Luz,Protección,Danza Lluvia,Gigadrenado,Velo Sagrado,Comesueños,Rayo Solar,Psíquico,Bola Sombra,Doble Equipo,Reflejo,Onda Voltio,Tormenta Arena,Golpe Aéreo,Intercambio,Energibola,Lanzamiento,Voltio Cruel,Maquinación,Gigaimpacto,Destello,Onda Trueno,Danza Espada,Trampa Rocas,Autosugestión,Brillo Mágico,Hierba Lazo,Ida y Vuelta,Espacio Raro,Corte,,,,,,,,,,,,,,,,,,,,,,,,,,,,,,,,,,,,,,,,,,,,,,,,,,,,,,,,,,,,,,,,,,,,,,,,,,,,,,,,,,,,,,,,,,,,,,,,,,,,,,,,,,,,,,,,,,,,,,,,,,,,,,,,,,,,,,,,,,,,,,,,,,,,,,,,,,,,,,,,,,,,,,,,,,,,,,,,,,,,,,,,,,,,,,,,,,,,,,,,,,,,,,,,,,,,,,,,,,,,,Ronquido,Refuerzo,Cambio de Banda,Abatidoras,Bofetón Lodo,Ala Bis,Aguzar,Cascabel Cura,Alboroto,Rayo Señal,Síntesis,Poder Pasado,Zona Mágica,Zona Extraña,Cabezazo Zen,Bomba Germen,Capa Mágica,Meteoros,Truco,Golpe Bajo,Última Baza,Tierra Viva,,,,,,,,,,,,,,,,,,,,,,,,,,,,,,,,,,,,,,,,,,,,,,,,,,,,,,,,,,,,,,,,,,,,,,,,,,,,,,
Treecko,252,252,0,Planta,,Monster,Dragon,Ningún objeto,Ningún objeto,Ningún objeto,Liviano,Experto,Ventosas,40,45,35,65,55,70,1,Malicioso,1,Destructor,3,Follaje,5,Absorber,8,Ataque Rápido,11,Megaagotar,14,Dragoaliento,15,Anticipo,17,Agilidad,18,Buena Baza,20,Gigadrenado,23,Atizar,27,Doble Equipo,29,Detección,32,Energibola,35,Triturar,38,Chirrido,41,Esfuerzo,44,Lluevehojas,,,,,,,,,,,,,,,,,,,,,,,,,,,,,,,,,,,,,,,,,,,,,,,,,,,,,,,,,,,,,,,Puño Certero,Tóxico,Semilladora,Poder Oculto,Día Soleado,Protección,Gigadrenado,Velo Sagrado,Rayo Solar,Cola Férrea,Excavar,Demolición,Doble Equipo,Tumba Rocas,Golpe Aéreo,Atracción,Energibola,Falso Tortazo,Lanzamiento,Puño Drenaje,Destello,Danza Espada,Avalancha,Hierba Lazo,Corte,Fuerza,Golpe Roca,,,,,,,,,,,,,,,,,,,,,,,,,,,,,,,,,,,,,,,,,,,,,,,,,,,,,,,,,,,,,,,,,,,,,,,,,,,,,,,,,,,,,,,,,,,,,,,,,,,,,,,,,,,,,,,,,,,,,,,,,,,,,,,,,Absorber,Cuchillada,Tajo Umbrío,Doble Patada,Dragoaliento,Drenadoras,Abatidoras,Síntesis,Triturar,Esfuerzo,Garra Brutal,Hoja Mágica,Lluevehojas,Campo de Hierba,Silbato,Viento Cortante,,,,,,,,,,,,,,,,,,,,,,,,,,,,,,,,,,,,,,,,,,,,,,,,,,,,,,,,,,,,,,,,,,,,,,,,,,,,,,,,,,,,,Ronquido,Abatidoras,Bofetón Lodo,Corte Furia,Síntesis,Puño Trueno,Sísmico,Bomba Germen,Meteoros,Patada Baja,Puño Incremento,Esfuerzo,,,,,,,,,,,,,,,,,,,,,,,,,,,,,,,,,,,,,,,,,,,,,,,,,,,,,,,,,,,,,,,,,,,,,,,,,,,,,,,,,,,,,,,,
Grovyle,253,253,0,Planta,,Monster,Dragon,Ningún objeto,Ningún objeto,Ningún objeto,Liviano,Experto,Ventosas,50,65,45,85,65,95,1,Follaje,1,Malicioso,1,Destructor,5,Absorber,8,Ataque Rápido,11,Megaagotar,14,Dragoaliento,15,Anticipo,16,Corte Furia,18,Agilidad,20,Buena Baza,22,Gigadrenado,26,Atizar,30,Hoja Aguda,34,Detección,35,Doble Equipo,38,Energibola,40,Triturar,42,Tijera X,46,Chirrido,50,Esfuerzo,54,Lluevehojas,,,,,,,,,,,,,,,,,,,,,,,,,,,,,,,,,,,,,,,,,,,,,,,,,,,,,,,,,Puño Certero,Tóxico,Semilladora,Poder Oculto,Día Soleado,Protección,Gigadrenado,Velo Sagrado,Rayo Solar,Cola Férrea,Puntapié,Excavar,Demolición,Doble Equipo,Tumba Rocas,Golpe Aéreo,Atracción,Energibola,Falso Tortazo,Lanzamiento,Puño Drenaje,Destello,Danza Espada,Avalancha,Tijera X,Hierba Lazo,Corte,Fuerza,Golpe Roca,,,,,,,,,,,,,,,,,,,,,,,,,,,,,,,,,,,,,,,,,,,,,,,,,,,,,,,,,,,,,,,,,,,,,,,,,,,,,,,,,,,,,,,,,,,,,,,,,,,,,,,,,,,,,,,,,,,,,,,,,,,,,,,Absorber,Cuchillada,Tajo Umbrío,Doble Patada,Dragoaliento,Drenadoras,Abatidoras,Síntesis,Triturar,Esfuerzo,Garra Brutal,Hoja Mágica,Lluevehojas,Campo de Hierba,Silbato,Viento Cortante,,,,,,,,,,,,,,,,,,,,,,,,,,,,,,,,,,,,,,,,,,,,,,,,,,,,,,,,,,,,,,,,,,,,,,,,,,,,,,,,,,,,,Ronquido,Abatidoras,Bofetón Lodo,Corte Furia,Síntesis,Puño Trueno,Sísmico,Bomba Germen,Meteoros,Patada Baja,Puño Incremento,Esfuerzo,,,,,,,,,,,,,,,,,,,,,,,,,,,,,,,,,,,,,,,,,,,,,,,,,,,,,,,,,,,,,,,,,,,,,,,,,,,,,,,,,,,,,,,,
Sceptile,254,254,0,Planta,Dragón,Monster,Dragon,Ningún objeto,Ningún objeto,Ningún objeto,Liviano,Experto,Pararrayos,70,95,65,105,80,120,0,Golpe Bis,1,Follaje,1,Malicioso,1,Destructor,1,Golpe Bis,1,Tajo Umbrío,1,Enfado,5,Absorber,8,Ataque Rápido,11,Megaagotar,14,Dragoaliento,15,Anticipo,16,Corte Furia,18,Agilidad,20,Buena Baza,22,Gigadrenado,26,Atizar,30,Hoja Aguda,34,Detección,35,Doble Equipo,36,Pulso Dragón,39,Energibola,42,Triturar,44,Tijera X,49,Chirrido,54,Esfuerzo,59,Lluevehojas,,,,,,,,,,,,,,,,,,,,,,,,,,,,,,,,,,,,,,,,,,,,,,,Puño Certero,Garra Dragón,Rugido,Tóxico,Semilladora,Poder Oculto,Día Soleado,Hiperrayo,Protección,Gigadrenado,Velo Sagrado,Rayo Solar,Cola Férrea,Rayo,Trueno,Terremoto,Puntapié,Excavar,Demolición,Doble Equipo,Tumba Rocas,Golpe Aéreo,Atracción,Onda Certera,Energibola,Falso Tortazo,Lanzamiento,Pulso Dragón,Puño Drenaje,Gigaimpacto,Destello,Danza Espada,Avalancha,Tijera X,Vozarrón,Hierba Lazo,Corte,Fuerza,Golpe Roca,Treparrocas,,,,,,,,,,,,,,,,,,,,,,,,,,,,,,,,,,,,,,,,,,,,,,,,,,,,,,,,,,,,,,,,,,,,,,,,,,,,,,,,,,,,,,,,,,,,,,,,,,,,,,,,,,,,,,,,,,,,Absorber,Cuchillada,Tajo Umbrío,Doble Patada,Dragoaliento,Drenadoras,Abatidoras,Síntesis,Triturar,Esfuerzo,Garra Brutal,Hoja Mágica,Lluevehojas,Campo de Hierba,Silbato,Viento Cortante,,,,,,,,,,,,,,,,,,,,,,,,,,,,,,,,,,,,,,,,,,,,,,,,,,,,,,,,,,,,,,,,,,,,,,,,,,,,,,,,,,,,,Ronquido,Terratemblor,Abatidoras,Bofetón Lodo,Aguzar,Corte Furia,Síntesis,Puño Trueno,Sísmico,Bomba Germen,Meteoros,Patada Baja,Golpe Bis,Puño Incremento,Cometa Draco,Esfuerzo,Enfado,,,,,,,,,,,,,,,,,,,,,,,,,,,,,,,,,,,,,,,,,,,,,,,,,,,,,,,,,,,,,,,,,,,,,,,,,,,,,,,,,,,
Torchic,255,255,0,Fuego,,Field,Field,Ningún objeto,Ningún objeto,Ningún objeto,Impulso,Mar Llamas,Vista Lince,45,60,40,70,50,45,1,Gruñido,1,Arañazo,5,Ascuas,8,Ataque Arena,9,Nitrocarga,11,Picotazo,12,Detección,14,Giro Fuego,17,Ataque Rápido,18,Golpe Aéreo,20,Relevo,23,Foco Energía,26,Danza Pluma,29,Lanzallamas,32,Cuchillada,32,Tajo Umbrío,35,Bote,36,Inversión,38,Última Baza,41,Envite Ígneo,44,Llamarada,,,,,,,,,,,,,,,,,,,,,,,,,,,,,,,,,,,,,,,,,,,,,,,,,,,,,,,,,,,Tóxico,Poder Oculto,Día Soleado,Protección,Excavar,Doble Equipo,Lanzallamas,Llamarada,Tumba Rocas,Golpe Aéreo,Atracción,Sofoco,Fuego Fatuo,Garra Umbría,Danza Espada,Avalancha,Corte,Fuerza,Golpe Roca,,,,,,,,,,,,,,,,,,,,,,,,,,,,,,,,,,,,,,,,,,,,,,,,,,,,,,,,,,,,,,,,,,,,,,,,,,,,,,,,,,,,,,,,,,,,,,,,,,,,,,,,,,,,,,,,,,,,,,,,,,,,,,,,,,,,,,,,,Picotazo,Garra Brutal,Maldición,Contraataque,Amago,Última Baza,Tajo Umbrío,Inversión,Relevo,Agilidad,Danza Pluma,Patada Baja,,,,,,,,,,,,,,,,,,,,,,,,,,,,,,,,,,,,,,,,,,,,,,,,,,,,,,,,,,,,,,,,,,,,,,,,,,,,,,,,,,,,,,,,,Ronquido,Refuerzo,Bofetón Lodo,Sísmico,Bote,Meteoros,Patada Baja,Onda Ígnea,Última Baza,,,,,,,,,,,,,,,,,,,,,,,,,,,,,,,,,,,,,,,,,,,,,,,,,,,,,,,,,,,,,,,,,,,,,,,,,,,,,,,,,,,,,,,,,,,
Combusken,256,256,0,Fuego,Lucha,Field,Field,Ningún objeto,Ningún objeto,Ningún objeto,Impulso,Mar Llamas,Vista Lince,60,85,60,85,60,55,0,Doble Patada,1,Gruñido,1,Arañazo,1,Danza Pluma,1,Doble Patada,5,Ascuas,8,Ataque Arena,9,Nitrocarga,11,Picotazo,12,Detección,14,Corpulencia,16,Doble Patada,18,Ataque Rápido,20,Golpe Aéreo,22,Puño Fuego,26,Foco Energía,30,Gancho Alto,34,Lanzallamas,38,Cuchillada,38,Tajo Umbrío,40,Patada Ígnea,42,Bote,46,Fuerza Bruta,50,Inversión,54,Envite Ígneo,,,,,,,,,,,,,,,,,,,,,,,,,,,,,,,,,,,,,,,,,,,,,,,,,,,Puño Certero,Tóxico,Corpulencia,Poder Oculto,Día Soleado,Protección,Puntapié,Excavar,Demolición,Doble Equipo,Lanzallamas,Llamarada,Tumba Rocas,Golpe Aéreo,Atracción,Sofoco,Onda Certera,Lanzamiento,Fuego Fatuo,Garra Umbría,Danza Espada,Avalancha,Puya Nociva,Corte,Fuerza,Golpe Roca,,,,,,,,,,,,,,,,,,,,,,,,,,,,,,,,,,,,,,,,,,,,,,,,,,,,,,,,,,,,,,,,,,,,,,,,,,,,,,,,,,,,,,,,,,,,,,,,,,,,,,,,,,,,,,,,,,,,,,,,,,,,,,,,,,Picotazo,Garra Brutal,Maldición,Contraataque,Amago,Última Baza,Tajo Umbrío,Inversión,Relevo,Agilidad,Danza Pluma,Patada Baja,,,,,,,,,,,,,,,,,,,,,,,,,,,,,,,,,,,,,,,,,,,,,,,,,,,,,,,,,,,,,,,,,,,,,,,,,,,,,,,,,,,,,,,,,Ronquido,Refuerzo,Bofetón Lodo,Corte Furia,Puño Fuego,Puño Trueno,Sísmico,Bote,Meteoros,Patada Baja,Golpe Bis,Onda Vacío,Puño Incremento,Onda Ígnea,Última Baza,,,,,,,,,,,,,,,,,,,,,,,,,,,,,,,,,,,,,,,,,,,,,,,,,,,,,,,,,,,,,,,,,,,,,,,,,,,,,,,,,,,,,
Blaziken,257,257,0,Fuego,Lucha,Field,Field,Ningún objeto,Ningún objeto,Ningún objeto,Impulso,Mar Llamas,Audaz,80,120,75,110,70,80,1,Gruñido,1,Arañazo,1,Danza Pluma,1,A Bocajarro,1,Pat. Salto Alta,1,Puño Trueno,5,Ascuas,8,Ataque Arena,9,Nitrocarga,11,Picotazo,12,Detección,14,Corpulencia,16,Doble Patada,18,Ataque Rápido,20,Golpe Aéreo,22,Puño Fuego,26,Foco Energía,30,Gancho Alto,34,Lanzallamas,36,Patada Ígnea,39,Cuchillada,39,Tajo Umbrío,44,Bote,49,Fuerza Bruta,54,Pájaro Osado,56,Inversión,59,Envite Ígneo,,,,,,,,,,,,,,,,,,,,,,,,,,,,,,,,,,,,,,,,,,,,,,,Puño Certero,Rugido,Tóxico,Corpulencia,Poder Oculto,Día Soleado,Hiperrayo,Protección,Rayo Solar,Terremoto,Puntapié,Excavar,Demolición,Doble Equipo,Lanzallamas,Llamarada,Tumba Rocas,Golpe Aéreo,Atracción,Sofoco,Onda Certera,Lanzamiento,Fuego Fatuo,Garra Umbría,Gigaimpacto,Roca Afilada,Danza Espada,Avalancha,Vozarrón,Puya Nociva,Ida y Vuelta,Corte,Fuerza,Golpe Roca,Treparrocas,,,,,,,,,,,,,,,,,,,,,,,,,,,,,,,,,,,,,,,,,,,,,,,,,,,,,,,,,,,,,,,,,,,,,,,,,,,,,,,,,,,,,,,,,,,,,,,,,,,,,,,,,,,,,,,,,,,,,,,,,Picotazo,Garra Brutal,Maldición,Contraataque,Amago,Última Baza,Tajo Umbrío,Inversión,Relevo,Agilidad,Danza Pluma,Patada Baja,,,,,,,,,,,,,,,,,,,,,,,,,,,,,,,,,,,,,,,,,,,,,,,,,,,,,,,,,,,,,,,,,,,,,,,,,,,,,,,,,,,,,,,,,Ronquido,Refuerzo,Terratemblor,Bofetón Lodo,Aguzar,Corte Furia,Puño Fuego,Puño Trueno,Sísmico,Bote,Imitación,Meteoros,Patada Baja,Golpe Bis,Arenas Ardientes,Onda Vacío,Puño Incremento,Onda Ígnea,Fuerza Bruta,Desarme,Última Baza,,,,,,,,,,,,,,,,,,,,,,,,,,,,,,,,,,,,,,,,,,,,,,,,,,,,,,,,,,,,,,,,,,,,,,,,,,,,,,,
Mudkip,258,258,0,Agua,,Monster,Water 1,Ningún objeto,Ningún objeto,Ningún objeto,Torrente,Humedad,Nado Rápido,50,70,50,50,50,40,1,Gruñido,1,Placaje,5,Pistola Agua,6,Golpe Roca,8,Bofetón Lodo,15,Supersónico,18,Hidropulso,20,Lanzarrocas,21,Avalancha,23,Acua Cola,26,Protección,27,Amnesia,29,Derribo,30,Surf,32,Tierra Viva,33,Chirrido,35,Torbellino,38,Manto Espejo,41,Hidrobomba,44,Esfuerzo,,,,,,,,,,,,,,,,,,,,,,,,,,,,,,,,,,,,,,,,,,,,,,,,,,,,,,,,,,,,,Hidropulso,Tóxico,Granizo,Poder Oculto,Rayo Hielo,Ventisca,Protección,Danza Lluvia,Cola Férrea,Excavar,Doble Equipo,Tumba Rocas,Atracción,Salmuera,Alud,Avalancha,Surf,Fuerza,Golpe Roca,Cascada,,,,,,,,,,,,,,,,,,,,,,,,,,,,,,,,,,,,,,,,,,,,,,,,,,,,,,,,,,,,,,,,,,,,,,,,,,,,,,,,,,,,,,,,,,,,,,,,,,,,,,,,,,,,,,,,,,,,,,,,,,,,,,,,,,,,,,,,Bofetón Lodo,Mordisco,Poder Pasado,Contraataque,Maldición,Doble Filo,Manto Espejo,Residuos,Pisotón,Vasta Guardia,Bostezo,Alboroto,Torbellino,Bomba Fango,,,,,,,,,,,,,,,,,,,,,,,,,,,,,,,,,,,,,,,,,,,,,,,,,,,,,,,,,,,,,,,,,,,,,,,,,,,,,,,,,,,,,,,Ronquido,Rodar,Bofetón Lodo,Alboroto,Poder Pasado,Buceo,Patada Baja,Acua Cola,Viento Hielo,Fuerza Bruta,Esfuerzo,Tierra Viva,,,,,,,,,,,,,,,,,,,,,,,,,,,,,,,,,,,,,,,,,,,,,,,,,,,,,,,,,,,,,,,,,,,,,,,,,,,,,,,,,,,,,,,,
Marshtomp,259,259,0,Agua,Tierra,Monster,Water 1,Ningún objeto,Ningún objeto,Ningún objeto,Torrente,Humedad,Nado Rápido,70,85,70,60,70,50,0,Disparo Lodo,1,Pistola Agua,1,Gruñido,1,Placaje,1,Disparo Lodo,5,Pistola Agua,8,Bofetón Lodo,9,Lanzarrocas,15,Supersónico,16,Terratemblor,20,Hidropulso,22,Avalancha,22,Bomba Fango,26,Acua Cola,30,Protección,34,Derribo,35,Amnesia,38,Terremoto,42,Agua Lodosa,45,Chirrido,46,Manto Espejo,50,Hidrobomba,54,Esfuerzo,,,,,,,,,,,,,,,,,,,,,,,,,,,,,,,,,,,,,,,,,,,,,,,,,,,,,,,Puño Certero,Hidropulso,Tóxico,Granizo,Poder Oculto,Rayo Hielo,Ventisca,Protección,Danza Lluvia,Cola Férrea,Terremoto,Excavar,Demolición,Doble Equipo,Tumba Rocas,Atracción,Salmuera,Lanzamiento,Alud,Trampa Rocas,Avalancha,Vozarrón,Surf,Fuerza,Golpe Roca,Cascada,,,,,,,,,,,,,,,,,,,,,,,,,,,,,,,,,,,,,,,,,,,,,,,,,,,,,,,,,,,,,,,,,,,,,,,,,,,,,,,,,,,,,,,,,,,,,,,,,,,,,,,,,,,,,,,,,,,,,,,,,,,,,,,,,,Bofetón Lodo,Mordisco,Poder Pasado,Contraataque,Maldición,Doble Filo,Manto Espejo,Residuos,Pisotón,Vasta Guardia,Bostezo,Alboroto,Torbellino,Bomba Fango,,,,,,,,,,,,,,,,,,,,,,,,,,,,,,,,,,,,,,,,,,,,,,,,,,,,,,,,,,,,,,,,,,,,,,,,,,,,,,,,,,,,,,,Ronquido,Terratemblor,Rodar,Bofetón Lodo,Alboroto,Poder Pasado,Puño Hielo,Sísmico,Buceo,Patada Baja,Acua Cola,Puño Incremento,Viento Hielo,Fuerza Bruta,Esfuerzo,Tierra Viva,,,,,,,,,,,,,,,,,,,,,,,,,,,,,,,,,,,,,,,,,,,,,,,,,,,,,,,,,,,,,,,,,,,,,,,,,,,,,,,,,,,,
Swampert,260,260,0,Agua,Tierra,Monster,Water 1,Ningún objeto,Ningún objeto,Ningún objeto,Torrente,Humedad,Nado Rápido,100,110,90,85,90,60,1,Pistola Agua,1,Gruñido,1,Placaje,1,Machada,1,Disparo Lodo,1,Maldición,5,Pistola Agua,8,Bofetón Lodo,9,Lanzarrocas,15,Supersónico,16,Terratemblor,20,Hidropulso,22,Avalancha,22,Bomba Fango,26,Acua Cola,30,Protección,34,Derribo,35,Amnesia,36,Machada,39,Terremoto,44,Agua Lodosa,49,Manto Espejo,49,Chirrido,54,Hidrobomba,59,Esfuerzo,,,,,,,,,,,,,,,,,,,,,,,,,,,,,,,,,,,,,,,,,,,,,,,,,,,Puño Certero,Hidropulso,Rugido,Tóxico,Granizo,Corpulencia,Poder Oculto,Rayo Hielo,Ventisca,Hiperrayo,Protección,Danza Lluvia,Cola Férrea,Terremoto,Excavar,Demolición,Doble Equipo,Tumba Rocas,Atracción,Salmuera,Onda Certera,Lanzamiento,Gigaimpacto,Roca Afilada,Alud,Trampa Rocas,Avalancha,Vozarrón,Surf,Fuerza,Golpe Roca,Cascada,Treparrocas,,,,,,,,,,,,,,,,,,,,,,,,,,,,,,,,,,,,,,,,,,,,,,,,,,,,,,,,,,,,,,,,,,,,,,,,,,,,,,,,,,,,,,,,,,,,,,,,,,,,,,,,,,,,,,,,,,,,,,,,,,,Bofetón Lodo,Mordisco,Poder Pasado,Contraataque,Maldición,Doble Filo,Manto Espejo,Residuos,Pisotón,Vasta Guardia,Bostezo,Alboroto,Torbellino,Bomba Fango,,,,,,,,,,,,,,,,,,,,,,,,,,,,,,,,,,,,,,,,,,,,,,,,,,,,,,,,,,,,,,,,,,,,,,,,,,,,,,,,,,,,,,,Ronquido,Terratemblor,Rodar,Bofetón Lodo,Alboroto,Pataleta,Poder Pasado,Puño Hielo,Sísmico,Buceo,Patada Baja,Acua Cola,Puño Incremento,Viento Hielo,Fuerza Bruta,Esfuerzo,Enfado,Tierra Viva,,,,,,,,,,,,,,,,,,,,,,,,,,,,,,,,,,,,,,,,,,,,,,,,,,,,,,,,,,,,,,,,,,,,,,,,,,,,,,,,,,
Poochyena,261,261,0,Siniestro,,Field,Field,Ningún objeto,Ningún objeto,Ningún objeto,Fuga,Mandíbula Fuerte,Cobardía,35,75,35,30,30,65,1,Placaje,1,Aullido,1,Ataque Arena,7,Mordisco,13,Bofetón Lodo,13,Buena Baza,16,Rugido,19,Contoneo,22,Triturar,25,Cara Susto,28,Golpe Cabeza,28,Embargo,31,Mofa,34,Bostezo,37,Derribo,40,Carantoña,43,Golpe Bajo,,,,,,,,,,,,,,,,,,,,,,,,,,,,,,,,,,,,,,,,,,,,,,,,,,,,,,,,,,,,,,,,,,,Rugido,Tóxico,Día Soleado,Mofa,Protección,Danza Lluvia,Cola Férrea,Excavar,Bola Sombra,Doble Equipo,Tormento,Atracción,Ladrón,Maquinación,Vendetta,Alarido,Pulso Umbrío,Golpe Roca,,,,,,,,,,,,,,,,,,,,,,,,,,,,,,,,,,,,,,,,,,,,,,,,,,,,,,,,,,,,,,,,,,,,,,,,,,,,,,,,,,,,,,,,,,,,,,,,,,,,,,,,,,,,,,,,,,,,,,,,,,,,,,,,,,,,,,,,,,Impresionar,Colmillo Veneno,Antojo,Malicioso,Bostezo,Golpe Bajo,Colmillo Hielo,Colmillo Ígneo,Colmillo Rayo,Carantoña,,,,,,,,,,,,,,,,,,,,,,,,,,,,,,,,,,,,,,,,,,,,,,,,,,,,,,,,,,,,,,,,,,,,,,,,,,,,,,,,,,,,,,,,,,,Ronquido,Antojo,Bofetón Lodo,Rencor,Alboroto,Golpe Bajo,Juego Sucio,Superdiente,,,,,,,,,,,,,,,,,,,,,,,,,,,,,,,,,,,,,,,,,,,,,,,,,,,,,,,,,,,,,,,,,,,,,,,,,,,,,,,,,,,,,,,,,,,,
Mightyena,262,262,0,Siniestro,,Field,Field,Ningún objeto,Ningún objeto,Ningún objeto,Intimidación,Mandíbula Fuerte,Autoestima,70,110,70,60,60,100,0,Alarido,1,Ataque Arena,1,Aullido,1,Placaje,1,Colmillo Ígneo,1,Colmillo Hielo,1,Colmillo Rayo,1,Colmillo Veneno,1,Golpe Bajo,1,Alarido,7,Mordisco,13,Bofetón Lodo,13,Buena Baza,16,Rugido,19,Contoneo,23,Triturar,27,Cara Susto,32,Golpe Cabeza,32,Embargo,35,Mofa,39,Bostezo,43,Derribo,47,Carantoña,51,Golpe Bajo,,,,,,,,,,,,,,,,,,,,,,,,,,,,,,,,,,,,,,,,,,,,,,,,,,,,,Rugido,Tóxico,Día Soleado,Mofa,Hiperrayo,Protección,Danza Lluvia,Cola Férrea,Excavar,Bola Sombra,Doble Equipo,Tormento,Atracción,Ladrón,Maquinación,Vendetta,Gigaimpacto,Alarido,Pulso Umbrío,Fuerza,Golpe Roca,,,,,,,,,,,,,,,,,,,,,,,,,,,,,,,,,,,,,,,,,,,,,,,,,,,,,,,,,,,,,,,,,,,,,,,,,,,,,,,,,,,,,,,,,,,,,,,,,,,,,,,,,,,,,,,,,,,,,,,,,,,,,,,,,,,,,,,Impresionar,Colmillo Veneno,Antojo,Malicioso,Bostezo,Golpe Bajo,Colmillo Hielo,Colmillo Ígneo,Colmillo Rayo,Carantoña,,,,,,,,,,,,,,,,,,,,,,,,,,,,,,,,,,,,,,,,,,,,,,,,,,,,,,,,,,,,,,,,,,,,,,,,,,,,,,,,,,,,,,,,,,,Ronquido,Antojo,Bofetón Lodo,Aguzar,Rencor,Alboroto,Golpe Bajo,Juego Sucio,Superdiente,,,,,,,,,,,,,,,,,,,,,,,,,,,,,,,,,,,,,,,,,,,,,,,,,,,,,,,,,,,,,,,,,,,,,,,,,,,,,,,,,,,,,,,,,,,
Zigzagoon,263,263,0,Normal,,Field,Field,Poción,Ningún objeto,Revivir,Recogida,Gula,Pies Rápidos,38,40,41,30,41,60,1,Gruñido,1,Placaje,1,Látigo,1,Ataque Arena,7,Antojo,13,Golpe Cabeza,15,Ojitos Tiernos,16,Pin Misil,22,Azote,25,Derribo,28,Descanso,31,Doble Filo,34,Tambor,37,Lanzamiento,40,Superdiente,,,,,,,,,,,,,,,,,,,,,,,,,,,,,,,,,,,,,,,,,,,,,,,,,,,,,,,,,,,,,,,,,,,,,,,Hidropulso,Tóxico,Poder Oculto,Día Soleado,Rayo Hielo,Ventisca,Protección,Danza Lluvia,Cola Férrea,Rayo,Trueno,Excavar,Bola Sombra,Doble Equipo,Onda Voltio,Descanso,Atracción,Ladrón,Falso Tortazo,Lanzamiento,Voltio Cruel,Onda Trueno,Hierba Lazo,Ida y Vuelta,Corte,Surf,Golpe Roca,Treparrocas,,,,,,,,,,,,,,,,,,,,,,,,,,,,,,,,,,,,,,,,,,,,,,,,,,,,,,,,,,,,,,,,,,,,,,,,,,,,,,,,,,,,,,,,,,,,,,,,,,,,,,,,,,,,,,,,,,,,,,,,,,,,,,,,Cosquillas,Onda Simple,Veloc. Extrema,Encanto,Truco,Refuerzo,Bofetón Lodo,,,,,,,,,,,,,,,,,,,,,,,,,,,,,,,,,,,,,,,,,,,,,,,,,,,,,,,,,,,,,,,,,,,,,,,,,,,,,,,,,,,,,,,,,,,,,,Ronquido,Refuerzo,Antojo,Rodar,Bofetón Lodo,Corte Furia,Bomba Germen,Meteoros,Truco,Viento Hielo,Última Baza,Superdiente,Lanzamugre,,,,,,,,,,,,,,,,,,,,,,,,,,,,,,,,,,,,,,,,,,,,,,,,,,,,,,,,,,,,,,,,,,,,,,,,,,,,,,,,,,,,,,,
Linoone,264,264,0,Normal,,Field,Field,Poción,Ningún objeto,Revivir Máximo,Recogida,Gula,Pies Rápidos,85,85,70,50,70,110,0,Cuchillada,1,Látigo,1,Ataque Arena,1,Gruñido,1,Placaje,1,Ojitos Tiernos,1,Pin Misil,1,Trapicheo,1,Carantoña,1,Cuchillada,7,Antojo,13,Golpe Cabeza,15,Afilagarras,16,Golpes Furia,23,Cuchillada,27,Derribo,31,Descanso,35,Doble Filo,38,Azote,39,Tambor,43,Lanzamiento,47,Superdiente,51,Veloc. Extrema,,,,,,,,,,,,,,,,,,,,,,,,,,,,,,,,,,,,,,,,,,,,,,,,,,,,,,,Hidropulso,Rugido,Tóxico,Poder Oculto,Día Soleado,Rayo Hielo,Ventisca,Hiperrayo,Protección,Danza Lluvia,Cola Férrea,Rayo,Trueno,Excavar,Bola Sombra,Doble Equipo,Onda Voltio,Descanso,Atracción,Ladrón,Falso Tortazo,Lanzamiento,Voltio Cruel,Garra Umbría,Gigaimpacto,Onda Trueno,Hierba Lazo,Ida y Vuelta,Corte,Surf,Fuerza,Golpe Roca,Treparrocas,,,,,,,,,,,,,,,,,,,,,,,,,,,,,,,,,,,,,,,,,,,,,,,,,,,,,,,,,,,,,,,,,,,,,,,,,,,,,,,,,,,,,,,,,,,,,,,,,,,,,,,,,,,,,,,,,,,,,,,,,,,Cosquillas,Onda Simple,Veloc. Extrema,Encanto,Truco,Refuerzo,Bofetón Lodo,,,,,,,,,,,,,,,,,,,,,,,,,,,,,,,,,,,,,,,,,,,,,,,,,,,,,,,,,,,,,,,,,,,,,,,,,,,,,,,,,,,,,,,,,,,,,,Ronquido,Refuerzo,Antojo,Rodar,Bofetón Lodo,Corte Furia,Pataleta,Bomba Germen,Meteoros,Truco,Viento Hielo,Fuerza Bruta,Desarme,Última Baza,Juego Sucio,Superdiente,Lanzamugre,,,,,,,,,,,,,,,,,,,,,,,,,,,,,,,,,,,,,,,,,,,,,,,,,,,,,,,,,,,,,,,,,,,,,,,,,,,,,,,,,,,
Wurmple,265,265,0,Bicho,,Bug,Bug,Baya Meloc,Ningún objeto,Polvo Brillo,Polvo Escudo,Fuga,Ojo Compuesto,45,45,35,20,30,20,1,Disparo Demora,1,Placaje,1,Picotazo Veneno,1,Picadura,,,,,,,,,,,,,,,,,,,,,,,,,,,,,,,,,,,,,,,,,,,,,,,,,,,,,,,,,,,,,,,,,,,,,,,,,,,,,,,,,,,,,,,,,,,,,,,,,,,,,,,,,,,,,,,,,,,,,,,,,,,,,,,,,,,,,,,,,,,,,,,,,,,,,,,,,,,,,,,,,,,,,,,,,,,,,,,,,,,,,,,,,,,,,,,,,,,,,,,,,,,,,,,,,,,,,,,,,,,,,,,,,,,,,,,,,,,,,,,,,,,,,,,,,,,,,,,,,,,,,,,,,,,,,,,,,,,,,,,,,,,,,,,,,,,,,,,,,,,,,,,,,,,,,,,,,,,,,,,,,,,,,,,,,,,,,,,,,,,,,,,,,,,,Electrotela,,,,,,,,,,,,,,,,,,,,,,,,,,,,,,,,,,,,,,,,,,,,,,,,,,,,,,,,,,,,,,,,,,,,,,,,,,,,,,,,,,,,,,,,,,,,,,,,,,,
Silcoon,266,266,0,Bicho,,Bug,Bug,Ningún objeto,Ningún objeto,Ningún objeto,Mudar,Mudar,Mudar,50,35,55,25,25,15,0,Fortaleza,1,Fortaleza,7,Fortaleza,7,Defensa Férrea,,,,,,,,,,,,,,,,,,,,,,,,,,,,,,,,,,,,,,,,,,,,,,,,,,,,,,,,,,,,,,,,,,,,,,,,,,,,,,,,,,,,,,,,,,,,,,,,,,,,,,,,,,,,,,,,,,,,,,,,,,,,,,,,,,,,,,,,,,,,,,,,,,,,,,,,,,,,,,,,,,,,,,,,,,,,,,,,,,,,,,,,,,,,,,,,,,,,,,,,,,,,,,,,,,,,,,,,,,,,,,,,,,,,,,,,,,,,,,,,,,,,,,,,,,,,,,,,,,,,,,,,,,,,,,,,,,,,,,,,,,,,,,,,,,,,,,,,,,,,,,,,,,,,,,,,,,,,,,,,,,,,,,,,,,,,,,,,,,,,,,,,,,,,Electrotela,Defensa Férrea,,,,,,,,,,,,,,,,,,,,,,,,,,,,,,,,,,,,,,,,,,,,,,,,,,,,,,,,,,,,,,,,,,,,,,,,,,,,,,,,,,,,,,,,,,,,,,,,,,
Beautifly,267,267,0,Bicho,Volador,Bug,Bug,Ningún objeto,Ningún objeto,Muda Concha,Enjambre,Ensañamiento,Tenacidad,60,70,60,125,60,75,0,Tornado,1,Picadura,1,Picotazo Veneno,1,Fortaleza,1,Disparo Demora,1,Placaje,1,Absorber,1,Tornado,10,Tornado,11,Absorber,13,Paralizador,18,Megaagotar,18,Viento Plata,21,Aire Afilado,24,Sol Matinal,25,Chupavidas,27,Zumbido,30,Atracción,33,Gigadrenado,36,Tajo Aéreo,37,Protección,40,Danza Aleteo,42,Remolino,45,Vendaval,,,,,,,,,,,,,,,,,,,,,,,,,,,,,,,,,,,,,,,,,,,,,,,,,,,,,Tóxico,Día Soleado,Hiperrayo,Protección,Gigadrenado,Velo Sagrado,Comesueños,Rayo Solar,Psíquico,Bola Sombra,Doble Equipo,Golpe Aéreo,Atracción,Ladrón,Respiro,Energibola,Aguante,Zumbido,Gigaimpacto,Destello,Vendaval,Ida y Vuelta,Vuelo,Despejar,,,,,,,,,,,,,,,,,,,,,,,,,,,,,,,,,,,,,,,,,,,,,,,,,,,,,,,,,,,,,,,,,,,,,,,,,,,,,,,,,,,,,,,,,,,,,,,,,,,,,,,,,,,,,,,,,,,,,,,,,,,,,,,,,,,,,,,,,,,,,,,,,,,,,,,,,,,,,,,,,,,,,,,,,,,,,,,,,,,,,,,,,,,,,,,,,,,,,,,,,,,,,,,,,,,,,,,,,,,,,,,,,,,,,,,,Ronquido,Aire Afilado,Electrotela,Ala Bis,Aguzar,Rayo Señal,Viento Aciago,Defensa Férrea,Viento Afín,Meteoros,Chupavidas,Ciclón,,,,,,,,,,,,,,,,,,,,,,,,,,,,,,,,,,,,,,,,,,,,,,,,,,,,,,,,,,,,,,,,,,,,,,,,,,,,,,,,,,,,,,,,
Cascoon,268,268,0,Bicho,,Bug,Bug,Ningún objeto,Ningún objeto,Ningún objeto,Mudar,Mudar,Mudar,50,35,55,25,25,15,0,Fortaleza,1,Fortaleza,7,Fortaleza,7,Defensa Férrea,,,,,,,,,,,,,,,,,,,,,,,,,,,,,,,,,,,,,,,,,,,,,,,,,,,,,,,,,,,,,,,,,,,,,,,,,,,,,,,,,,,,,,,,,,,,,,,,,,,,,,,,,,,,,,,,,,,,,,,,,,,,,,,,,,,,,,,,,,,,,,,,,,,,,,,,,,,,,,,,,,,,,,,,,,,,,,,,,,,,,,,,,,,,,,,,,,,,,,,,,,,,,,,,,,,,,,,,,,,,,,,,,,,,,,,,,,,,,,,,,,,,,,,,,,,,,,,,,,,,,,,,,,,,,,,,,,,,,,,,,,,,,,,,,,,,,,,,,,,,,,,,,,,,,,,,,,,,,,,,,,,,,,,,,,,,,,,,,,,,,,,,,,,,Electrotela,Defensa Férrea,,,,,,,,,,,,,,,,,,,,,,,,,,,,,,,,,,,,,,,,,,,,,,,,,,,,,,,,,,,,,,,,,,,,,,,,,,,,,,,,,,,,,,,,,,,,,,,,,,
Dustox,269,269,0,Bicho,Veneno,Bug,Bug,Ningún objeto,Ningún objeto,Muda Concha,Polvo Escudo,Ojo Compuesto,Efecto Espora,60,50,75,75,115,75,0,Tornado,1,Picadura,1,Picotazo Veneno,1,Fortaleza,1,Disparo Demora,1,Placaje,1,Confusión,1,Tornado,10,Tornado,11,Confusión,13,Polvo Veneno,18,Psicorrayo,18,Viento Plata,20,Carga Tóxica,24,Luz Lunar,25,Chupavidas,27,Zumbido,30,Pantalla de Luz,33,Tóxico,36,Viento Afín,39,Protección,40,Danza Aleteo,42,Remolino,45,Vendaval,,,,,,,,,,,,,,,,,,,,,,,,,,,,,,,,,,,,,,,,,,,,,,,,,,,,,Tóxico,Día Soleado,Hiperrayo,Pantalla de Luz,Protección,Gigadrenado,Rayo Solar,Psíquico,Bola Sombra,Doble Equipo,Reflejo,Bomba Lodo,Golpe Aéreo,Atracción,Ladrón,Respiro,Energibola,Aguante,Zumbido,Gigaimpacto,Destello,Vendaval,Ida y Vuelta,Vuelo,Despejar,,,,,,,,,,,,,,,,,,,,,,,,,,,,,,,,,,,,,,,,,,,,,,,,,,,,,,,,,,,,,,,,,,,,,,,,,,,,,,,,,,,,,,,,,,,,,,,,,,,,,,,,,,,,,,,,,,,,,,,,,,,,,,,,,,,,,,,,,,,,,,,,,,,,,,,,,,,,,,,,,,,,,,,,,,,,,,,,,,,,,,,,,,,,,,,,,,,,,,,,,,,,,,,,,,,,,,,,,,,,,,,,,,,,,,,Ronquido,Aire Afilado,Electrotela,Ala Bis,Aguzar,Rayo Señal,Viento Aciago,Defensa Férrea,Viento Afín,Meteoros,Ciclón,,,,,,,,,,,,,,,,,,,,,,,,,,,,,,,,,,,,,,,,,,,,,,,,,,,,,,,,,,,,,,,,,,,,,,,,,,,,,,,,,,,,,,,,,
Lotad,270,270,0,Agua,Planta,Water 1,Grass,Ningún objeto,Ningún objeto,Hierba Mental,Nado Rápido,Cura Lluvia,Ritmo Propio,40,30,30,40,50,30,1,Gruñido,1,Impresionar,1,Absorber,6,Pistola Agua,9,Burbuja,10,Adaptación,13,Megaagotar,16,Azote,19,Rayo Burbuja,22,Gigadrenado,25,Danza Lluvia,28,Neblina,31,Cabezazo Zen,34,Energibola,,,,,,,,,,,,,,,,,,,,,,,,,,,,,,,,,,,,,,,,,,,,,,,,,,,,,,,,,,,,,,,,,,,,,,,,,Hidropulso,Tóxico,Granizo,Semilladora,Día Soleado,Rayo Hielo,Ventisca,Protección,Danza Lluvia,Gigadrenado,Rayo Solar,Doble Equipo,Atracción,Ladrón,Salmuera,Energibola,Destello,Danza Espada,Hierba Lazo,Surf,,,,,,,,,,,,,,,,,,,,,,,,,,,,,,,,,,,,,,,,,,,,,,,,,,,,,,,,,,,,,,,,,,,,,,,,,,,,,,,,,,,,,,,,,,,,,,,,,,,,,,,,,,,,,,,,,,,,,,,,,,,,,,,,,,,,,,,,Síntesis,Hoja Afilada,Dulce Aroma,Drenadoras,Cosquillas,Contraataque,Danza Caos,Azote,Pistola Agua,,,,,,,,,,,,,,,,,,,,,,,,,,,,,,,,,,,,,,,,,,,,,,,,,,,,,,,,,,,,,,,,,,,,,,,,,,,,,,,,,,,,,,,,,,,,Ronquido,Alboroto,Síntesis,Cabezazo Zen,Bomba Germen,Viento Hielo,,,,,,,,,,,,,,,,,,,,,,,,,,,,,,,,,,,,,,,,,,,,,,,,,,,,,,,,,,,,,,,,,,,,,,,,,,,,,,,,,,,,,,,,,,,,,,
Lombre,271,271,0,Agua,Planta,Water 1,Grass,Ningún objeto,Ningún objeto,Hierba Mental,Nado Rápido,Cura Lluvia,Ritmo Propio,60,50,50,60,70,50,1,Pistola Agua,1,Absorber,1,Gruñido,1,Impresionar,1,Azote,1,Danza Caos,9,Neblina,9,Burbuja,10,Adaptación,13,Megaagotar,14,Sorpresa,16,Golpes Furia,20,Rayo Burbuja,24,Gigadrenado,28,Alboroto,32,Desarme,36,Cabezazo Zen,40,Energibola,43,Danza Lluvia,44,Hidrobomba,,,,,,,,,,,,,,,,,,,,,,,,,,,,,,,,,,,,,,,,,,,,,,,,,,,,,,,,,,,,,Hidropulso,Tóxico,Granizo,Semilladora,Día Soleado,Rayo Hielo,Ventisca,Protección,Danza Lluvia,Gigadrenado,Rayo Solar,Demolición,Doble Equipo,Descanso,Atracción,Ladrón,Salmuera,Energibola,Lanzamiento,Puño Drenaje,Destello,Danza Espada,Hierba Lazo,Surf,Fuerza,Golpe Roca,Cascada,,,,,,,,,,,,,,,,,,,,,,,,,,,,,,,,,,,,,,,,,,,,,,,,,,,,,,,,,,,,,,,,,,,,,,,,,,,,,,,,,,,,,,,,,,,,,,,,,,,,,,,,,,,,,,,,,,,,,,,,,,,,,,,,,Síntesis,Hoja Afilada,Dulce Aroma,Drenadoras,Cosquillas,Contraataque,Danza Caos,Azote,Pistola Agua,,,,,,,,,,,,,,,,,,,,,,,,,,,,,,,,,,,,,,,,,,,,,,,,,,,,,,,,,,,,,,,,,,,,,,,,,,,,,,,,,,,,,,,,,,,,Ronquido,Bofetón Lodo,Alboroto,Síntesis,Puño Fuego,Puño Hielo,Puño Trueno,Buceo,Cabezazo Zen,Bomba Germen,Puño Incremento,Viento Hielo,Desarme,,,,,,,,,,,,,,,,,,,,,,,,,,,,,,,,,,,,,,,,,,,,,,,,,,,,,,,,,,,,,,,,,,,,,,,,,,,,,,,,,,,,,,,
Ludicolo,272,272,0,Agua,Planta,Water 1,Grass,Ningún objeto,Ningún objeto,Hierba Mental,Nado Rápido,Cura Lluvia,Ritmo Propio,80,70,70,90,100,70,1,Pistola Agua,1,Absorber,1,Gruñido,1,Impresionar,1,Azote,1,Meteorobola,9,Neblina,9,Burbuja,14,Adaptación,19,Megaagotar,19,Sorpresa,24,Golpes Furia,29,Rayo Burbuja,34,Gigadrenado,39,Danza Caos,44,Alboroto,49,Desarme,54,Cabezazo Zen,59,Energibola,64,Danza Lluvia,69,Hidrobomba,,,,,,,,,,,,,,,,,,,,,,,,,,,,,,,,,,,,,,,,,,,,,,,,,,,,,,,,,,,Puño Certero,Hidropulso,Tóxico,Granizo,Semilladora,Día Soleado,Rayo Hielo,Ventisca,Hiperrayo,Protección,Danza Lluvia,Gigadrenado,Rayo Solar,Demolición,Doble Equipo,Descanso,Atracción,Ladrón,Salmuera,Onda Certera,Energibola,Lanzamiento,Puño Drenaje,Gigaimpacto,Destello,Danza Espada,Hierba Lazo,Surf,Fuerza,Golpe Roca,Cascada,Treparrocas,,,,,,,,,,,,,,,,,,,,,,,,,,,,,,,,,,,,,,,,,,,,,,,,,,,,,,,,,,,,,,,,,,,,,,,,,,,,,,,,,,,,,,,,,,,,,,,,,,,,,,,,,,,,,,,,,,,,,,,,,,,,Síntesis,Hoja Afilada,Dulce Aroma,Drenadoras,Cosquillas,Contraataque,Danza Caos,Azote,Pistola Agua,,,,,,,,,,,,,,,,,,,,,,,,,,,,,,,,,,,,,,,,,,,,,,,,,,,,,,,,,,,,,,,,,,,,,,,,,,,,,,,,,,,,,,,,,,,,Ronquido,Bofetón Lodo,Alboroto,Síntesis,Puño Fuego,Puño Hielo,Puño Trueno,Sísmico,Buceo,Cabezazo Zen,Bomba Germen,Puño Incremento,Viento Hielo,Desarme,,,,,,,,,,,,,,,,,,,,,,,,,,,,,,,,,,,,,,,,,,,,,,,,,,,,,,,,,,,,,,,,,,,,,,,,,,,,,,,,,,,,,,
Seedot,273,273,0,Planta,,Field,Grass,Ningún objeto,Ningún objeto,Hierba Única,Clorofila,Hurto,Madrugar,40,40,50,30,30,30,1,Fortaleza,1,Placaje,1,Desarrollo,3,Absorber,6,Impresionar,10,Adaptación,12,Rodar,15,Megaagotar,15,Síntesis,18,Vendetta,20,Bomba Germen,25,Día Soleado,30,Golpe Bajo,30,Explosión,,,,,,,,,,,,,,,,,,,,,,,,,,,,,,,,,,,,,,,,,,,,,,,,,,,,,,,,,,,,,,,,,,,,,,,,,Tóxico,Semilladora,Día Soleado,Protección,Gigadrenado,Rayo Solar,Excavar,Bola Sombra,Doble Equipo,Atracción,Energibola,Falso Tortazo,Maquinación,Explosión,Vendetta,Destello,Danza Espada,Hierba Lazo,Golpe Roca,,,,,,,,,,,,,,,,,,,,,,,,,,,,,,,,,,,,,,,,,,,,,,,,,,,,,,,,,,,,,,,,,,,,,,,,,,,,,,,,,,,,,,,,,,,,,,,,,,,,,,,,,,,,,,,,,,,,,,,,,,,,,,,,,,,,,,,,,Drenadoras,Ataque Rápido,Derribo,Abatidoras,Tajo Umbrío,Amnesia,Cambiafuerza,Juego Sucio,Paliza,Campo de Hierba,Viento Cortante,,,,,,,,,,,,,,,,,,,,,,,,,,,,,,,,,,,,,,,,,,,,,,,,,,,,,,,,,,,,,,,,,,,,,,,,,,,,,,,,,,,,,,,,,,Ronquido,Rodar,Abatidoras,Autodestrucción,Rencor,Síntesis,Bomba Germen,Juego Sucio,,,,,,,,,,,,,,,,,,,,,,,,,,,,,,,,,,,,,,,,,,,,,,,,,,,,,,,,,,,,,,,,,,,,,,,,,,,,,,,,,,,,,,,,,,,,
Nuzleaf,274,274,0,Planta,Siniestro,Field,Grass,Ningún objeto,Ningún objeto,Hierba Única,Clorofila,Hurto,Liviano,70,70,40,60,40,60,0,Hoja Afilada,1,Impresionar,1,Absorber,1,Fortaleza,1,Placaje,1,Síntesis,1,Sorpresa,1,Aire Afilado,1,Hoja Afilada,1,Desarrollo,1,Destructor,10,Adaptación,12,Rodar,14,Hoja Afilada,17,Sorpresa,18,Megaagotar,20,Tormento,20,Viento Cortante,24,Vendetta,24,Finta,26,Hoja Aguda,32,Contoneo,35,Paranormal,36,Día Soleado,50,Golpe Bajo,,,,,,,,,,,,,,,,,,,,,,,,,,,,,,,,,,,,,,,,,,,,,,,,,,,Tóxico,Semilladora,Día Soleado,Hiperrayo,Protección,Gigadrenado,Rayo Solar,Puntapié,Excavar,Bola Sombra,Demolición,Doble Equipo,Tumba Rocas,Tormento,Atracción,Ladrón,Energibola,Falso Tortazo,Lanzamiento,Maquinación,Explosión,Vendetta,Destello,Danza Espada,Autosugestión,Alarido,Pulso Umbrío,Avalancha,Hierba Lazo,Corte,Fuerza,Golpe Roca,,,,,,,,,,,,,,,,,,,,,,,,,,,,,,,,,,,,,,,,,,,,,,,,,,,,,,,,,,,,,,,,,,,,,,,,,,,,,,,,,,,,,,,,,,,,,,,,,,,,,,,,,,,,,,,,,,,,,,,,,,,,Drenadoras,Ataque Rápido,Derribo,Abatidoras,Tajo Umbrío,Amnesia,Cambiafuerza,Juego Sucio,Paliza,Campo de Hierba,Viento Cortante,,,,,,,,,,,,,,,,,,,,,,,,,,,,,,,,,,,,,,,,,,,,,,,,,,,,,,,,,,,,,,,,,,,,,,,,,,,,,,,,,,,,,,,,,,Ronquido,Rodar,Abatidoras,Bofetón Lodo,Autodestrucción,Corte Furia,Rencor,Síntesis,Bomba Germen,Meteoros,Patada Baja,Puño Incremento,Juego Sucio,,,,,,,,,,,,,,,,,,,,,,,,,,,,,,,,,,,,,,,,,,,,,,,,,,,,,,,,,,,,,,,,,,,,,,,,,,,,,,,,,,,,,,,
Shiftry,275,275,0,Planta,Siniestro,Field,Grass,Ningún objeto,Ningún objeto,Hierba Única,Clorofila,Hurto,Liviano,90,100,60,90,60,80,1,Impresionar,1,Absorber,1,Fortaleza,1,Placaje,1,Aire Afilado,1,Hoja Afilada,1,Desarrollo,1,Destructor,1,Meteorobola,10,Adaptación,15,Rodar,15,Hoja Afilada,20,Sorpresa,25,Megaagotar,25,Tormento,30,Viento Cortante,35,Vendetta,35,Finta,40,Hoja Aguda,45,Contoneo,50,Paranormal,55,Día Soleado,60,Vendaval,65,Lluevehojas,70,Golpe Bajo,,,,,,,,,,,,,,,,,,,,,,,,,,,,,,,,,,,,,,,,,,,,,,,,,,,Tóxico,Semilladora,Día Soleado,Hiperrayo,Protección,Gigadrenado,Rayo Solar,Puntapié,Excavar,Bola Sombra,Demolición,Doble Equipo,Tumba Rocas,Golpe Aéreo,Tormento,Atracción,Ladrón,Onda Certera,Energibola,Falso Tortazo,Lanzamiento,Aguante,Maquinación,Explosión,Vendetta,Gigaimpacto,Destello,Danza Espada,Autosugestión,Alarido,Pulso Umbrío,Avalancha,Tijera X,Hierba Lazo,Vendaval,Corte,Fuerza,Despejar,Golpe Roca,,,,,,,,,,,,,,,,,,,,,,,,,,,,,,,,,,,,,,,,,,,,,,,,,,,,,,,,,,,,,,,,,,,,,,,,,,,,,,,,,,,,,,,,,,,,,,,,,,,,,,,,,,,,,,,,,,,,,Drenadoras,Ataque Rápido,Derribo,Abatidoras,Tajo Umbrío,Amnesia,Cambiafuerza,Juego Sucio,Paliza,Campo de Hierba,Viento Cortante,,,,,,,,,,,,,,,,,,,,,,,,,,,,,,,,,,,,,,,,,,,,,,,,,,,,,,,,,,,,,,,,,,,,,,,,,,,,,,,,,,,,,,,,,,Ronquido,Aire Afilado,Rodar,Abatidoras,Bofetón Lodo,Autodestrucción,Corte Furia,Rencor,Síntesis,Viento Aciago,Bote,Viento Afín,Bomba Germen,Meteoros,Patada Baja,Puño Incremento,Viento Hielo,Desarme,Golpe Bajo,Juego Sucio,Ciclón,,,,,,,,,,,,,,,,,,,,,,,,,,,,,,,,,,,,,,,,,,,,,,,,,,,,,,,,,,,,,,,,,,,,,,,,,,,,,,,
Taillow,276,276,0,Normal,Volador,Flying,Flying,Ningún objeto,Ningún objeto,Ningún objeto,Agallas,Intrépido,Sacapecho,40,55,30,30,30,85,1,Gruñido,1,Picotazo,7,Foco Energía,10,Ataque Rápido,13,Ataque Ala,16,Doble Equipo,19,Golpe Aéreo,22,Inversión,25,Anticipo,25,Agilidad,28,Ida y Vuelta,31,Tajo Aéreo,34,Esfuerzo,37,Pájaro Osado,40,Vendaval,,,,,,,,,,,,,,,,,,,,,,,,,,,,,,,,,,,,,,,,,,,,,,,,,,,,,,,,,,,,,,,,,,,,,,,Tóxico,Poder Oculto,Día Soleado,Protección,Danza Lluvia,Doble Equipo,Golpe Aéreo,Atracción,Ladrón,Ala de Acero,Respiro,Aguante,Vendaval,Ida y Vuelta,Vuelo,Despejar,,,,,,,,,,,,,,,,,,,,,,,,,,,,,,,,,,,,,,,,,,,,,,,,,,,,,,,,,,,,,,,,,,,,,,,,,,,,,,,,,,,,,,,,,,,,,,,,,,,,,,,,,,,,,,,,,,,,,,,,,,,,,,,,,,,,,,,,,,,,Supersónico,Ataque Aéreo,Remolino,Pájaro Osado,Estruendo,Vendaval,,,,,,,,,,,,,,,,,,,,,,,,,,,,,,,,,,,,,,,,,,,,,,,,,,,,,,,,,,,,,,,,,,,,,,,,,,,,,,,,,,,,,,,,,,,,,,,Ronquido,Aire Afilado,Bofetón Lodo,Ala Bis,Viento Aciago,Ataque Aéreo,Viento Afín,Meteoros,Onda Ígnea,Esfuerzo,Ciclón,,,,,,,,,,,,,,,,,,,,,,,,,,,,,,,,,,,,,,,,,,,,,,,,,,,,,,,,,,,,,,,,,,,,,,,,,,,,,,,,,,,,,,,,,
Swellow,277,277,0,Normal,Volador,Flying,Flying,Ningún objeto,Ningún objeto,Ningún objeto,Agallas,Intrépido,Alas Vendaval,60,90,60,80,50,125,1,Foco Energía,1,Gruñido,1,Picotazo,1,Picoteo,1,Veloc. Extrema,7,Foco Energía,10,Ataque Rápido,13,Ataque Ala,16,Doble Equipo,19,Golpe Aéreo,23,Inversión,27,Agilidad,27,Anticipo,31,Ida y Vuelta,35,Tajo Aéreo,39,Esfuerzo,43,Pájaro Osado,47,Vendaval,,,,,,,,,,,,,,,,,,,,,,,,,,,,,,,,,,,,,,,,,,,,,,,,,,,,,,,,,,,,,,,,,Tóxico,Poder Oculto,Día Soleado,Hiperrayo,Protección,Danza Lluvia,Doble Equipo,Golpe Aéreo,Atracción,Ladrón,Ala de Acero,Respiro,Aguante,Gigaimpacto,Vendaval,Ida y Vuelta,Vuelo,Despejar,,,,,,,,,,,,,,,,,,,,,,,,,,,,,,,,,,,,,,,,,,,,,,,,,,,,,,,,,,,,,,,,,,,,,,,,,,,,,,,,,,,,,,,,,,,,,,,,,,,,,,,,,,,,,,,,,,,,,,,,,,,,,,,,,,,,,,,,,,Supersónico,Ataque Aéreo,Remolino,Pájaro Osado,Estruendo,Vendaval,,,,,,,,,,,,,,,,,,,,,,,,,,,,,,,,,,,,,,,,,,,,,,,,,,,,,,,,,,,,,,,,,,,,,,,,,,,,,,,,,,,,,,,,,,,,,,,Ronquido,Aire Afilado,Bofetón Lodo,Ala Bis,Aguzar,Viento Aciago,Ataque Aéreo,Viento Afín,Meteoros,Onda Ígnea,Esfuerzo,Ciclón,,,,,,,,,,,,,,,,,,,,,,,,,,,,,,,,,,,,,,,,,,,,,,,,,,,,,,,,,,,,,,,,,,,,,,,,,,,,,,,,,,,,,,,,
Wingull,278,278,0,Agua,Volador,Water 1,Flying,Ningún objeto,Ningún objeto,Ningún objeto,Hidratación,Vista Lince,Cura Lluvia,40,30,30,55,30,85,1,Pistola Agua,1,Gruñido,1,Ataque Rápido,7,Supersónico,10,Ataque Ala,13,Hidropulso,16,Neblina,19,Aire Afilado,25,Golpe Aéreo,28,Respiro,31,Tajo Aéreo,34,Viento Afín,37,Alboroto,40,Agilidad,43,Vendaval,,,,,,,,,,,,,,,,,,,,,,,,,,,,,,,,,,,,,,,,,,,,,,,,,,,,,,,,,,,,,,,,,,,,,,,Hidropulso,Tóxico,Granizo,Rayo Hielo,Ventisca,Protección,Danza Lluvia,Doble Equipo,Onda Voltio,Golpe Aéreo,Atracción,Ladrón,Ala de Acero,Salmuera,Respiro,Escaldar,Aguante,Vendaval,Ida y Vuelta,Vuelo,Despejar,,,,,,,,,,,,,,,,,,,,,,,,,,,,,,,,,,,,,,,,,,,,,,,,,,,,,,,,,,,,,,,,,,,,,,,,,,,,,,,,,,,,,,,,,,,,,,,,,,,,,,,,,,,,,,,,,,,,,,,,,,,,,,,,,,,,,,,Ciclón,Tornado,Acua Aro,Desarme,Empapar,Vasta Guardia,Aire Afilado,Neblina,Agilidad,,,,,,,,,,,,,,,,,,,,,,,,,,,,,,,,,,,,,,,,,,,,,,,,,,,,,,,,,,,,,,,,,,,,,,,,,,,,,,,,,,,,,,,,,,,,Ronquido,Aire Afilado,Bofetón Lodo,Ala Bis,Alboroto,Viento Aciago,Ataque Aéreo,Viento Afín,Meteoros,Viento Hielo,Desarme,Hidroariete,Ciclón,,,,,,,,,,,,,,,,,,,,,,,,,,,,,,,,,,,,,,,,,,,,,,,,,,,,,,,,,,,,,,,,,,,,,,,,,,,,,,,,,,,,,,,
Pelipper,279,279,0,Agua,Volador,Water 1,Flying,Ningún objeto,Ningún objeto,Huevo Suerte,Llovizna,Vista Lince,Cura Lluvia,60,50,110,95,80,65,1,Supersónico,1,Viento Afín,1,Pistola Agua,1,Gruñido,1,Tajo Aéreo,1,Agilidad,1,Ataque Rápido,1,Empapar,1,Hidrobomba,7,Supersónico,10,Ataque Ala,13,Hidropulso,16,Neblina,19,Aire Afilado,22,Lanzamiento,25,Protección,26,Reserva,26,Tragar,26,Escupir,30,Respiro,34,Tajo Aéreo,38,Viento Afín,42,Alboroto,46,Hidrobomba,50,Vendaval,,,,,,,,,,,,,,,,,,,,,,,,,,,,,,,,,,,,,,,,,,,,,,,,,,,Hidropulso,Tóxico,Granizo,Rayo Hielo,Ventisca,Hiperrayo,Protección,Danza Lluvia,Doble Equipo,Onda Voltio,Golpe Aéreo,Atracción,Ladrón,Ala de Acero,Salmuera,Respiro,Escaldar,Lanzamiento,Aguante,Vendetta,Gigaimpacto,Vendaval,Ida y Vuelta,Vuelo,Surf,Despejar,,,,,,,,,,,,,,,,,,,,,,,,,,,,,,,,,,,,,,,,,,,,,,,,,,,,,,,,,,,,,,,,,,,,,,,,,,,,,,,,,,,,,,,,,,,,,,,,,,,,,,,,,,,,,,,,,,,,,,,,,,,,,,,,,,Ciclón,Tornado,Acua Aro,Desarme,Empapar,Vasta Guardia,Aire Afilado,Neblina,Agilidad,,,,,,,,,,,,,,,,,,,,,,,,,,,,,,,,,,,,,,,,,,,,,,,,,,,,,,,,,,,,,,,,,,,,,,,,,,,,,,,,,,,,,,,,,,,,Ronquido,Aire Afilado,Bofetón Lodo,Ala Bis,Alboroto,Viento Aciago,Ataque Aéreo,Viento Afín,Bomba Germen,Meteoros,Viento Hielo,Desarme,Hidroariete,Ciclón,Lanzamugre,,,,,,,,,,,,,,,,,,,,,,,,,,,,,,,,,,,,,,,,,,,,,,,,,,,,,,,,,,,,,,,,,,,,,,,,,,,,,,,,,,,,,
Ralts,280,280,0,Psíquico,Hada,Human-Like,Amorphous,Ningún objeto,Ningún objeto,Ningún objeto,Sincronía,Rastro,Telepatía,28,25,25,65,55,40,1,Gruñido,1,Teletransporte,1,Confusión,7,Voz Cautivadora,13,Psicorrayo,16,Beso Drenaje,19,Hoja Mágica,21,Gota Vital,22,Hipnosis,25,Psíquico,28,Paz Mental,31,Fuerza Lunar,33,Pulso Cura,34,Sellar,37,Encanto,40,Comesueños,43,Premonición,,,,,,,,,,,,,,,,,,,,,,,,,,,,,,,,,,,,,,,,,,,,,,,,,,,,,,,,,,,,,,,,,,,Paz Mental,Tóxico,Día Soleado,Mofa,Pantalla de Luz,Protección,Danza Lluvia,Velo Sagrado,Comesueños,Rayo,Psíquico,Bola Sombra,Doble Equipo,Reflejo,Onda Voltio,Tormento,Descanso,Atracción,Ladrón,Intercambio,Lanzamiento,Voltio Cruel,Fuego Fatuo,Reciclaje,Destello,Onda Trueno,Autosugestión,Brillo Mágico,Hierba Lazo,Espacio Raro,,,,,,,,,,,,,,,,,,,,,,,,,,,,,,,,,,,,,,,,,,,,,,,,,,,,,,,,,,,,,,,,,,,,,,,,,,,,,,,,,,,,,,,,,,,,,,,,,,,,,,,,,,,,,,,,,,,,,,,,,,,,,,Anulación,Mal de Ojo,Legado,Mismo Destino,Rabia,Sombra Vil,Rayo Confuso,Desarme,Otra Vez,Campo de Niebla,Cambio de Banda,,,,,,,,,,,,,,,,,,,,,,,,,,,,,,,,,,,,,,,,,,,,,,,,,,,,,,,,,,,,,,,,,,,,,,,,,,,,,,,,,,,,,,,,,,Ronquido,Refuerzo,Cambio de Banda,Bofetón Lodo,Rayo Señal,Puño Fuego,Puño Hielo,Puño Trueno,Zona Mágica,Zona Extraña,Cabezazo Zen,Capa Mágica,Divide Dolor,Meteoros,Truco,Viento Hielo,,,,,,,,,,,,,,,,,,,,,,,,,,,,,,,,,,,,,,,,,,,,,,,,,,,,,,,,,,,,,,,,,,,,,,,,,,,,,,,,,,,,
Kirlia,281,281,0,Psíquico,Hada,Human-Like,Amorphous,Ningún objeto,Ningún objeto,Ningún objeto,Sincronía,Rastro,Telepatía,38,35,35,95,85,50,1,Confusión,1,Gruñido,1,Teletransporte,7,Voz Cautivadora,13,Psicorrayo,16,Beso Drenaje,19,Hoja Mágica,23,Hipnosis,23,Gota Vital,27,Psíquico,31,Paz Mental,35,Fuerza Lunar,39,Sellar,43,Pulso Cura,43,Encanto,47,Comesueños,51,Premonición,,,,,,,,,,,,,,,,,,,,,,,,,,,,,,,,,,,,,,,,,,,,,,,,,,,,,,,,,,,,,,,,,,,Paz Mental,Tóxico,Día Soleado,Mofa,Pantalla de Luz,Protección,Danza Lluvia,Velo Sagrado,Comesueños,Rayo,Psíquico,Bola Sombra,Doble Equipo,Reflejo,Onda Voltio,Tormento,Descanso,Atracción,Ladrón,Intercambio,Lanzamiento,Voltio Cruel,Fuego Fatuo,Reciclaje,Destello,Onda Trueno,Autosugestión,Brillo Mágico,Hierba Lazo,Espacio Raro,,,,,,,,,,,,,,,,,,,,,,,,,,,,,,,,,,,,,,,,,,,,,,,,,,,,,,,,,,,,,,,,,,,,,,,,,,,,,,,,,,,,,,,,,,,,,,,,,,,,,,,,,,,,,,,,,,,,,,,,,,,,,,Anulación,Mal de Ojo,Legado,Mismo Destino,Rabia,Sombra Vil,Rayo Confuso,Desarme,Otra Vez,Campo de Niebla,Cambio de Banda,,,,,,,,,,,,,,,,,,,,,,,,,,,,,,,,,,,,,,,,,,,,,,,,,,,,,,,,,,,,,,,,,,,,,,,,,,,,,,,,,,,,,,,,,,Ronquido,Refuerzo,Cambio de Banda,Bofetón Lodo,Rayo Señal,Puño Fuego,Puño Hielo,Puño Trueno,Zona Mágica,Zona Extraña,Cabezazo Zen,Capa Mágica,Divide Dolor,Meteoros,Truco,Viento Hielo,,,,,,,,,,,,,,,,,,,,,,,,,,,,,,,,,,,,,,,,,,,,,,,,,,,,,,,,,,,,,,,,,,,,,,,,,,,,,,,,,,,,
Gardevoir,282,282,0,Psíquico,Hada,Human-Like,Amorphous,Ningún objeto,Ningún objeto,Ningún objeto,Sincronía,Rastro,Piel Feérica,68,65,65,125,115,80,0,Brillo Mágico,1,Confusión,1,Gruñido,1,Encanto,1,Deseo Cura,1,Campo de Niebla,1,Esfera Aural,1,Teletransporte,7,Voz Cautivadora,10,Deseo,13,Psicorrayo,16,Beso Drenaje,19,Hoja Mágica,23,Hipnosis,23,Gota Vital,27,Psíquico,32,Paz Mental,37,Fuerza Lunar,42,Sellar,49,Pulso Cura,52,Premonición,57,Comesueños,,,,,,,,,,,,,,,,,,,,,,,,,,,,,,,,,,,,,,,,,,,,,,,,,,,,,,,,,Paz Mental,Tóxico,Día Soleado,Mofa,Hiperrayo,Pantalla de Luz,Protección,Danza Lluvia,Velo Sagrado,Comesueños,Rayo,Psíquico,Bola Sombra,Doble Equipo,Reflejo,Onda Voltio,Tormento,Descanso,Atracción,Ladrón,Intercambio,Onda Certera,Energibola,Lanzamiento,Voltio Cruel,Fuego Fatuo,Reciclaje,Gigaimpacto,Destello,Onda Trueno,Autosugestión,Brillo Mágico,Hierba Lazo,Espacio Raro,,,,,,,,,,,,,,,,,,,,,,,,,,,,,,,,,,,,,,,,,,,,,,,,,,,,,,,,,,,,,,,,,,,,,,,,,,,,,,,,,,,,,,,,,,,,,,,,,,,,,,,,,,,,,,,,,,,,,,,,,,Anulación,Mal de Ojo,Legado,Mismo Destino,Rabia,Sombra Vil,Rayo Confuso,Desarme,Otra Vez,Campo de Niebla,Cambio de Banda,,,,,,,,,,,,,,,,,,,,,,,,,,,,,,,,,,,,,,,,,,,,,,,,,,,,,,,,,,,,,,,,,,,,,,,,,,,,,,,,,,,,,,,,,,Ronquido,Refuerzo,Cambio de Banda,Bofetón Lodo,Aguzar,Cascabel Cura,Rayo Señal,Puño Fuego,Puño Hielo,Puño Trueno,Zona Mágica,Zona Extraña,Cabezazo Zen,Capa Mágica,Divide Dolor,Meteoros,Truco,Viento Hielo,,,,,,,,,,,,,,,,,,,,,,,,,,,,,,,,,,,,,,,,,,,,,,,,,,,,,,,,,,,,,,,,,,,,,,,,,,,,,,,,,,
Surskit,283,283,0,Bicho,Agua,Water 1,Bug,Miel,Ningún objeto,Ningún objeto,Nado Rápido,Nado Rápido,Cura Lluvia,40,30,30,55,55,65,1,Pistola Agua,1,Dulce Aroma,1,Ataque Rápido,6,Picadura,9,Burbuja,12,Disparo Lodo,14,Empapar,15,Rayo Burbuja,18,Agilidad,24,Psicorrayo,27,Acua Jet,30,Neblina,30,Niebla,33,Relevo,36,Hidrobomba,38,Red Viscosa,,,,,,,,,,,,,,,,,,,,,,,,,,,,,,,,,,,,,,,,,,,,,,,,,,,,,,,,,,,,,,,,,,,,,Hidropulso,Tóxico,Día Soleado,Rayo Hielo,Ventisca,Protección,Danza Lluvia,Gigadrenado,Rayo Solar,Bola Sombra,Doble Equipo,Atracción,Ladrón,Salmuera,Zumbido,Destello,Autosugestión,Surf,Cascada,,,,,,,,,,,,,,,,,,,,,,,,,,,,,,,,,,,,,,,,,,,,,,,,,,,,,,,,,,,,,,,,,,,,,,,,,,,,,,,,,,,,,,,,,,,,,,,,,,,,,,,,,,,,,,,,,,,,,,,,,,,,,,,,,,,,,,,,,Disparo Lodo,Psicorrayo,Hidrobomba,Telépata,Picadura,Acua Jet,Aguijón Letal,Isofuerza,Plancha,Rayo Señal,,,,,,,,,,,,,,,,,,,,,,,,,,,,,,,,,,,,,,,,,,,,,,,,,,,,,,,,,,,,,,,,,,,,,,,,,,,,,,,,,,,,,,,,,,,Ronquido,Bofetón Lodo,Rayo Señal,Meteoros,Viento Hielo,Hidroariete,,,,,,,,,,,,,,,,,,,,,,,,,,,,,,,,,,,,,,,,,,,,,,,,,,,,,,,,,,,,,,,,,,,,,,,,,,,,,,,,,,,,,,,,,,,,,,
Masquerain,284,284,0,Bicho,Agua,Water 1,Bug,Ningún objeto,Ningún objeto,Polvo Plata,Intimidación,Intimidación,Nerviosismo,70,50,50,110,100,100,1,Red Viscosa,1,Relevo,1,Acua Jet,1,Niebla,1,Neblina,1,Viento Aciago,1,Agilidad,1,Rayo Burbuja,1,Pistola Agua,1,Dulce Aroma,1,Ataque Rápido,1,Remolino,1,Danza Aleteo,1,Tornado,6,Picadura,9,Burbuja,12,Remolino,14,Empapar,15,Rayo Burbuja,18,Agilidad,22,Aire Afilado,22,Cara Susto,25,Psicorrayo,32,Supersónico,32,Viento Plata,33,Paralizador,37,Tajo Aéreo,41,Hidrobomba,45,Zumbido,52,Danza Aleteo,,,,,,,,,,,,,,,,,,,,,,,,,,,,,,,,,,,,,,,,,Hidropulso,Tóxico,Día Soleado,Rayo Hielo,Ventisca,Hiperrayo,Protección,Danza Lluvia,Gigadrenado,Rayo Solar,Bola Sombra,Doble Equipo,Golpe Aéreo,Atracción,Ladrón,Salmuera,Respiro,Energibola,Aguante,Zumbido,Gigaimpacto,Destello,Autosugestión,Vendaval,Ida y Vuelta,Vuelo,Surf,Despejar,Cascada,,,,,,,,,,,,,,,,,,,,,,,,,,,,,,,,,,,,,,,,,,,,,,,,,,,,,,,,,,,,,,,,,,,,,,,,,,,,,,,,,,,,,,,,,,,,,,,,,,,,,,,,,,,,,,,,,,,,,,,,,,,,,,,Disparo Lodo,Psicorrayo,Hidrobomba,Telépata,Picadura,Acua Jet,Aguijón Letal,Isofuerza,Plancha,Rayo Señal,,,,,,,,,,,,,,,,,,,,,,,,,,,,,,,,,,,,,,,,,,,,,,,,,,,,,,,,,,,,,,,,,,,,,,,,,,,,,,,,,,,,,,,,,,,Ronquido,Aire Afilado,Bofetón Lodo,Ala Bis,Rayo Señal,Viento Aciago,Viento Afín,Meteoros,Viento Hielo,Hidroariete,Ciclón,,,,,,,,,,,,,,,,,,,,,,,,,,,,,,,,,,,,,,,,,,,,,,,,,,,,,,,,,,,,,,,,,,,,,,,,,,,,,,,,,,,,,,,,,
Shroomish,285,285,0,Planta,,Fairy,Grass,Miniseta,Ningún objeto,Seta Grande,Experto,Antídoto,Pies Rápidos,60,40,60,40,60,35,1,Absorber,4,Placaje,7,Megaagotar,10,Drenadoras,13,Semilladora,16,Golpe Cabeza,19,Paralizador,19,Espora,19,Polvo Veneno,22,Bomba Germen,25,Gigadrenado,28,Desarrollo,31,Energibola,34,Tóxico,37,Abatidoras,40,Encanto,43,Rayo Solar,,,,,,,,,,,,,,,,,,,,,,,,,,,,,,,,,,,,,,,,,,,,,,,,,,,,,,,,,,,,,,,,,,,Tóxico,Semilladora,Día Soleado,Protección,Gigadrenado,Velo Sagrado,Rayo Solar,Doble Equipo,Bomba Lodo,Atracción,Energibola,Falso Tortazo,Puño Drenaje,Destello,Hierba Lazo,,,,,,,,,,,,,,,,,,,,,,,,,,,,,,,,,,,,,,,,,,,,,,,,,,,,,,,,,,,,,,,,,,,,,,,,,,,,,,,,,,,,,,,,,,,,,,,,,,,,,,,,,,,,,,,,,,,,,,,,,,,,,,,,,,,,,,,,,,,,,Llanto Falso,Encanto,Refuerzo,Abatidoras,Bomba Germen,,,,,,,,,,,,,,,,,,,,,,,,,,,,,,,,,,,,,,,,,,,,,,,,,,,,,,,,,,,,,,,,,,,,,,,,,,,,,,,,,,,,,,,,,,,,,,,,Ronquido,Abatidoras,Síntesis,Bomba Germen,,,,,,,,,,,,,,,,,,,,,,,,,,,,,,,,,,,,,,,,,,,,,,,,,,,,,,,,,,,,,,,,,,,,,,,,,,,,,,,,,,,,,,,,,,,,,,,,
Breloom,286,286,0,Planta,Lucha,Fairy,Grass,Miniseta,Ningún objeto,Seta Grande,Experto,Antídoto,Pies Rápidos,60,130,80,60,60,70,0,Ultrapuño,1,Desarrollo,1,Abatidoras,1,Absorber,1,Ultrapuño,1,Amago,4,Placaje,7,Megaagotar,10,Drenadoras,13,Semilladora,16,Golpe Cabeza,19,Polvo Veneno,19,Paralizador,19,Espora,22,Bomba Germen,23,Ultrapuño,26,Palmeo,30,Puño Drenaje,34,Telépata,38,Gancho Alto,42,Contraataque,46,Puño Dinámico,50,Fuerza Bruta,,,,,,,,,,,,,,,,,,,,,,,,,,,,,,,,,,,,,,,,,,,,,,,,,,,,,,,Puño Certero,Tóxico,Corpulencia,Semilladora,Poder Oculto,Día Soleado,Hiperrayo,Protección,Gigadrenado,Velo Sagrado,Rayo Solar,Cola Férrea,Puntapié,Demolición,Doble Equipo,Bomba Lodo,Tumba Rocas,Atracción,Onda Certera,Energibola,Falso Tortazo,Lanzamiento,Puño Drenaje,Gigaimpacto,Destello,Roca Afilada,Danza Espada,Avalancha,Hierba Lazo,Corte,Fuerza,Golpe Roca,,,,,,,,,,,,,,,,,,,,,,,,,,,,,,,,,,,,,,,,,,,,,,,,,,,,,,,,,,,,,,,,,,,,,,,,,,,,,,,,,,,,,,,,,,,,,,,,,,,,,,,,,,,,,,,,,,,,,,,,,,,,Llanto Falso,Encanto,Refuerzo,Abatidoras,Bomba Germen,,,,,,,,,,,,,,,,,,,,,,,,,,,,,,,,,,,,,,,,,,,,,,,,,,,,,,,,,,,,,,,,,,,,,,,,,,,,,,,,,,,,,,,,,,,,,,,,Ronquido,Abatidoras,Bofetón Lodo,Aguzar,Corte Furia,Síntesis,Puño Trueno,Sísmico,Bomba Germen,Onda Vacío,Puño Incremento,Fuerza Bruta,,,,,,,,,,,,,,,,,,,,,,,,,,,,,,,,,,,,,,,,,,,,,,,,,,,,,,,,,,,,,,,,,,,,,,,,,,,,,,,,,,,,,,,,
Slakoth,287,287,0,Normal,,Field,Field,Ningún objeto,Ningún objeto,Ningún objeto,Ausente,Ausente,Inicio Lento,60,60,60,35,35,30,1,Bostezo,1,Arañazo,7,Otra Vez,11,Relajo,14,Descanso,14,Finta,15,Garra Brutal,23,Antojo,25,Golpe Cabeza,27,Amnesia,31,Golpe Cuerpo,35,Tajo Umbrío,39,Contraataque,43,Azote,47,Carantoña,,,,,,,,,,,,,,,,,,,,,,,,,,,,,,,,,,,,,,,,,,,,,,,,,,,,,,,,,,,,,,,,,,,,,,,Puño Certero,Hidropulso,Tóxico,Corpulencia,Poder Oculto,Día Soleado,Rayo Hielo,Ventisca,Protección,Danza Lluvia,Rayo Solar,Rayo,Trueno,Bola Sombra,Demolición,Doble Equipo,Onda Voltio,Lanzallamas,Llamarada,Tumba Rocas,Golpe Aéreo,Atracción,Lanzamiento,Garra Umbría,Avalancha,Corte,Fuerza,Golpe Roca,,,,,,,,,,,,,,,,,,,,,,,,,,,,,,,,,,,,,,,,,,,,,,,,,,,,,,,,,,,,,,,,,,,,,,,,,,,,,,,,,,,,,,,,,,,,,,,,,,,,,,,,,,,,,,,,,,,,,,,,,,,,,,,,Cuchillada,Golpe Cuerpo,Ronquido,Garra Brutal,Maldición,Machada,Tajo Umbrío,Cede Paso,Cosquillas,,,,,,,,,,,,,,,,,,,,,,,,,,,,,,,,,,,,,,,,,,,,,,,,,,,,,,,,,,,,,,,,,,,,,,,,,,,,,,,,,,,,,,,,,,,,Ronquido,Antojo,Cede Paso,Bofetón Lodo,Corte Furia,Puño Fuego,Puño Hielo,Puño Trueno,Sísmico,Puño Incremento,Viento Hielo,Golpe Bajo,Lanzamugre,,,,,,,,,,,,,,,,,,,,,,,,,,,,,,,,,,,,,,,,,,,,,,,,,,,,,,,,,,,,,,,,,,,,,,,,,,,,,,,,,,,,,,,
Vigoroth,288,288,0,Normal,,Field,Field,Ningún objeto,Ningún objeto,Ningún objeto,Espíritu Vital,Espíritu Vital,Irascible,80,80,80,55,55,90,1,Azote,1,Antojo,1,Amnesia,1,Relajo,1,Bostezo,1,Foco Energía,1,Arañazo,7,Otra Vez,11,Alboroto,14,Finta,15,Garra Brutal,19,Golpes Furia,23,Cuchillada,27,Aguante,27,Golpe Cabeza,31,Imagen,35,Tajo Umbrío,39,Contraataque,43,Inversión,47,Carantoña,51,Puño Certero,,,,,,,,,,,,,,,,,,,,,,,,,,,,,,,,,,,,,,,,,,,,,,,,,,,,,,,,,,,Puño Certero,Hidropulso,Rugido,Tóxico,Corpulencia,Poder Oculto,Día Soleado,Mofa,Rayo Hielo,Ventisca,Protección,Danza Lluvia,Rayo Solar,Rayo,Trueno,Terremoto,Puntapié,Bola Sombra,Demolición,Doble Equipo,Onda Voltio,Lanzallamas,Llamarada,Tumba Rocas,Golpe Aéreo,Atracción,Onda Certera,Lanzamiento,Garra Umbría,Avalancha,Vozarrón,Corte,Fuerza,Golpe Roca,Treparrocas,,,,,,,,,,,,,,,,,,,,,,,,,,,,,,,,,,,,,,,,,,,,,,,,,,,,,,,,,,,,,,,,,,,,,,,,,,,,,,,,,,,,,,,,,,,,,,,,,,,,,,,,,,,,,,,,,,,,,,,,,Cuchillada,Golpe Cuerpo,Ronquido,Garra Brutal,Maldición,Machada,Tajo Umbrío,Cede Paso,Cosquillas,,,,,,,,,,,,,,,,,,,,,,,,,,,,,,,,,,,,,,,,,,,,,,,,,,,,,,,,,,,,,,,,,,,,,,,,,,,,,,,,,,,,,,,,,,,,Ronquido,Antojo,Cede Paso,Terratemblor,Bofetón Lodo,Corte Furia,Alboroto,Puño Fuego,Puño Hielo,Puño Trueno,Sísmico,Patada Baja,Puño Incremento,Viento Hielo,Golpe Bajo,Lanzamugre,,,,,,,,,,,,,,,,,,,,,,,,,,,,,,,,,,,,,,,,,,,,,,,,,,,,,,,,,,,,,,,,,,,,,,,,,,,,,,,,,,,,
Slaking,289,289,0,Normal,,Field,Field,Ningún objeto,Ningún objeto,Ningún objeto,Ausente,Ausente,Inicio Lento,150,160,100,95,65,100,0,Contoneo,1,Inversión,1,Cuchillada,1,Golpes Furia,1,Alboroto,1,Foco Energía,1,Machada,1,Bostezo,1,Arañazo,1,Contoneo,7,Otra Vez,11,Relajo,14,Descanso,14,Finta,15,Garra Brutal,23,Antojo,27,Golpe Cabeza,27,Amnesia,31,Golpe Cuerpo,35,Tajo Umbrío,36,Contoneo,39,Contraataque,43,Azote,47,Carantoña,51,Lanzamiento,53,Golpe Bajo,59,Machada,,,,,,,,,,,,,,,,,,,,,,,,,,,,,,,,,,,,,,,,,,,,,,,Puño Certero,Hidropulso,Rugido,Tóxico,Corpulencia,Poder Oculto,Día Soleado,Mofa,Rayo Hielo,Ventisca,Hiperrayo,Protección,Danza Lluvia,Rayo Solar,Rayo,Trueno,Terremoto,Puntapié,Bola Sombra,Demolición,Doble Equipo,Onda Voltio,Lanzallamas,Llamarada,Tumba Rocas,Golpe Aéreo,Atracción,Onda Certera,Lanzamiento,Garra Umbría,Gigaimpacto,Avalancha,Vozarrón,Corte,Fuerza,Golpe Roca,Treparrocas,,,,,,,,,,,,,,,,,,,,,,,,,,,,,,,,,,,,,,,,,,,,,,,,,,,,,,,,,,,,,,,,,,,,,,,,,,,,,,,,,,,,,,,,,,,,,,,,,,,,,,,,,,,,,,,,,,,,,,,Cuchillada,Golpe Cuerpo,Ronquido,Garra Brutal,Maldición,Machada,Tajo Umbrío,Cede Paso,Cosquillas,,,,,,,,,,,,,,,,,,,,,,,,,,,,,,,,,,,,,,,,,,,,,,,,,,,,,,,,,,,,,,,,,,,,,,,,,,,,,,,,,,,,,,,,,,,,Ronquido,Antojo,Cede Paso,Terratemblor,Bofetón Lodo,Bloqueo,Corte Furia,Alboroto,Pataleta,Puño Fuego,Puño Hielo,Puño Trueno,Sísmico,Patada Baja,Puño Incremento,Viento Hielo,Golpe Bajo,Lanzamugre,,,,,,,,,,,,,,,,,,,,,,,,,,,,,,,,,,,,,,,,,,,,,,,,,,,,,,,,,,,,,,,,,,,,,,,,,,,,,,,,,,
Nincada,290,290,0,Bicho,Tierra,Bug,Bug,Ningún objeto,Ningún objeto,Arena Fina,Ojo Compuesto,Ojo Compuesto,Fuga,31,45,90,30,30,40,1,Arañazo,1,Ataque Arena,1,Fortaleza,1,Absorber,1,Picadura,4,Ataque Arena,7,Golpes Furia,11,Bofetón Lodo,15,Chupavidas,19,Telépata,23,Garra Metal,27,Excavar,31,Tijera X,39,Falso Tortazo,,,,,,,,,,,,,,,,,,,,,,,,,,,,,,,,,,,,,,,,,,,,,,,,,,,,,,,,,,,,,,,,,,,,,,,,,Tóxico,Día Soleado,Protección,Gigadrenado,Rayo Solar,Excavar,Bola Sombra,Doble Equipo,Tormenta Arena,Golpe Aéreo,Falso Tortazo,Zumbido,Destello,Tijera X,Corte,,,,,,,,,,,,,,,,,,,,,,,,,,,,,,,,,,,,,,,,,,,,,,,,,,,,,,,,,,,,,,,,,,,,,,,,,,,,,,,,,,,,,,,,,,,,,,,,,,,,,,,,,,,,,,,,,,,,,,,,,,,,,,,,,,,,,,,,,,,,,Tornado,Tajo Umbrío,Picadura,Sacrificio,Azote,Finta,Viento Plata,,,,,,,,,,,,,,,,,,,,,,,,,,,,,,,,,,,,,,,,,,,,,,,,,,,,,,,,,,,,,,,,,,,,,,,,,,,,,,,,,,,,,,,,,,,,,,Ronquido,Bofetón Lodo,Corte Furia,Rencor,Chupavidas,,,,,,,,,,,,,,,,,,,,,,,,,,,,,,,,,,,,,,,,,,,,,,,,,,,,,,,,,,,,,,,,,,,,,,,,,,,,,,,,,,,,,,,,,,,,,,,
Ninjask,291,291,0,Bicho,Volador,Bug,Bug,Ningún objeto,Ningún objeto,Ningún objeto,Impulso,Impulso,Allanamiento,61,90,45,50,50,160,0,Corte Furia,0,Chirrido,0,Doble Equipo,1,Fortaleza,1,Arañazo,1,Ataque Arena,1,Garra Metal,1,Bofetón Lodo,1,Relevo,1,Corte Furia,1,Chirrido,1,Absorber,1,Picadura,4,Ataque Arena,7,Golpes Furia,11,Agilidad,15,Chupavidas,19,Telépata,20,Doble Equipo,20,Corte Furia,20,Chirrido,23,Cuchillada,23,Tajo Umbrío,27,Golpe Aéreo,31,Tijera X,35,Relevo,39,Danza Espada,43,Ida y Vuelta,47,Zumbido,51,Veloc. Extrema,,,,,,,,,,,,,,,,,,,,,,,,,,,,,,,,,,,,,,,,,Tóxico,Día Soleado,Hiperrayo,Protección,Gigadrenado,Rayo Solar,Excavar,Bola Sombra,Doble Equipo,Tormenta Arena,Golpe Aéreo,Ladrón,Respiro,Falso Tortazo,Zumbido,Gigaimpacto,Destello,Danza Espada,Tijera X,Ida y Vuelta,Corte,Despejar,,,,,,,,,,,,,,,,,,,,,,,,,,,,,,,,,,,,,,,,,,,,,,,,,,,,,,,,,,,,,,,,,,,,,,,,,,,,,,,,,,,,,,,,,,,,,,,,,,,,,,,,,,,,,,,,,,,,,,,,,,,,,,,,,,,,,,Tornado,Tajo Umbrío,Picadura,Sacrificio,Azote,Finta,Viento Plata,,,,,,,,,,,,,,,,,,,,,,,,,,,,,,,,,,,,,,,,,,,,,,,,,,,,,,,,,,,,,,,,,,,,,,,,,,,,,,,,,,,,,,,,,,,,,,Ronquido,Aire Afilado,Bofetón Lodo,Púas,Ala Bis,Aguzar,Corte Furia,Rencor,Alboroto,Viento Aciago,Meteoros,Chupavidas,,,,,,,,,,,,,,,,,,,,,,,,,,,,,,,,,,,,,,,,,,,,,,,,,,,,,,,,,,,,,,,,,,,,,,,,,,,,,,,,,,,,,,,,
Shedinja,292,292,0,Bicho,Fantasma,Mineral,Mineral,Ningún objeto,Ningún objeto,Ningún objeto,Superguarda,Superguarda,Superguarda,1,90,45,30,30,40,1,Fortaleza,1,Ataque Arena,1,Arañazo,1,Garra Metal,1,Bofetón Lodo,1,Rabia,1,Absorber,1,Picadura,4,Ataque Arena,7,Golpes Furia,11,Rencor,15,Chupavidas,19,Telépata,23,Sombra Vil,27,Tijera X,31,Rayo Confuso,35,Bola Sombra,43,Rabia,62,Sacrificio,64,Golpe Fantasma,,,,,,,,,,,,,,,,,,,,,,,,,,,,,,,,,,,,,,,,,,,,,,,,,,,,,,,,,,,,,Tóxico,Día Soleado,Hiperrayo,Protección,Gigadrenado,Rayo Solar,Excavar,Bola Sombra,Doble Equipo,Tormenta Arena,Golpe Aéreo,Ladrón,Falso Tortazo,Fuego Fatuo,Zumbido,Garra Umbría,Gigaimpacto,Destello,Danza Espada,Tijera X,Brillo Mágico,Corte,,,,,,,,,,,,,,,,,,,,,,,,,,,,,,,,,,,,,,,,,,,,,,,,,,,,,,,,,,,,,,,,,,,,,,,,,,,,,,,,,,,,,,,,,,,,,,,,,,,,,,,,,,,,,,,,,,,,,,,,,,,,,,,,,,,,,,,,,,,,,,,,,,,,,,,,,,,,,,,,,,,,,,,,,,,,,,,,,,,,,,,,,,,,,,,,,,,,,,,,,,,,,,,,,,,,,,,,,,,,,,,,,,,,,,,,,,Ronquido,Cambio de Banda,Bofetón Lodo,Corte Furia,Rencor,Truco,Chupavidas,Golpe Bajo,,,,,,,,,,,,,,,,,,,,,,,,,,,,,,,,,,,,,,,,,,,,,,,,,,,,,,,,,,,,,,,,,,,,,,,,,,,,,,,,,,,,,,,,,,,,
Whismur,293,293,0,Normal,,Monster,Field,Ningún objeto,Ningún objeto,Ningún objeto,Insonorizar,Intrépido,Cobardía,64,51,23,51,23,28,1,Destructor,1,Aullido,1,Voz Cautivadora,5,Eco Voz,7,Impresionar,10,Alboroto,13,Chirrido,16,Pisotón,19,Supersónico,22,Paranormal,25,Llanto Falso,28,Vozarrón,31,Rugido,34,Descanso,34,Sonámbulo,37,Machada,40,Esfuerzo,,,,,,,,,,,,,,,,,,,,,,,,,,,,,,,,,,,,,,,,,,,,,,,,,,,,,,,,,,,,,,,,,,,Hidropulso,Rugido,Tóxico,Poder Oculto,Día Soleado,Rayo Hielo,Ventisca,Protección,Danza Lluvia,Rayo Solar,Bola Sombra,Doble Equipo,Onda Voltio,Lanzallamas,Llamarada,Descanso,Atracción,Lanzamiento,Zumbido,,,,,,,,,,,,,,,,,,,,,,,,,,,,,,,,,,,,,,,,,,,,,,,,,,,,,,,,,,,,,,,,,,,,,,,,,,,,,,,,,,,,,,,,,,,,,,,,,,,,,,,,,,,,,,,,,,,,,,,,,,,,,,,,,,,,,,,,,Llave Giro,Voz Cautivadora,Esfuerzo,Paranormal,Machada,Pantalla de Humo,Derribo,Remolino,Ronquido,Llanto Falso,,,,,,,,,,,,,,,,,,,,,,,,,,,,,,,,,,,,,,,,,,,,,,,,,,,,,,,,,,,,,,,,,,,,,,,,,,,,,,,,,,,,,,,,,,,Ronquido,Rodar,Bofetón Lodo,Alboroto,Puño Fuego,Puño Hielo,Puño Trueno,Sísmico,Cabezazo Zen,Viento Hielo,Esfuerzo,,,,,,,,,,,,,,,,,,,,,,,,,,,,,,,,,,,,,,,,,,,,,,,,,,,,,,,,,,,,,,,,,,,,,,,,,,,,,,,,,,,,,,,,,
Loudred,294,294,0,Normal,,Monster,Field,Ningún objeto,Ningún objeto,Ningún objeto,Insonorizar,Intrépido,Punk Rock,84,71,43,71,43,48,0,Mordisco,1,Aullido,1,Eco Voz,1,Destructor,1,Mordisco,7,Impresionar,10,Alboroto,13,Chirrido,16,Pisotón,19,Supersónico,20,Mordisco,23,Paranormal,27,Llanto Falso,31,Vozarrón,35,Rugido,39,Descanso,39,Sonámbulo,43,Machada,47,Esfuerzo,,,,,,,,,,,,,,,,,,,,,,,,,,,,,,,,,,,,,,,,,,,,,,,,,,,,,,,,,,,,,,,Hidropulso,Rugido,Tóxico,Poder Oculto,Día Soleado,Mofa,Rayo Hielo,Ventisca,Protección,Danza Lluvia,Rayo Solar,Terremoto,Bola Sombra,Demolición,Doble Equipo,Onda Voltio,Lanzallamas,Llamarada,Tumba Rocas,Tormento,Descanso,Atracción,Sofoco,Lanzamiento,Zumbido,Avalancha,Vozarrón,Fuerza,Golpe Roca,,,,,,,,,,,,,,,,,,,,,,,,,,,,,,,,,,,,,,,,,,,,,,,,,,,,,,,,,,,,,,,,,,,,,,,,,,,,,,,,,,,,,,,,,,,,,,,,,,,,,,,,,,,,,,,,,,,,,,,,,,,,,,,Llave Giro,Voz Cautivadora,Esfuerzo,Paranormal,Machada,Pantalla de Humo,Derribo,Remolino,Ronquido,Llanto Falso,,,,,,,,,,,,,,,,,,,,,,,,,,,,,,,,,,,,,,,,,,,,,,,,,,,,,,,,,,,,,,,,,,,,,,,,,,,,,,,,,,,,,,,,,,,Ronquido,Terratemblor,Rodar,Bofetón Lodo,Alboroto,Pataleta,Puño Fuego,Puño Hielo,Puño Trueno,Sísmico,Cabezazo Zen,Patada Baja,Puño Incremento,Viento Hielo,Esfuerzo,,,,,,,,,,,,,,,,,,,,,,,,,,,,,,,,,,,,,,,,,,,,,,,,,,,,,,,,,,,,,,,,,,,,,,,,,,,,,,,,,,,,,
Exploud,295,295,0,Normal,,Monster,Field,Ningún objeto,Ningún objeto,Ningún objeto,Insonorizar,Intrépido,Punk Rock,104,91,63,91,73,68,0,Triturar,1,Aullido,1,Eco Voz,1,Destructor,1,Colmillo Rayo,1,Colmillo Ígneo,1,Colmillo Hielo,1,Triturar,7,Impresionar,10,Alboroto,13,Chirrido,16,Pisotón,19,Supersónico,20,Mordisco,23,Paranormal,27,Llanto Falso,31,Vozarrón,35,Rugido,39,Descanso,39,Sonámbulo,40,Triturar,44,Machada,49,Esfuerzo,54,Hiperrayo,72,Estruendo,,,,,,,,,,,,,,,,,,,,,,,,,,,,,,,,,,,,,,,,,,,,,,,,,,,Hidropulso,Rugido,Tóxico,Poder Oculto,Día Soleado,Mofa,Rayo Hielo,Ventisca,Hiperrayo,Protección,Danza Lluvia,Rayo Solar,Terremoto,Bola Sombra,Demolición,Doble Equipo,Onda Voltio,Lanzallamas,Llamarada,Tumba Rocas,Tormento,Descanso,Atracción,Sofoco,Onda Certera,Lanzamiento,Zumbido,Gigaimpacto,Alud,Avalancha,Vozarrón,Surf,Fuerza,Golpe Roca,Treparrocas,,,,,,,,,,,,,,,,,,,,,,,,,,,,,,,,,,,,,,,,,,,,,,,,,,,,,,,,,,,,,,,,,,,,,,,,,,,,,,,,,,,,,,,,,,,,,,,,,,,,,,,,,,,,,,,,,,,,,,,,,Llave Giro,Voz Cautivadora,Esfuerzo,Paranormal,Machada,Pantalla de Humo,Derribo,Remolino,Ronquido,Llanto Falso,,,,,,,,,,,,,,,,,,,,,,,,,,,,,,,,,,,,,,,,,,,,,,,,,,,,,,,,,,,,,,,,,,,,,,,,,,,,,,,,,,,,,,,,,,,Ronquido,Terratemblor,Rodar,Bofetón Lodo,Alboroto,Pataleta,Puño Fuego,Puño Hielo,Puño Trueno,Sísmico,Cabezazo Zen,Patada Baja,Puño Incremento,Viento Hielo,Esfuerzo,Enfado,,,,,,,,,,,,,,,,,,,,,,,,,,,,,,,,,,,,,,,,,,,,,,,,,,,,,,,,,,,,,,,,,,,,,,,,,,,,,,,,,,,,
Makuhita,296,296,0,Lucha,,Human-Like,Human-Like,Ningún objeto,Ningún objeto,Cinturón Negro,Sebo,Agallas,Potencia Bruta,72,60,30,20,30,25,1,Foco Energía,1,Placaje,4,Ataque Arena,7,Empujón,9,Sorpresa,11,Palmeo,13,Remolino,15,Desarme,17,Llave Vital,21,Tambor,27,Desquite,28,Detección,30,Sísmico,33,Tajo Cruzado,34,Puño Certero,36,Aguante,39,A Bocajarro,42,Inversión,45,Contraataque,46,Cuerpo Pesado,,,,,,,,,,,,,,,,,,,,,,,,,,,,,,,,,,,,,,,,,,,,,,,,,,,,,,,,,,,,,Puño Certero,Tóxico,Corpulencia,Poder Oculto,Día Soleado,Protección,Danza Lluvia,Terremoto,Puntapié,Excavar,Demolición,Doble Equipo,Tumba Rocas,Atracción,Onda Certera,Lanzamiento,Avalancha,Vozarrón,Puya Nociva,Surf,Fuerza,Golpe Roca,Treparrocas,,,,,,,,,,,,,,,,,,,,,,,,,,,,,,,,,,,,,,,,,,,,,,,,,,,,,,,,,,,,,,,,,,,,,,,,,,,,,,,,,,,,,,,,,,,,,,,,,,,,,,,,,,,,,,,,,,,,,,,,,,,,,,,,,,,,,Detección,Refuerzo,Tajo Cruzado,Desquite,Puño Dinámico,Contraataque,Puño Bala,Amago,Vasta Guardia,Finta,,,,,,,,,,,,,,,,,,,,,,,,,,,,,,,,,,,,,,,,,,,,,,,,,,,,,,,,,,,,,,,,,,,,,,,,,,,,,,,,,,,,,,,,,,,Ronquido,Terratemblor,Bofetón Lodo,Puño Fuego,Puño Hielo,Puño Trueno,Sísmico,Imitación,Patada Baja,Cabeza de Hierro,Onda Vacío,Puño Incremento,Fuerza Bruta,Desarme,,,,,,,,,,,,,,,,,,,,,,,,,,,,,,,,,,,,,,,,,,,,,,,,,,,,,,,,,,,,,,,,,,,,,,,,,,,,,,,,,,,,,,
Hariyama,297,297,0,Lucha,,Human-Like,Human-Like,Ningún objeto,Ningún objeto,Roca del Rey,Sebo,Agallas,Potencia Bruta,144,120,60,40,60,50,1,Foco Energía,1,Placaje,1,Puño Bala,4,Ataque Arena,7,Empujón,9,Sorpresa,11,Palmeo,13,Remolino,15,Desarme,17,Llave Vital,21,Tambor,29,Desquite,30,Detección,33,Sísmico,37,Tajo Cruzado,38,Puño Certero,41,Aguante,45,A Bocajarro,49,Inversión,53,Contraataque,54,Cuerpo Pesado,,,,,,,,,,,,,,,,,,,,,,,,,,,,,,,,,,,,,,,,,,,,,,,,,,,,,,,,,,,Puño Certero,Tóxico,Corpulencia,Poder Oculto,Día Soleado,Hiperrayo,Protección,Danza Lluvia,Terremoto,Puntapié,Excavar,Demolición,Doble Equipo,Tumba Rocas,Atracción,Onda Certera,Escaldar,Lanzamiento,Vendetta,Gigaimpacto,Roca Afilada,Avalancha,Vozarrón,Puya Nociva,Surf,Fuerza,Golpe Roca,Treparrocas,,,,,,,,,,,,,,,,,,,,,,,,,,,,,,,,,,,,,,,,,,,,,,,,,,,,,,,,,,,,,,,,,,,,,,,,,,,,,,,,,,,,,,,,,,,,,,,,,,,,,,,,,,,,,,,,,,,,,,,,,,,,,,,,Detección,Refuerzo,Tajo Cruzado,Desquite,Puño Dinámico,Contraataque,Puño Bala,Amago,Vasta Guardia,Finta,,,,,,,,,,,,,,,,,,,,,,,,,,,,,,,,,,,,,,,,,,,,,,,,,,,,,,,,,,,,,,,,,,,,,,,,,,,,,,,,,,,,,,,,,,,Ronquido,Terratemblor,Bofetón Lodo,Pataleta,Puño Fuego,Puño Hielo,Puño Trueno,Sísmico,Imitación,Patada Baja,Onda Vacío,Puño Incremento,Fuerza Bruta,Desarme,,,,,,,,,,,,,,,,,,,,,,,,,,,,,,,,,,,,,,,,,,,,,,,,,,,,,,,,,,,,,,,,,,,,,,,,,,,,,,,,,,,,,,
Azurill,298,298,0,Normal,Hada,No Eggs,No Eggs,Ningún objeto,Ningún objeto,Ningún objeto,Potencia,Sebo,Herbívoro,50,20,40,40,40,20,1,Látigo,1,Pistola Agua,1,Salpicadura,6,Burbuja,8,Encanto,10,Rayo Burbuja,12,Canto,14,Refuerzo,16,Atizar,18,Bote,,,,,,,,,,,,,,,,,,,,,,,,,,,,,,,,,,,,,,,,,,,,,,,,,,,,,,,,,,,,,,,,,,,,,,,,,,,,,,,,,Hidropulso,Tóxico,Granizo,Poder Oculto,Rayo Hielo,Ventisca,Pantalla de Luz,Protección,Danza Lluvia,Cola Férrea,Doble Equipo,Descanso,Atracción,Salmuera,Surf,Cascada,,,,,,,,,,,,,,,,,,,,,,,,,,,,,,,,,,,,,,,,,,,,,,,,,,,,,,,,,,,,,,,,,,,,,,,,,,,,,,,,,,,,,,,,,,,,,,,,,,,,,,,,,,,,,,,,,,,,,,,,,,,,,,,,,,,,,,,,,,,,Acua Jet,Tambor,Copión,Canto Mortal,Presente,Canto,Empapar,Supersónico,Cosquillas,Otra Vez,Atizar,Llanto Falso,Golpe Cuerpo,Agua Lodosa,,,,,,,,,,,,,,,,,,,,,,,,,,,,,,,,,,,,,,,,,,,,,,,,,,,,,,,,,,,,,,,,,,,,,,,,,,,,,,,,,,,,,,,Ronquido,Refuerzo,Antojo,Rodar,Bofetón Lodo,Alboroto,Bote,Meteoros,Viento Hielo,Desarme,,,,,,,,,,,,,,,,,,,,,,,,,,,,,,,,,,,,,,,,,,,,,,,,,,,,,,,,,,,,,,,,,,,,,,,,,,,,,,,,,,,,,,,,,,
Nosepass,299,299,0,Roca,,Mineral,Amorphous,Ningún objeto,Ningún objeto,Imán,Robustez,Imán,Fuente Energía,30,35,135,55,90,30,1,Placaje,1,Fortaleza,4,Bloqueo,7,Lanzarrocas,10,Onda Trueno,13,Chispa,16,Avalancha,19,Descanso,22,Joya de Luz,25,Chispazo,28,Pedrada,31,Tormenta Arena,34,Rayo,37,Tierra Viva,40,Roca Afilada,43,Fijar Blanco,43,Electrocañón,46,Testarazo,,,,,,,,,,,,,,,,,,,,,,,,,,,,,,,,,,,,,,,,,,,,,,,,,,,,,,,,,,,,,,,,,Tóxico,Día Soleado,Mofa,Protección,Comesueños,Rayo,Trueno,Terremoto,Doble Equipo,Onda Voltio,Tormenta Arena,Tumba Rocas,Tormento,Voltiocambio,Atracción,Explosión,Pulimento,Roca Afilada,Onda Trueno,Trampa Rocas,Avalancha,Vozarrón,Fuerza,Golpe Roca,,,,,,,,,,,,,,,,,,,,,,,,,,,,,,,,,,,,,,,,,,,,,,,,,,,,,,,,,,,,,,,,,,,,,,,,,,,,,,,,,,,,,,,,,,,,,,,,,,,,,,,,,,,,,,,,,,,,,,,,,,,,,,,,,,,,Rodar,Doble Filo,Bloqueo,Vasta Guardia,Magnitud,,,,,,,,,,,,,,,,,,,,,,,,,,,,,,,,,,,,,,,,,,,,,,,,,,,,,,,,,,,,,,,,,,,,,,,,,,,,,,,,,,,,,,,,,,,,,,,,Ronquido,Terratemblor,Cambio de Banda,Rodar,Bofetón Lodo,Bloqueo,Autodestrucción,Pataleta,Poder Pasado,Puño Fuego,Puño Hielo,Puño Trueno,Defensa Férrea,Levitón,Capa Mágica,Divide Dolor,Gravedad,Electrocañón,Tierra Viva,,,,,,,,,,,,,,,,,,,,,,,,,,,,,,,,,,,,,,,,,,,,,,,,,,,,,,,,,,,,,,,,,,,,,,,,,,,,,,,,,
Skitty,300,300,0,Normal,,Field,Fairy,Ningún objeto,Ningún objeto,Ningún objeto,Gran Encanto,Normalidad,Piel Milagro,50,50,50,40,40,60,1,Látigo,1,Gruñido,1,Sorpresa,1,Placaje,7,Canto,13,Voz Cautivadora,15,Atracción,16,Golpes Furia,16,Doble Bofetón,17,Antojo,19,Copión,22,Vendetta,22,Finta,25,Cabezazo Zen,27,Golpe Bajo,29,Encanto,31,Imagen,31,Cascabel Cura,35,Carantoña,37,Doble Filo,43,Ojitos Tiernos,,,,,,,,,,,,,,,,,,,,,,,,,,,,,,,,,,,,,,,,,,,,,,,,,,,,,,,,,,,Hidropulso,Paz Mental,Tóxico,Poder Oculto,Día Soleado,Rayo Hielo,Ventisca,Protección,Danza Lluvia,Velo Sagrado,Comesueños,Rayo Solar,Cola Férrea,Rayo,Trueno,Excavar,Bola Sombra,Doble Equipo,Onda Voltio,Imagen,Descanso,Atracción,Voltio Cruel,Maquinación,Vendetta,Destello,Onda Trueno,Autosugestión,Brillo Mágico,Hierba Lazo,,,,,,,,,,,,,,,,,,,,,,,,,,,,,,,,,,,,,,,,,,,,,,,,,,,,,,,,,,,,,,,,,,,,,,,,,,,,,,,,,,,,,,,,,,,,,,,,,,,,,,,,,,,,,,,,,,,,,,,,,,,,,,Refuerzo,Alboroto,Llanto Falso,Deseo,Relevo,Cosquillas,Última Baza,Sorpresa,Cabezazo Zen,Golpe Bajo,Onda Simple,Masa Cósmica,Bomba Fango,,,,,,,,,,,,,,,,,,,,,,,,,,,,,,,,,,,,,,,,,,,,,,,,,,,,,,,,,,,,,,,,,,,,,,,,,,,,,,,,,,,,,,,,Ronquido,Antojo,Rodar,Bofetón Lodo,Cascabel Cura,Alboroto,Cabezazo Zen,Meteoros,Viento Hielo,Golpe Bajo,Última Baza,,,,,,,,,,,,,,,,,,,,,,,,,,,,,,,,,,,,,,,,,,,,,,,,,,,,,,,,,,,,,,,,,,,,,,,,,,,,,,,,,,,,,,,,,
Delcatty,301,301,0,Normal,,Field,Fairy,Ningún objeto,Ningún objeto,Ningún objeto,Gran Encanto,Normalidad,Piel Milagro,70,75,80,75,80,95,1,Látigo,1,Gruñido,1,Sorpresa,1,Placaje,8,Canto,12,Voz Cautivadora,16,Atracción,20,Golpes Furia,20,Doble Bofetón,24,Antojo,28,Copión,32,Vendetta,36,Cabezazo Zen,40,Encanto,44,Imagen,44,Vozarrón,48,Cascabel Cura,52,Carantoña,56,Doble Filo,56,Deseo,60,Ojitos Tiernos,64,Última Baza,,,,,,,,,,,,,,,,,,,,,,,,,,,,,,,,,,,,,,,,,,,,,,,,,,,,,,,,,Hidropulso,Paz Mental,Tóxico,Poder Oculto,Día Soleado,Rayo Hielo,Ventisca,Hiperrayo,Protección,Danza Lluvia,Velo Sagrado,Comesueños,Rayo Solar,Cola Férrea,Rayo,Trueno,Excavar,Bola Sombra,Doble Equipo,Onda Voltio,Imagen,Descanso,Atracción,Voltio Cruel,Maquinación,Vendetta,Gigaimpacto,Destello,Onda Trueno,Autosugestión,Brillo Mágico,Hierba Lazo,Fuerza,Golpe Roca,,,,,,,,,,,,,,,,,,,,,,,,,,,,,,,,,,,,,,,,,,,,,,,,,,,,,,,,,,,,,,,,,,,,,,,,,,,,,,,,,,,,,,,,,,,,,,,,,,,,,,,,,,,,,,,,,,,,,,,,,,Refuerzo,Alboroto,Llanto Falso,Deseo,Relevo,Cosquillas,Última Baza,Sorpresa,Cabezazo Zen,Golpe Bajo,Onda Simple,Masa Cósmica,Bomba Fango,,,,,,,,,,,,,,,,,,,,,,,,,,,,,,,,,,,,,,,,,,,,,,,,,,,,,,,,,,,,,,,,,,,,,,,,,,,,,,,,,,,,,,,,Ronquido,Antojo,Rodar,Bofetón Lodo,Aguzar,Cascabel Cura,Alboroto,Pataleta,Cabezazo Zen,Meteoros,Viento Hielo,Golpe Bajo,Última Baza,,,,,,,,,,,,,,,,,,,,,,,,,,,,,,,,,,,,,,,,,,,,,,,,,,,,,,,,,,,,,,,,,,,,,,,,,,,,,,,,,,,,,,,
Sableye,302,302,0,Siniestro,Fantasma,Human-Like,Human-Like,Ningún objeto,Ningún objeto,Lupa,Espejo Mágico,Rezagado,Bromista,60,75,100,75,100,50,1,Arañazo,1,Malicioso,4,Tinieblas,7,Impresionar,11,Golpes Furia,13,Detección,15,Sombra Vil,17,Anulación,19,Finta,21,Sorpresa,25,Garra Umbría,27,Desarme,29,Último Lugar,31,Rayo Confuso,33,Cabezazo Zen,35,Joya de Luz,37,Golpe Bajo,39,Truco,41,Bola Sombra,43,Mal de Ojo,45,Maquinación,47,Recuperación,48,Juego Sucio,,,,,,,,,,,,,,,,,,,,,,,,,,,,,,,,,,,,,,,,,,,,,,,,,,,,,,,Puño Certero,Hidropulso,Paz Mental,Tóxico,Día Soleado,Mofa,Protección,Danza Lluvia,Comesueños,Puntapié,Excavar,Psíquico,Bola Sombra,Demolición,Doble Equipo,Onda Voltio,Tumba Rocas,Golpe Aéreo,Tormento,Atracción,Ladrón,Lanzamiento,Puño Drenaje,Fuego Fatuo,Maquinación,Garra Umbría,Vendetta,Destello,Giro Bola,Autosugestión,Alarido,Pulso Umbrío,Puya Nociva,Brillo Mágico,Corte,Golpe Roca,,,,,,,,,,,,,,,,,,,,,,,,,,,,,,,,,,,,,,,,,,,,,,,,,,,,,,,,,,,,,,,,,,,,,,,,,,,,,,,,,,,,,,,,,,,,,,,,,,,,,,,,,,,,,,,,,,,,,,,,Recuperación,Camelo,Amago,Golpe Bajo,Represión Metal,Luz Lunar,Truco,Mal de Ojo,Sellar,,,,,,,,,,,,,,,,,,,,,,,,,,,,,,,,,,,,,,,,,,,,,,,,,,,,,,,,,,,,,,,,,,,,,,,,,,,,,,,,,,,,,,,,,,,,Ronquido,Refuerzo,Cambio de Banda,Bofetón Lodo,Corte Furia,Rencor,Rayo Señal,Viento Aciago,Puño Fuego,Puño Hielo,Puño Trueno,Zona Extraña,Sísmico,Imitación,Cabezazo Zen,Capa Mágica,Divide Dolor,Patada Baja,Truco,Gravedad,Puño Incremento,Viento Hielo,Desarme,Golpe Bajo,Juego Sucio,,,,,,,,,,,,,,,,,,,,,,,,,,,,,,,,,,,,,,,,,,,,,,,,,,,,,,,,,,,,,,,,,,,,,,,,,,,
Mawile,303,303,0,Acero,Hada,Field,Fairy,Ningún objeto,Ningún objeto,Bola Férrea,Potencia,Intimidación,Potencia Bruta,60,95,115,55,85,50,1,Gruñido,1,Impresionar,4,Viento Feérico,4,Llanto Falso,7,Mordisco,10,Dulce Aroma,13,Agarre,19,Relevo,19,Finta,22,Colmillo Ígneo,22,Colmillo Rayo,22,Colmillo Hielo,25,Cabeza de Hierro,28,Triturar,31,Carantoña,34,Defensa Férrea,37,Golpe Bajo,40,Reserva,40,Tragar,40,Escupir,43,Represión Metal,46,Puño Incremento,,,,,,,,,,,,,,,,,,,,,,,,,,,,,,,,,,,,,,,,,,,,,,,,,,,,,,,,,Puño Certero,Tóxico,Día Soleado,Mofa,Rayo Hielo,Hiperrayo,Protección,Danza Lluvia,Rayo Solar,Bola Sombra,Demolición,Doble Equipo,Lanzallamas,Bomba Lodo,Tormenta Arena,Llamarada,Tumba Rocas,Tormento,Atracción,Onda Certera,Falso Tortazo,Lanzamiento,Voltio Cruel,Vendetta,Gigaimpacto,Roca Afilada,Danza Espada,Trampa Rocas,Pulso Umbrío,Avalancha,Hierba Lazo,Foco Resplandor,Fuerza,Golpe Roca,,,,,,,,,,,,,,,,,,,,,,,,,,,,,,,,,,,,,,,,,,,,,,,,,,,,,,,,,,,,,,,,,,,,,,,,,,,,,,,,,,,,,,,,,,,,,,,,,,,,,,,,,,,,,,,,,,,,,,,,,,Poder Pasado,Cosquillas,Atizar,Sísmico,Puño Incremento,Colmillo Veneno,Golpe Bajo,Colmillo Hielo,Colmillo Ígneo,Colmillo Rayo,Cambiadefensa,Represión Metal,Campo de Niebla,,,,,,,,,,,,,,,,,,,,,,,,,,,,,,,,,,,,,,,,,,,,,,,,,,,,,,,,,,,,,,,,,,,,,,,,,,,,,,,,,,,,,,,,Ronquido,Refuerzo,Bofetón Lodo,Aguzar,Poder Pasado,Puño Hielo,Puño Trueno,Defensa Férrea,Levitón,Sísmico,Divide Dolor,Cabeza de Hierro,Puño Incremento,Viento Hielo,Desarme,Golpe Bajo,Última Baza,Juego Sucio,Superdiente,,,,,,,,,,,,,,,,,,,,,,,,,,,,,,,,,,,,,,,,,,,,,,,,,,,,,,,,,,,,,,,,,,,,,,,,,,,,,,,,,
Aron,304,304,0,Acero,,Monster,Monster,Ningún objeto,Ningún objeto,Piedra Dura,Cabeza Roca,Robustez,Metal Pesado,50,70,100,40,40,30,1,Fortaleza,1,Placaje,4,Bofetón Lodo,7,Golpe Cabeza,10,Garra Metal,13,Tumba Rocas,16,Protección,19,Avalancha,22,Rugido,25,Cabeza de Hierro,28,Derribo,31,Eco Metálico,34,Cola Férrea,37,Defensa Férrea,40,Doble Filo,40,Aligerar,43,Carga Dragón,46,Testarazo,49,Represión Metal,52,Cuerpo Pesado,,,,,,,,,,,,,,,,,,,,,,,,,,,,,,,,,,,,,,,,,,,,,,,,,,,,,,,,,,,,,Hidropulso,Rugido,Tóxico,Día Soleado,Protección,Danza Lluvia,Cola Férrea,Terremoto,Excavar,Doble Equipo,Onda Voltio,Tormenta Arena,Tumba Rocas,Golpe Aéreo,Atracción,Falso Tortazo,Garra Umbría,Pulimento,Trampa Rocas,Avalancha,Vozarrón,Corte,Fuerza,Golpe Roca,,,,,,,,,,,,,,,,,,,,,,,,,,,,,,,,,,,,,,,,,,,,,,,,,,,,,,,,,,,,,,,,,,,,,,,,,,,,,,,,,,,,,,,,,,,,,,,,,,,,,,,,,,,,,,,,,,,,,,,,,,,,,,,,,,,,Maldición,Carga Dragón,Esfuerzo,Testarazo,Pisotón,Bofetón Lodo,Golpe Cuerpo,Chirrido,Cabeza de Hierro,Fuerza Bruta,Inversión,,,,,,,,,,,,,,,,,,,,,,,,,,,,,,,,,,,,,,,,,,,,,,,,,,,,,,,,,,,,,,,,,,,,,,,,,,,,,,,,,,,,,,,,,,Ronquido,Terratemblor,Rodar,Bofetón Lodo,Corte Furia,Rencor,Alboroto,Poder Pasado,Defensa Férrea,Levitón,Cabeza de Hierro,Fuerza Bruta,Esfuerzo,Tierra Viva,,,,,,,,,,,,,,,,,,,,,,,,,,,,,,,,,,,,,,,,,,,,,,,,,,,,,,,,,,,,,,,,,,,,,,,,,,,,,,,,,,,,,,
Lairon,305,305,0,Acero,,Monster,Monster,Ningún objeto,Ningún objeto,Piedra Dura,Cabeza Roca,Robustez,Metal Pesado,60,90,140,50,50,40,1,Fortaleza,1,Placaje,4,Bofetón Lodo,7,Golpe Cabeza,10,Garra Metal,13,Tumba Rocas,16,Protección,19,Avalancha,22,Rugido,26,Cabeza de Hierro,30,Derribo,34,Eco Metálico,38,Cola Férrea,42,Defensa Férrea,46,Doble Filo,46,Aligerar,50,Carga Dragón,54,Testarazo,58,Represión Metal,64,Cuerpo Pesado,,,,,,,,,,,,,,,,,,,,,,,,,,,,,,,,,,,,,,,,,,,,,,,,,,,,,,,,,,,,,Hidropulso,Rugido,Tóxico,Día Soleado,Protección,Danza Lluvia,Cola Férrea,Terremoto,Excavar,Doble Equipo,Onda Voltio,Tormenta Arena,Tumba Rocas,Golpe Aéreo,Atracción,Falso Tortazo,Garra Umbría,Pulimento,Roca Afilada,Trampa Rocas,Avalancha,Vozarrón,Corte,Fuerza,Golpe Roca,,,,,,,,,,,,,,,,,,,,,,,,,,,,,,,,,,,,,,,,,,,,,,,,,,,,,,,,,,,,,,,,,,,,,,,,,,,,,,,,,,,,,,,,,,,,,,,,,,,,,,,,,,,,,,,,,,,,,,,,,,,,,,,,,,,Maldición,Carga Dragón,Esfuerzo,Testarazo,Pisotón,Bofetón Lodo,Golpe Cuerpo,Chirrido,Cabeza de Hierro,Fuerza Bruta,Inversión,,,,,,,,,,,,,,,,,,,,,,,,,,,,,,,,,,,,,,,,,,,,,,,,,,,,,,,,,,,,,,,,,,,,,,,,,,,,,,,,,,,,,,,,,,Ronquido,Terratemblor,Rodar,Bofetón Lodo,Corte Furia,Rencor,Alboroto,Pataleta,Poder Pasado,Defensa Férrea,Levitón,Cabeza de Hierro,Fuerza Bruta,Esfuerzo,Tierra Viva,,,,,,,,,,,,,,,,,,,,,,,,,,,,,,,,,,,,,,,,,,,,,,,,,,,,,,,,,,,,,,,,,,,,,,,,,,,,,,,,,,,,,
Aggron,306,306,0,Acero,,Monster,Monster,Ningún objeto,Ningún objeto,Piedra Dura,Cabeza Roca,Robustez,Metal Pesado,70,110,180,60,60,50,1,Fortaleza,1,Placaje,1,Fuerza Bruta,4,Bofetón Lodo,7,Golpe Cabeza,10,Garra Metal,13,Tumba Rocas,16,Protección,19,Avalancha,22,Rugido,26,Cabeza de Hierro,30,Derribo,34,Eco Metálico,38,Cola Férrea,43,Defensa Férrea,48,Doble Filo,48,Aligerar,53,Carga Dragón,58,Testarazo,63,Represión Metal,72,Cuerpo Pesado,,,,,,,,,,,,,,,,,,,,,,,,,,,,,,,,,,,,,,,,,,,,,,,,,,,,,,,,,,,Puño Certero,Garra Dragón,Hidropulso,Rugido,Tóxico,Día Soleado,Mofa,Rayo Hielo,Ventisca,Hiperrayo,Protección,Danza Lluvia,Rayo Solar,Cola Férrea,Rayo,Trueno,Terremoto,Excavar,Demolición,Doble Equipo,Onda Voltio,Lanzallamas,Tormenta Arena,Llamarada,Tumba Rocas,Golpe Aéreo,Atracción,Onda Certera,Falso Tortazo,Lanzamiento,Pulso Dragón,Garra Umbría,Vendetta,Gigaimpacto,Pulimento,Roca Afilada,Alud,Onda Trueno,Trampa Rocas,Pulso Umbrío,Avalancha,Vozarrón,Foco Resplandor,Corte,Surf,Fuerza,Golpe Roca,Treparrocas,,,,,,,,,,,,,,,,,,,,,,,,,,,,,,,,,,,,,,,,,,,,,,,,,,,,,,,,,,,,,,,,,,,,,,,,,,,,,,,,,,,,,,,,,,,,,,,,,,,,,,,,,,,,Maldición,Carga Dragón,Esfuerzo,Testarazo,Pisotón,Bofetón Lodo,Golpe Cuerpo,Chirrido,Cabeza de Hierro,Fuerza Bruta,Inversión,,,,,,,,,,,,,,,,,,,,,,,,,,,,,,,,,,,,,,,,,,,,,,,,,,,,,,,,,,,,,,,,,,,,,,,,,,,,,,,,,,,,,,,,,,Ronquido,Terratemblor,Rodar,Bofetón Lodo,Bloqueo,Corte Furia,Rencor,Alboroto,Pataleta,Poder Pasado,Puño Fuego,Puño Hielo,Puño Trueno,Defensa Férrea,Levitón,Sísmico,Patada Baja,Cabeza de Hierro,Acua Cola,Puño Incremento,Viento Hielo,Fuerza Bruta,Esfuerzo,Enfado,Tierra Viva,,,,,,,,,,,,,,,,,,,,,,,,,,,,,,,,,,,,,,,,,,,,,,,,,,,,,,,,,,,,,,,,,,,,,,,,,,,
Meditite,307,307,0,Lucha,Psíquico,Human-Like,Human-Like,Ningún objeto,Ningún objeto,Ningún objeto,Energía Pura,Energía Pura,Telepatía,30,40,55,60,55,60,1,Destructor,1,Detección,4,Meditación,4,Patada Baja,7,Confusión,10,Aguante,13,Amago,16,Palmeo,17,Puño Bala,19,Poder Oculto,20,Psicorrayo,22,Psicocorte,25,Paz Mental,28,Telépata,31,Pat. Salto Alta,34,Autosugestión,37,Cabezazo Zen,40,Acupresión,43,Truco Fuerza,44,Contraataque,46,Inversión,49,Recuperación,,,,,,,,,,,,,,,,,,,,,,,,,,,,,,,,,,,,,,,,,,,,,,,,,,,,,,,,,Puño Certero,Paz Mental,Tóxico,Corpulencia,Poder Oculto,Día Soleado,Pantalla de Luz,Protección,Danza Lluvia,Puntapié,Psíquico,Bola Sombra,Demolición,Doble Equipo,Reflejo,Tumba Rocas,Atracción,Onda Certera,Lanzamiento,Puño Drenaje,Reciclaje,Destello,Autosugestión,Avalancha,Puya Nociva,Brillo Mágico,Hierba Lazo,Fuerza,Golpe Roca,,,,,,,,,,,,,,,,,,,,,,,,,,,,,,,,,,,,,,,,,,,,,,,,,,,,,,,,,,,,,,,,,,,,,,,,,,,,,,,,,,,,,,,,,,,,,,,,,,,,,,,,,,,,,,,,,,,,,,,,,,,,,,,Puño Fuego,Puño Trueno,Puño Hielo,Sorpresa,Relevo,Puño Dinámico,Cambiafuerza,Cambiadefensa,Psicocorte,Puño Bala,Anticipo,,,,,,,,,,,,,,,,,,,,,,,,,,,,,,,,,,,,,,,,,,,,,,,,,,,,,,,,,,,,,,,,,,,,,,,,,,,,,,,,,,,,,,,,,,Ronquido,Bofetón Lodo,Rayo Señal,Puño Fuego,Puño Hielo,Puño Trueno,Sísmico,Imitación,Cabezazo Zen,Capa Mágica,Divide Dolor,Meteoros,Patada Baja,Truco,Onda Vacío,Gravedad,Puño Incremento,,,,,,,,,,,,,,,,,,,,,,,,,,,,,,,,,,,,,,,,,,,,,,,,,,,,,,,,,,,,,,,,,,,,,,,,,,,,,,,,,,,
Medicham,308,308,0,Lucha,Psíquico,Human-Like,Human-Like,Ningún objeto,Ningún objeto,Ningún objeto,Energía Pura,Energía Pura,Telepatía,60,60,80,80,80,90,1,Detección,1,Destructor,1,Puño Hielo,1,Puño Trueno,1,Puño Fuego,4,Meditación,4,Patada Baja,7,Confusión,10,Aguante,13,Amago,16,Palmeo,19,Puño Bala,19,Poder Oculto,20,Psicorrayo,22,Psicocorte,25,Paz Mental,28,Telépata,31,Pat. Salto Alta,35,Autosugestión,39,Cabezazo Zen,43,Acupresión,47,Truco Fuerza,51,Inversión,53,Contraataque,55,Recuperación,,,,,,,,,,,,,,,,,,,,,,,,,,,,,,,,,,,,,,,,,,,,,,,,,,,Puño Certero,Paz Mental,Tóxico,Corpulencia,Poder Oculto,Día Soleado,Hiperrayo,Pantalla de Luz,Protección,Danza Lluvia,Puntapié,Psíquico,Bola Sombra,Demolición,Doble Equipo,Reflejo,Tumba Rocas,Atracción,Onda Certera,Energibola,Lanzamiento,Puño Drenaje,Reciclaje,Gigaimpacto,Destello,Autosugestión,Avalancha,Puya Nociva,Brillo Mágico,Hierba Lazo,Fuerza,Golpe Roca,,,,,,,,,,,,,,,,,,,,,,,,,,,,,,,,,,,,,,,,,,,,,,,,,,,,,,,,,,,,,,,,,,,,,,,,,,,,,,,,,,,,,,,,,,,,,,,,,,,,,,,,,,,,,,,,,,,,,,,,,,,,Puño Fuego,Puño Trueno,Puño Hielo,Sorpresa,Relevo,Puño Dinámico,Cambiafuerza,Cambiadefensa,Psicocorte,Puño Bala,Anticipo,,,,,,,,,,,,,,,,,,,,,,,,,,,,,,,,,,,,,,,,,,,,,,,,,,,,,,,,,,,,,,,,,,,,,,,,,,,,,,,,,,,,,,,,,,Ronquido,Bofetón Lodo,Aguzar,Rayo Señal,Puño Fuego,Puño Hielo,Puño Trueno,Sísmico,Imitación,Cabezazo Zen,Capa Mágica,Divide Dolor,Meteoros,Patada Baja,Truco,Onda Vacío,Gravedad,Puño Incremento,,,,,,,,,,,,,,,,,,,,,,,,,,,,,,,,,,,,,,,,,,,,,,,,,,,,,,,,,,,,,,,,,,,,,,,,,,,,,,,,,,
Electrike,309,309,0,Eléctrico,,Field,Field,Ningún objeto,Ningún objeto,Ningún objeto,Elec. Estática,Pararrayos,Intimidación,40,45,40,65,40,65,1,Placaje,1,Malicioso,4,Aullido,10,Ataque Rápido,13,Chispa,16,Onda Voltio,16,Mordisco,19,Rayo Carga,22,Rugido,25,Colmillo Rayo,25,Colmillo Hielo,25,Colmillo Ígneo,28,Rugido,31,Chispazo,33,Lanzallamas,34,Triturar,37,Voltio Cruel,40,Carga,43,Trueno,48,Sofoco,,,,,,,,,,,,,,,,,,,,,,,,,,,,,,,,,,,,,,,,,,,,,,,,,,,,,,,,,,,,,Rugido,Tóxico,Pantalla de Luz,Protección,Danza Lluvia,Cola Férrea,Rayo,Trueno,Doble Equipo,Onda Voltio,Lanzallamas,Imagen,Voltiocambio,Atracción,Ladrón,Voltio Cruel,Destello,Onda Trueno,Alarido,Fuerza,,,,,,,,,,,,,,,,,,,,,,,,,,,,,,,,,,,,,,,,,,,,,,,,,,,,,,,,,,,,,,,,,,,,,,,,,,,,,,,,,,,,,,,,,,,,,,,,,,,,,,,,,,,,,,,,,,,,,,,,,,,,,,,,,,,,,,,,Golpe Cabeza,Maldición,Trapicheo,Chispa,Triturar,Alboroto,Meteoros,Chispazo,Colmillo Hielo,Colmillo Ígneo,Colmillo Rayo,Bola Voltio,Onda Anómala,,,,,,,,,,,,,,,,,,,,,,,,,,,,,,,,,,,,,,,,,,,,,,,,,,,,,,,,,,,,,,,,,,,,,,,,,,,,,,,,,,,,,,,,Ronquido,Bofetón Lodo,Alboroto,Rayo Señal,Levitón,Meteoros,Electrocañón,,,,,,,,,,,,,,,,,,,,,,,,,,,,,,,,,,,,,,,,,,,,,,,,,,,,,,,,,,,,,,,,,,,,,,,,,,,,,,,,,,,,,,,,,,,,,
Manectric,310,310,0,Eléctrico,,Field,Field,Ningún objeto,Ningún objeto,Ningún objeto,Elec. Estática,Pararrayos,Intimidación,70,75,60,105,60,105,1,Malicioso,1,Placaje,1,Onda Trueno,4,Aullido,10,Ataque Rápido,13,Chispa,16,Onda Voltio,16,Mordisco,19,Rayo Carga,22,Rugido,25,Colmillo Rayo,25,Colmillo Hielo,25,Colmillo Ígneo,29,Rugido,33,Chispazo,35,Lanzallamas,37,Triturar,41,Voltio Cruel,45,Carga,49,Trueno,50,Sofoco,60,Campo Eléctrico,,,,,,,,,,,,,,,,,,,,,,,,,,,,,,,,,,,,,,,,,,,,,,,,,,,,,,,,,Rugido,Tóxico,Hiperrayo,Pantalla de Luz,Protección,Danza Lluvia,Cola Férrea,Rayo,Trueno,Doble Equipo,Onda Voltio,Lanzallamas,Imagen,Voltiocambio,Descanso,Atracción,Ladrón,Sofoco,Voltio Cruel,Gigaimpacto,Destello,Onda Trueno,Alarido,Fuerza,,,,,,,,,,,,,,,,,,,,,,,,,,,,,,,,,,,,,,,,,,,,,,,,,,,,,,,,,,,,,,,,,,,,,,,,,,,,,,,,,,,,,,,,,,,,,,,,,,,,,,,,,,,,,,,,,,,,,,,,,,,,,,,,,,,,Golpe Cabeza,Maldición,Trapicheo,Chispa,Triturar,Alboroto,Meteoros,Chispazo,Colmillo Hielo,Colmillo Ígneo,Colmillo Rayo,Bola Voltio,Onda Anómala,,,,,,,,,,,,,,,,,,,,,,,,,,,,,,,,,,,,,,,,,,,,,,,,,,,,,,,,,,,,,,,,,,,,,,,,,,,,,,,,,,,,,,,,Ronquido,Bofetón Lodo,Aguzar,Alboroto,Rayo Señal,Levitón,Meteoros,Electrocañón,,,,,,,,,,,,,,,,,,,,,,,,,,,,,,,,,,,,,,,,,,,,,,,,,,,,,,,,,,,,,,,,,,,,,,,,,,,,,,,,,,,,,,,,,,,,
Plusle,311,311,0,Eléctrico,,Fairy,Fairy,Ningún objeto,Ningún objeto,Ningún objeto,Más,Bromista,Batería,60,50,50,95,85,110,1,Ataque Rápido,1,Gruñido,1,Camaradería,1,Moflete Estático,4,Refuerzo,7,Chispa,10,Otra Vez,13,Rayo Carga,13,Intercambio,16,Deseo,19,Bola Voltio,19,Meteoros,22,Carga,25,Chispazo,28,Copión,31,Encanto,34,Rayo,37,Relevo,40,Agilidad,43,Última Baza,46,Trueno,49,Danza Amiga,49,Maquinación,,,,,,,,,,,,,,,,,,,,,,,,,,,,,,,,,,,,,,,,,,,,,,,,,,,,,,,Tóxico,Pantalla de Luz,Protección,Danza Lluvia,Cola Férrea,Rayo,Trueno,Doble Equipo,Onda Voltio,Imagen,Voltiocambio,Atracción,Intercambio,Lanzamiento,Voltio Cruel,Maquinación,Destello,Onda Trueno,Hierba Lazo,,,,,,,,,,,,,,,,,,,,,,,,,,,,,,,,,,,,,,,,,,,,,,,,,,,,,,,,,,,,,,,,,,,,,,,,,,,,,,,,,,,,,,,,,,,,,,,,,,,,,,,,,,,,,,,,,,,,,,,,,,,,,,,,,,,,,,,,,Deseo,Canto,Beso Dulce,Chispazo,Encanto,Llanto Falso,Ojos Llorosos,,,,,,,,,,,,,,,,,,,,,,,,,,,,,,,,,,,,,,,,,,,,,,,,,,,,,,,,,,,,,,,,,,,,,,,,,,,,,,,,,,,,,,,,,,,,,,Ronquido,Antojo,Rodar,Electrotela,Bofetón Lodo,Alboroto,Rayo Señal,Puño Trueno,Levitón,Sísmico,Meteoros,Electrocañón,Última Baza,,,,,,,,,,,,,,,,,,,,,,,,,,,,,,,,,,,,,,,,,,,,,,,,,,,,,,,,,,,,,,,,,,,,,,,,,,,,,,,,,,,,,,,
Minun,312,312,0,Eléctrico,,Fairy,Fairy,Ningún objeto,Ningún objeto,Ningún objeto,Menos,Piel Eléctrica,Compiescolta,60,85,50,50,95,110,1,Ataque Rápido,1,Gruñido,1,Camaradería,1,Moflete Estático,4,Refuerzo,7,Chispa,10,Otra Vez,13,Rayo Carga,16,Trapicheo,19,Bola Voltio,19,Meteoros,22,Carga,25,Chispazo,28,Copión,31,Llanto Falso,34,Rayo,37,Relevo,40,Última Baza,40,Agilidad,46,Trueno,49,Danza Amiga,49,Veloc. Extrema,,,,,,,,,,,,,,,,,,,,,,,,,,,,,,,,,,,,,,,,,,,,,,,,,,,,,,,,,Tóxico,Pantalla de Luz,Protección,Danza Lluvia,Cola Férrea,Rayo,Trueno,Doble Equipo,Onda Voltio,Imagen,Voltiocambio,Atracción,Lanzamiento,Voltio Cruel,Maquinación,Destello,Onda Trueno,Hierba Lazo,,,,,,,,,,,,,,,,,,,,,,,,,,,,,,,,,,,,,,,,,,,,,,,,,,,,,,,,,,,,,,,,,,,,,,,,,,,,,,,,,,,,,,,,,,,,,,,,,,,,,,,,,,,,,,,,,,,,,,,,,,,,,,,,,,,,,,,,,,Deseo,Canto,Beso Dulce,Chispazo,Encanto,Llanto Falso,Ojos Llorosos,,,,,,,,,,,,,,,,,,,,,,,,,,,,,,,,,,,,,,,,,,,,,,,,,,,,,,,,,,,,,,,,,,,,,,,,,,,,,,,,,,,,,,,,,,,,,,Ronquido,Antojo,Rodar,Electrotela,Bofetón Lodo,Alboroto,Rayo Señal,Puño Trueno,Levitón,Sísmico,Meteoros,Electrocañón,Última Baza,,,,,,,,,,,,,,,,,,,,,,,,,,,,,,,,,,,,,,,,,,,,,,,,,,,,,,,,,,,,,,,,,,,,,,,,,,,,,,,,,,,,,,,
Volbeat,313,313,0,Bicho,Eléctrico,Bug,Human-Like,Ningún objeto,Ningún objeto,Polvo Brillo,Enjambre,Cuerpo Vívido,Bromista,65,33,75,107,85,100,1,Placaje,1,Camaradería,6,Doble Equipo,9,Rayo Confuso,12,Ataque Rápido,15,Estoicismo,15,Picadura,18,Rayo Carga,21,Luz Lunar,26,Otra Vez,26,Rayo Señal,27,Luminicola,30,Protección,33,Rayo,36,Zumbido,39,Cabezazo Zen,42,Carantoña,45,Refuerzo,48,Doble Filo,50,Acoso,51,Relevo,54,Trueno,,,,,,,,,,,,,,,,,,,,,,,,,,,,,,,,,,,,,,,,,,,,,,,,,,,,,,,,,Puño Certero,Hidropulso,Tóxico,Día Soleado,Pantalla de Luz,Protección,Danza Lluvia,Gigadrenado,Comesueños,Rayo Solar,Rayo,Trueno,Bola Sombra,Demolición,Doble Equipo,Onda Voltio,Golpe Aéreo,Voltiocambio,Atracción,Ladrón,Respiro,Lanzamiento,Voltio Cruel,Zumbido,Destello,Onda Trueno,Autosugestión,Ida y Vuelta,,,,,,,,,,,,,,,,,,,,,,,,,,,,,,,,,,,,,,,,,,,,,,,,,,,,,,,,,,,,,,,,,,,,,,,,,,,,,,,,,,,,,,,,,,,,,,,,,,,,,,,,,,,,,,,,,,,,,,,,,,,,,,,,Relevo,Truco,Otra Vez,Sísmico,Plancha,Puño Mareo,Viento Plata,,,,,,,,,,,,,,,,,,,,,,,,,,,,,,,,,,,,,,,,,,,,,,,,,,,,,,,,,,,,,,,,,,,,,,,,,,,,,,,,,,,,,,,,,,,,,,Ronquido,Aire Afilado,Bofetón Lodo,Rayo Señal,Viento Aciago,Puño Hielo,Puño Trueno,Sísmico,Viento Afín,Cabezazo Zen,Meteoros,Truco,Puño Incremento,,,,,,,,,,,,,,,,,,,,,,,,,,,,,,,,,,,,,,,,,,,,,,,,,,,,,,,,,,,,,,,,,,,,,,,,,,,,,,,,,,,,,,,
Illumise,314,314,0,Bicho,Hada,Bug,Human-Like,Ningún objeto,Ningún objeto,Polvo Brillo,Cromolente,Despiste,Bromista,65,33,85,97,85,100,1,Placaje,1,Camaradería,1,Truco,6,Dulce Aroma,9,Encanto,12,Ataque Rápido,15,Estoicismo,18,Beso Drenaje,21,Luz Lunar,24,Otra Vez,27,Deseo,27,Aromaterapia,30,Camelo,33,Fuerza Lunar,36,Zumbido,39,Cabezazo Zen,42,Carantoña,45,Refuerzo,48,Antojo,50,Acoso,51,Relevo,54,Trueno,,,,,,,,,,,,,,,,,,,,,,,,,,,,,,,,,,,,,,,,,,,,,,,,,,,,,,,,,Puño Certero,Hidropulso,Tóxico,Día Soleado,Pantalla de Luz,Protección,Danza Lluvia,Gigadrenado,Comesueños,Rayo Solar,Rayo,Trueno,Bola Sombra,Demolición,Doble Equipo,Reflejo,Onda Voltio,Golpe Aéreo,Atracción,Ladrón,Respiro,Lanzamiento,Voltio Cruel,Zumbido,Destello,Onda Trueno,Autosugestión,Ida y Vuelta,,,,,,,,,,,,,,,,,,,,,,,,,,,,,,,,,,,,,,,,,,,,,,,,,,,,,,,,,,,,,,,,,,,,,,,,,,,,,,,,,,,,,,,,,,,,,,,,,,,,,,,,,,,,,,,,,,,,,,,,,,,,,,,,Relevo,Desarrollo,Otra Vez,Llanto Falso,Rayo Confuso,Aromaterapia,Viento Plata,,,,,,,,,,,,,,,,,,,,,,,,,,,,,,,,,,,,,,,,,,,,,,,,,,,,,,,,,,,,,,,,,,,,,,,,,,,,,,,,,,,,,,,,,,,,,,Ronquido,Antojo,Aire Afilado,Bofetón Lodo,Viento Aciago,Puño Hielo,Puño Trueno,Sísmico,Viento Afín,Cabezazo Zen,Meteoros,Puño Incremento,,,,,,,,,,,,,,,,,,,,,,,,,,,,,,,,,,,,,,,,,,,,,,,,,,,,,,,,,,,,,,,,,,,,,,,,,,,,,,,,,,,,,,,,
Roselia,315,315,0,Planta,Veneno,Fairy,Grass,Ningún objeto,Ningún objeto,Flecha Venenosa,Punto Tóxico,Cura Natural,Defensa Hoja,50,60,45,100,80,65,0,Picotazo Veneno,1,Abatidoras,1,Desarrollo,1,Absorber,1,Picotazo Veneno,9,Megaagotar,12,Paralizador,12,Somnífero,15,Drenadoras,18,Hoja Mágica,21,Residuos,22,Silbato,24,Púas,24,Púas Tóxicas,27,Gigadrenado,30,Dulce Aroma,33,Bomba Lodo,36,Arraigo,39,Danza Pétalo,42,Tóxico,45,Aromaterapia,45,Tormenta Floral,48,Síntesis,51,Latigazo,,,,,,,,,,,,,,,,,,,,,,,,,,,,,,,,,,,,,,,,,,,,,,,,,,,,,Tóxico,Semilladora,Día Soleado,Protección,Danza Lluvia,Gigadrenado,Comesueños,Rayo Solar,Bola Sombra,Doble Equipo,Bomba Lodo,Atracción,Energibola,Destello,Danza Espada,Autosugestión,Puya Nociva,Hierba Lazo,Corte,,,,,,,,,,,,,,,,,,,,,,,,,,,,,,,,,,,,,,,,,,,,,,,,,,,,,,,,,,,,,,,,,,,,,,,,,,,,,,,,,,,,,,,,,,,,,,,,,,,,,,,,,,,,,,,,,,,,,,,,,,,,,,,,,,,,,,,,,Esporagodón,Somnífero,Viento Cortante,Paranormal,Gota Vital,Púas,Síntesis,Pin Misil,Telépata,Lluevehojas,Bomba Germen,Latigazo,Silbato,,,,,,,,,,,,,,,,,,,,,,,,,,,,,,,,,,,,,,,,,,,,,,,,,,,,,,,,,,,,,,,,,,,,,,,,,,,,,,,,,,,,,,,,Ronquido,Antojo,Abatidoras,Bofetón Lodo,Púas,Corte Furia,Síntesis,Bomba Germen,Meteoros,,,,,,,,,,,,,,,,,,,,,,,,,,,,,,,,,,,,,,,,,,,,,,,,,,,,,,,,,,,,,,,,,,,,,,,,,,,,,,,,,,,,,,,,,,,
Gulpin,316,316,0,Veneno,,Amorphous,Amorphous,Baya Aranja,Ningún objeto,Baya Zidra,Lodo Líquido,Gula,Corrosión,70,43,53,43,53,40,1,Destructor,5,Bostezo,8,Polución,11,Gas Venenoso,14,Amnesia,17,Bomba Ácida,17,Residuos,20,Otra Vez,23,Divide Dolor,26,Bomba Lodo,29,Tóxico,32,Reserva,32,Escupir,32,Tragar,35,Bilis,38,Mismo Destino,41,Eructo,44,Lanzamugre,,,,,,,,,,,,,,,,,,,,,,,,,,,,,,,,,,,,,,,,,,,,,,,,,,,,,,,,,,,,,,,,,Hidropulso,Tóxico,Semilladora,Día Soleado,Rayo Hielo,Protección,Danza Lluvia,Rayo Solar,Bola Sombra,Doble Equipo,Onda Voltio,Bomba Lodo,Atracción,Explosión,Brillo Mágico,Fuerza,Golpe Roca,,,,,,,,,,,,,,,,,,,,,,,,,,,,,,,,,,,,,,,,,,,,,,,,,,,,,,,,,,,,,,,,,,,,,,,,,,,,,,,,,,,,,,,,,,,,,,,,,,,,,,,,,,,,,,,,,,,,,,,,,,,,,,,,,,,,,,,,,,,Armadura Ácida,Polución,Divide Dolor,Maldición,Mismo Destino,Bofetón Lodo,Lanzamugre,Trampa Venenosa,,,,,,,,,,,,,,,,,,,,,,,,,,,,,,,,,,,,,,,,,,,,,,,,,,,,,,,,,,,,,,,,,,,,,,,,,,,,,,,,,,,,,,,,,,,,,Ronquido,Rodar,Bofetón Lodo,Autodestrucción,Bilis,Puño Fuego,Puño Hielo,Puño Trueno,Bomba Germen,Divide Dolor,Puño Incremento,Lanzamugre,,,,,,,,,,,,,,,,,,,,,,,,,,,,,,,,,,,,,,,,,,,,,,,,,,,,,,,,,,,,,,,,,,,,,,,,,,,,,,,,,,,,,,,,
Swalot,317,317,0,Veneno,,Amorphous,Amorphous,Baya Aranja,Ningún objeto,Baya Zidra,Lodo Líquido,Gula,Corrosión,100,73,83,73,83,55,0,Golpe Cuerpo,1,Bomba Germen,1,Destructor,1,Trampa Venenosa,1,Golpe Cuerpo,5,Bostezo,8,Polución,11,Gas Venenoso,14,Amnesia,17,Residuos,17,Bomba Ácida,20,Otra Vez,23,Divide Dolor,26,Golpe Cuerpo,27,Bomba Lodo,31,Tóxico,35,Reserva,35,Escupir,35,Tragar,39,Bilis,43,Mismo Destino,49,Eructo,51,Lanzamugre,,,,,,,,,,,,,,,,,,,,,,,,,,,,,,,,,,,,,,,,,,,,,,,,,,,,,,,Hidropulso,Tóxico,Semilladora,Día Soleado,Rayo Hielo,Hiperrayo,Protección,Danza Lluvia,Rayo Solar,Terremoto,Bola Sombra,Doble Equipo,Onda Voltio,Bomba Lodo,Atracción,Explosión,Gigaimpacto,Vozarrón,Brillo Mágico,Fuerza,Golpe Roca,,,,,,,,,,,,,,,,,,,,,,,,,,,,,,,,,,,,,,,,,,,,,,,,,,,,,,,,,,,,,,,,,,,,,,,,,,,,,,,,,,,,,,,,,,,,,,,,,,,,,,,,,,,,,,,,,,,,,,,,,,,,,,,,,,,,,,,Armadura Ácida,Polución,Divide Dolor,Maldición,Mismo Destino,Bofetón Lodo,Lanzamugre,Trampa Venenosa,,,,,,,,,,,,,,,,,,,,,,,,,,,,,,,,,,,,,,,,,,,,,,,,,,,,,,,,,,,,,,,,,,,,,,,,,,,,,,,,,,,,,,,,,,,,,Ronquido,Terratemblor,Rodar,Bofetón Lodo,Bloqueo,Autodestrucción,Bilis,Puño Fuego,Puño Hielo,Puño Trueno,Bomba Germen,Divide Dolor,Puño Incremento,Lanzamugre,,,,,,,,,,,,,,,,,,,,,,,,,,,,,,,,,,,,,,,,,,,,,,,,,,,,,,,,,,,,,,,,,,,,,,,,,,,,,,,,,,,,,,
Carvanha,318,318,0,Agua,Siniestro,Water 2,Water 2,Ningún objeto,Ningún objeto,Diente Marino,Impulso,Piel Tosca,Nado Rápido,45,90,20,65,20,65,1,Malicioso,1,Acua Jet,1,Mordisco,7,Foco Energía,10,Acua Jet,13,Buena Baza,16,Chirrido,19,Contoneo,22,Colmillo Hielo,25,Cascada,28,Cara Susto,31,Triturar,34,Colmillo Veneno,37,Derribo,40,Cabezazo Zen,40,Hidroariete,43,Agilidad,46,Hidrobomba,,,,,,,,,,,,,,,,,,,,,,,,,,,,,,,,,,,,,,,,,,,,,,,,,,,,,,,,,,,,,,,,,Hidropulso,Tóxico,Granizo,Mofa,Rayo Hielo,Ventisca,Protección,Danza Lluvia,Doble Equipo,Tormento,Atracción,Ladrón,Salmuera,Escaldar,Vendetta,Alarido,Pulso Umbrío,Surf,Cascada,,,,,,,,,,,,,,,,,,,,,,,,,,,,,,,,,,,,,,,,,,,,,,,,,,,,,,,,,,,,,,,,,,,,,,,,,,,,,,,,,,,,,,,,,,,,,,,,,,,,,,,,,,,,,,,,,,,,,,,,,,,,,,,,,,,,,,,,,Poder Pasado,Mismo Destino,Doble Filo,Golpe,Hidrobomba,Meteoros,,,,,,,,,,,,,,,,,,,,,,,,,,,,,,,,,,,,,,,,,,,,,,,,,,,,,,,,,,,,,,,,,,,,,,,,,,,,,,,,,,,,,,,,,,,,,,,Ronquido,Bofetón Lodo,Corte Furia,Rencor,Alboroto,Poder Pasado,Buceo,Bote,Cabezazo Zen,Meteoros,Viento Hielo,Superdiente,,,,,,,,,,,,,,,,,,,,,,,,,,,,,,,,,,,,,,,,,,,,,,,,,,,,,,,,,,,,,,,,,,,,,,,,,,,,,,,,,,,,,,,,
Sharpedo,319,319,0,Agua,Siniestro,Water 2,Water 2,Ningún objeto,Ningún objeto,Diente Marino,Impulso,Piel Tosca,Nado Rápido,70,120,40,95,40,95,0,Cuchillada,1,Foco Energía,1,Colmillo Veneno,1,Malicioso,1,Acua Jet,1,Tajo Umbrío,1,Cuchillada,1,Amago,1,Mordisco,7,Foco Energía,10,Acua Jet,13,Buena Baza,16,Chirrido,19,Contoneo,22,Colmillo Hielo,25,Cascada,28,Cara Susto,30,Cuchillada,30,Tajo Umbrío,33,Triturar,37,Colmillo Veneno,41,Cabezazo,45,Cabezazo Zen,46,Hidroariete,49,Agilidad,52,Derribo,53,Hidrobomba,,,,,,,,,,,,,,,,,,,,,,,,,,,,,,,,,,,,,,,,,,,,,,,Hidropulso,Rugido,Tóxico,Granizo,Mofa,Rayo Hielo,Ventisca,Hiperrayo,Protección,Danza Lluvia,Terremoto,Doble Equipo,Tumba Rocas,Tormento,Atracción,Ladrón,Salmuera,Escaldar,Vendetta,Gigaimpacto,Alud,Alarido,Pulso Umbrío,Vozarrón,Puya Nociva,Surf,Fuerza,Golpe Roca,Cascada,,,,,,,,,,,,,,,,,,,,,,,,,,,,,,,,,,,,,,,,,,,,,,,,,,,,,,,,,,,,,,,,,,,,,,,,,,,,,,,,,,,,,,,,,,,,,,,,,,,,,,,,,,,,,,,,,,,,,,,,,,,,,,,Poder Pasado,Mismo Destino,Doble Filo,Golpe,Hidrobomba,Meteoros,,,,,,,,,,,,,,,,,,,,,,,,,,,,,,,,,,,,,,,,,,,,,,,,,,,,,,,,,,,,,,,,,,,,,,,,,,,,,,,,,,,,,,,,,,,,,,,Ronquido,Terratemblor,Bofetón Lodo,Corte Furia,Rencor,Alboroto,Poder Pasado,Buceo,Bote,Cabezazo Zen,Meteoros,Viento Hielo,Hidroariete,Superdiente,,,,,,,,,,,,,,,,,,,,,,,,,,,,,,,,,,,,,,,,,,,,,,,,,,,,,,,,,,,,,,,,,,,,,,,,,,,,,,,,,,,,,,
Wailmer,320,320,0,Agua,,Field,Water 2,Ningún objeto,Ningún objeto,Ningún objeto,Despiste,Presión,Potencia Bruta,130,70,35,70,35,60,1,Salpicadura,1,Maldición,1,Gruñido,4,Rizo Defensa,7,Pistola Agua,10,Rodar,13,Hidropulso,16,Impresionar,19,Torbellino,21,Cuerpo Pesado,22,Neblina,24,Salmuera,25,Buceo,28,Descanso,31,Salpicar,34,Cabezazo Zen,37,Golpe Cuerpo,40,Acua Aro,43,Bote,46,Amnesia,49,Hidrobomba,52,Fisura,,,,,,,,,,,,,,,,,,,,,,,,,,,,,,,,,,,,,,,,,,,,,,,,,,,,,,,,,Hidropulso,Rugido,Tóxico,Granizo,Rayo Hielo,Ventisca,Protección,Danza Lluvia,Terremoto,Doble Equipo,Tumba Rocas,Descanso,Atracción,Salmuera,Escaldar,Alud,Vozarrón,Surf,Fuerza,Golpe Roca,Cascada,,,,,,,,,,,,,,,,,,,,,,,,,,,,,,,,,,,,,,,,,,,,,,,,,,,,,,,,,,,,,,,,,,,,,,,,,,,,,,,,,,,,,,,,,,,,,,,,,,,,,,,,,,,,,,,,,,,,,,,,,,,,,,,,,,,,,,,Doble Filo,Golpe,Maldición,Fisura,Cosquillas,Rizo Defensa,Rodar,Acua Aro,Empapar,Ronquido,Golpe Cuerpo,Cabezazo Zen,Niebla Clara,,,,,,,,,,,,,,,,,,,,,,,,,,,,,,,,,,,,,,,,,,,,,,,,,,,,,,,,,,,,,,,,,,,,,,,,,,,,,,,,,,,,,,,,Ronquido,Terratemblor,Rodar,Autodestrucción,Buceo,Bote,Cabezazo Zen,Viento Hielo,,,,,,,,,,,,,,,,,,,,,,,,,,,,,,,,,,,,,,,,,,,,,,,,,,,,,,,,,,,,,,,,,,,,,,,,,,,,,,,,,,,,,,,,,,,,
Wailord,321,321,0,Agua,,Field,Water 2,Ningún objeto,Ningún objeto,Ningún objeto,Despiste,Presión,Potencia Bruta,170,90,45,90,45,60,1,Pistola Agua,1,Impresionar,1,Gruñido,1,Salpicadura,1,Rugido de Guerra,1,Empapar,1,Maldición,4,Rizo Defensa,7,Pistola Agua,10,Rodar,13,Hidropulso,16,Impresionar,19,Torbellino,21,Cuerpo Pesado,22,Neblina,24,Salmuera,25,Buceo,28,Descanso,31,Salpicar,34,Cabezazo Zen,38,Golpe Cuerpo,42,Acua Aro,46,Bote,50,Amnesia,54,Hidrobomba,58,Fisura,,,,,,,,,,,,,,,,,,,,,,,,,,,,,,,,,,,,,,,,,,,,,,,,,Hidropulso,Rugido,Tóxico,Granizo,Rayo Hielo,Ventisca,Hiperrayo,Protección,Danza Lluvia,Terremoto,Doble Equipo,Tumba Rocas,Descanso,Atracción,Salmuera,Escaldar,Gigaimpacto,Alud,Vozarrón,Surf,Fuerza,Golpe Roca,Cascada,,,,,,,,,,,,,,,,,,,,,,,,,,,,,,,,,,,,,,,,,,,,,,,,,,,,,,,,,,,,,,,,,,,,,,,,,,,,,,,,,,,,,,,,,,,,,,,,,,,,,,,,,,,,,,,,,,,,,,,,,,,,,,,,,,,,,Doble Filo,Golpe,Maldición,Fisura,Cosquillas,Rizo Defensa,Rodar,Acua Aro,Empapar,Ronquido,Golpe Cuerpo,Cabezazo Zen,Niebla Clara,,,,,,,,,,,,,,,,,,,,,,,,,,,,,,,,,,,,,,,,,,,,,,,,,,,,,,,,,,,,,,,,,,,,,,,,,,,,,,,,,,,,,,,,Ronquido,Terratemblor,Rodar,Bloqueo,Autodestrucción,Buceo,Bote,Cabezazo Zen,Cabeza de Hierro,Viento Hielo,Hidroariete,,,,,,,,,,,,,,,,,,,,,,,,,,,,,,,,,,,,,,,,,,,,,,,,,,,,,,,,,,,,,,,,,,,,,,,,,,,,,,,,,,,,,,,,,
Numel,322,322,0,Fuego,Tierra,Field,Field,Ningún objeto,Ningún objeto,Ningún objeto,Simple,Sequía,Ritmo Propio,60,60,40,65,45,35,1,Placaje,1,Gruñido,4,Magnitud,7,Ascuas,10,Foco Energía,12,Terratemblor,15,Rueda Fuego,16,Poder Pasado,19,Amnesia,22,Humareda,25,Tierra Viva,28,Maldición,31,Derribo,34,Lanzallamas,37,Bostezo,40,Terremoto,43,Doble Filo,,,,,,,,,,,,,,,,,,,,,,,,,,,,,,,,,,,,,,,,,,,,,,,,,,,,,,,,,,,,,,,,,,,Tóxico,Día Soleado,Protección,Terremoto,Excavar,Doble Equipo,Lanzallamas,Tormenta Arena,Llamarada,Tumba Rocas,Atracción,Sofoco,Fuego Fatuo,Trampa Rocas,Avalancha,Vozarrón,Fuerza,Golpe Roca,,,,,,,,,,,,,,,,,,,,,,,,,,,,,,,,,,,,,,,,,,,,,,,,,,,,,,,,,,,,,,,,,,,,,,,,,,,,,,,,,,,,,,,,,,,,,,,,,,,,,,,,,,,,,,,,,,,,,,,,,,,,,,,,,,,,,,,,,,Aullido,Cara Susto,Golpe Cuerpo,Rodar,Rizo Defensa,Pisotón,Bostezo,Poder Pasado,Onda Ígnea,Reserva,Tragar,Escupir,Cabeza de Hierro,Desarrollo,Cuerpo Pesado,Bomba Fango,,,,,,,,,,,,,,,,,,,,,,,,,,,,,,,,,,,,,,,,,,,,,,,,,,,,,,,,,,,,,,,,,,,,,,,,,,,,,,,,,,,,,Ronquido,Cede Paso,Terratemblor,Rodar,Bofetón Lodo,Cabeza de Hierro,Arenas Ardientes,Onda Ígnea,Tierra Viva,,,,,,,,,,,,,,,,,,,,,,,,,,,,,,,,,,,,,,,,,,,,,,,,,,,,,,,,,,,,,,,,,,,,,,,,,,,,,,,,,,,,,,,,,,,
Camerupt,323,323,0,Fuego,Tierra,Field,Field,Ningún objeto,Ningún objeto,Ningún objeto,Roca Sólida,Sequía,Potencia Bruta,70,100,70,105,75,40,0,Avalancha,1,Gruñido,1,Placaje,1,Avalancha,4,Magnitud,7,Ascuas,10,Foco Energía,12,Terratemblor,15,Rueda Fuego,16,Poder Pasado,19,Amnesia,22,Humareda,25,Tierra Viva,28,Maldición,31,Derribo,33,Avalancha,35,Lanzallamas,39,Bostezo,43,Terremoto,47,Doble Filo,51,Estallido,55,Fisura,,,,,,,,,,,,,,,,,,,,,,,,,,,,,,,,,,,,,,,,,,,,,,,,,,,,,,,,,Rugido,Tóxico,Día Soleado,Hiperrayo,Protección,Rayo Solar,Terremoto,Excavar,Doble Equipo,Lanzallamas,Tormenta Arena,Llamarada,Tumba Rocas,Atracción,Sofoco,Fuego Fatuo,Explosión,Gigaimpacto,Pulimento,Roca Afilada,Trampa Rocas,Avalancha,Vozarrón,Foco Resplandor,Fuerza,Golpe Roca,,,,,,,,,,,,,,,,,,,,,,,,,,,,,,,,,,,,,,,,,,,,,,,,,,,,,,,,,,,,,,,,,,,,,,,,,,,,,,,,,,,,,,,,,,,,,,,,,,,,,,,,,,,,,,,,,,,,,,,,,,,,,,,,,,Aullido,Cara Susto,Golpe Cuerpo,Rodar,Rizo Defensa,Pisotón,Bostezo,Poder Pasado,Onda Ígnea,Reserva,Tragar,Escupir,Cabeza de Hierro,Desarrollo,Cuerpo Pesado,Bomba Fango,,,,,,,,,,,,,,,,,,,,,,,,,,,,,,,,,,,,,,,,,,,,,,,,,,,,,,,,,,,,,,,,,,,,,,,,,,,,,,,,,,,,,Ronquido,Cede Paso,Terratemblor,Rodar,Bofetón Lodo,Autodestrucción,Pataleta,Cabeza de Hierro,Arenas Ardientes,Onda Ígnea,Tierra Viva,,,,,,,,,,,,,,,,,,,,,,,,,,,,,,,,,,,,,,,,,,,,,,,,,,,,,,,,,,,,,,,,,,,,,,,,,,,,,,,,,,,,,,,,,
Torkoal,324,324,0,Fuego,,Field,Field,Ningún objeto,Ningún objeto,Carbón,Sequía,Humo Blanco,Caparazón,70,85,140,85,70,20,1,Ascuas,1,Polución,1,Refugio,7,Giro Rápido,10,Giro Fuego,13,Pantalla de Humo,16,Niebla Clara,16,Rueda Fuego,19,Maldición,22,Golpe Cuerpo,25,Humareda,28,Protección,31,Tierra Viva,34,Lanzallamas,37,Defensa Férrea,40,Onda Ígnea,43,Amnesia,46,Azote,49,Estallido,56,Infierno,60,Rompecoraza,,,,,,,,,,,,,,,,,,,,,,,,,,,,,,,,,,,,,,,,,,,,,,,,,,,,,,,,,,,Tóxico,Día Soleado,Hiperrayo,Protección,Rayo Solar,Cola Férrea,Terremoto,Doble Equipo,Lanzallamas,Bomba Lodo,Llamarada,Tumba Rocas,Atracción,Sofoco,Fuego Fatuo,Explosión,Gigaimpacto,Roca Afilada,Giro Bola,Trampa Rocas,Avalancha,Vozarrón,Fuerza,Golpe Roca,,,,,,,,,,,,,,,,,,,,,,,,,,,,,,,,,,,,,,,,,,,,,,,,,,,,,,,,,,,,,,,,,,,,,,,,,,,,,,,,,,,,,,,,,,,,,,,,,,,,,,,,,,,,,,,,,,,,,,,,,,,,,,,,,,,,Bostezo,Fisura,Cabezazo,Azote,Poder Pasado,Estallido,Niebla Clara,Fuerza Bruta,,,,,,,,,,,,,,,,,,,,,,,,,,,,,,,,,,,,,,,,,,,,,,,,,,,,,,,,,,,,,,,,,,,,,,,,,,,,,,,,,,,,,,,,,,,,,Ronquido,Cede Paso,Terratemblor,Rodar,Bofetón Lodo,Autodestrucción,Pataleta,Defensa Férrea,Arenas Ardientes,Onda Ígnea,Fuerza Bruta,Tierra Viva,,,,,,,,,,,,,,,,,,,,,,,,,,,,,,,,,,,,,,,,,,,,,,,,,,,,,,,,,,,,,,,,,,,,,,,,,,,,,,,,,,,,,,,,
Spoink,325,325,0,Psíquico,,Field,Field,Ningún objeto,Ningún objeto,Ningún objeto,Sebo,Ritmo Propio,Gula,60,25,35,70,80,60,1,Salpicadura,7,Confusión,10,Gruñido,10,Psicorrayo,13,Autosugestión,16,Rayo Confuso,19,Cabezazo Zen,22,Manto Espejo,22,Capa Mágica,25,Paranormal,28,Joya de Luz,31,Descanso,31,Ronquido,31,Sonámbulo,34,Psíquico,37,Vendetta,38,Psicocarga,40,Bote,43,Premonición,46,Truco,,,,,,,,,,,,,,,,,,,,,,,,,,,,,,,,,,,,,,,,,,,,,,,,,,,,,,,,,,,,,Paz Mental,Tóxico,Día Soleado,Mofa,Pantalla de Luz,Protección,Danza Lluvia,Cola Férrea,Psíquico,Bola Sombra,Doble Equipo,Reflejo,Onda Voltio,Tormento,Atracción,Ladrón,Intercambio,Voltio Cruel,Fuego Fatuo,Vendetta,Reciclaje,Destello,Onda Trueno,Autosugestión,Brillo Mágico,Hierba Lazo,Espacio Raro,,,,,,,,,,,,,,,,,,,,,,,,,,,,,,,,,,,,,,,,,,,,,,,,,,,,,,,,,,,,,,,,,,,,,,,,,,,,,,,,,,,,,,,,,,,,,,,,,,,,,,,,,,,,,,,,,,,,,,,,,,,,,,,,,Premonición,Paranormal,Truco,Cabezazo Zen,Amnesia,Manto Espejo,Remolino,Onda Simple,,,,,,,,,,,,,,,,,,,,,,,,,,,,,,,,,,,,,,,,,,,,,,,,,,,,,,,,,,,,,,,,,,,,,,,,,,,,,,,,,,,,,,,,,,,,,Ronquido,Antojo,Cambio de Banda,Cascabel Cura,Rayo Señal,Bote,Imitación,Cabezazo Zen,Capa Mágica,Meteoros,Truco,Viento Hielo,,,,,,,,,,,,,,,,,,,,,,,,,,,,,,,,,,,,,,,,,,,,,,,,,,,,,,,,,,,,,,,,,,,,,,,,,,,,,,,,,,,,,,,,
Grumpig,326,326,0,Psíquico,,Field,Field,Ningún objeto,Ningún objeto,Ningún objeto,Sebo,Bromista,Gula,80,45,65,90,110,80,0,Danza Caos,1,Salpicadura,1,Eructo,1,Danza Caos,7,Confusión,10,Gruñido,10,Psicorrayo,13,Autosugestión,16,Rayo Confuso,19,Cabezazo Zen,22,Manto Espejo,22,Capa Mágica,25,Paranormal,28,Joya de Luz,31,Descanso,31,Ronquido,31,Sonámbulo,32,Danza Caos,35,Psíquico,39,Vendetta,42,Psicocarga,43,Bote,47,Premonición,51,Truco,,,,,,,,,,,,,,,,,,,,,,,,,,,,,,,,,,,,,,,,,,,,,,,,,,,,,Puño Certero,Paz Mental,Tóxico,Día Soleado,Mofa,Hiperrayo,Pantalla de Luz,Protección,Danza Lluvia,Cola Férrea,Psíquico,Bola Sombra,Demolición,Doble Equipo,Reflejo,Onda Voltio,Tormento,Atracción,Ladrón,Intercambio,Onda Certera,Energibola,Lanzamiento,Voltio Cruel,Puño Drenaje,Fuego Fatuo,Maquinación,Vendetta,Reciclaje,Gigaimpacto,Destello,Onda Trueno,Autosugestión,Vozarrón,Brillo Mágico,Hierba Lazo,Espacio Raro,,,,,,,,,,,,,,,,,,,,,,,,,,,,,,,,,,,,,,,,,,,,,,,,,,,,,,,,,,,,,,,,,,,,,,,,,,,,,,,,,,,,,,,,,,,,,,,,,,,,,,,,,,,,,,,,,,,,,,,Premonición,Paranormal,Truco,Cabezazo Zen,Amnesia,Manto Espejo,Remolino,Onda Simple,,,,,,,,,,,,,,,,,,,,,,,,,,,,,,,,,,,,,,,,,,,,,,,,,,,,,,,,,,,,,,,,,,,,,,,,,,,,,,,,,,,,,,,,,,,,,Ronquido,Antojo,Terratemblor,Cambio de Banda,Bofetón Lodo,Aguzar,Cascabel Cura,Rayo Señal,Puño Fuego,Puño Hielo,Puño Trueno,Sísmico,Bote,Imitación,Cabezazo Zen,Capa Mágica,Meteoros,Truco,Puño Incremento,Viento Hielo,,,,,,,,,,,,,,,,,,,,,,,,,,,,,,,,,,,,,,,,,,,,,,,,,,,,,,,,,,,,,,,,,,,,,,,,,,,,,,,,
Spinda,327,327,0,Normal,,Field,Human-Like,Ningún objeto,Ningún objeto,Ningún objeto,Ritmo Propio,Tumbos,Respondón,75,75,75,75,75,75,1,Placaje,1,Fuerza Bruta,1,Copión,4,Anulación,10,Hipnosis,10,Finta,13,Psicorrayo,19,Golpe Bajo,22,Danza Caos,23,Golpe Cuerpo,23,Puño Mareo,25,Alboroto,28,Sorpresa,31,Cabezazo Zen,34,Machada,37,Doble Filo,40,Azote,43,Deseo,46,Golpe,49,Espacio Raro,52,Vozarrón,55,A Bocajarro,60,Psicoataque,,,,,,,,,,,,,,,,,,,,,,,,,,,,,,,,,,,,,,,,,,,,,,,,,,,,,,,Puño Certero,Hidropulso,Paz Mental,Tóxico,Poder Oculto,Día Soleado,Protección,Danza Lluvia,Velo Sagrado,Excavar,Psíquico,Bola Sombra,Demolición,Doble Equipo,Onda Voltio,Tumba Rocas,Imagen,Atracción,Ladrón,Intercambio,Lanzamiento,Puño Drenaje,Reciclaje,Destello,Autosugestión,Avalancha,Brillo Mágico,Espacio Raro,Fuerza,Golpe Roca,,,,,,,,,,,,,,,,,,,,,,,,,,,,,,,,,,,,,,,,,,,,,,,,,,,,,,,,,,,,,,,,,,,,,,,,,,,,,,,,,,,,,,,,,,,,,,,,,,,,,,,,,,,,,,,,,,,,,,,,,,,,,,Otra Vez,Anulación,Relevo,Deseo,Truco,Sorpresa,Imitación,Psicocorte,Llanto Falso,Giro Rápido,Viento Hielo,Psicocambio,Isoguardia,,,,,,,,,,,,,,,,,,,,,,,,,,,,,,,,,,,,,,,,,,,,,,,,,,,,,,,,,,,,,,,,,,,,,,,,,,,,,,,,,,,,,,,,Ronquido,Antojo,Rodar,Bofetón Lodo,Alboroto,Pataleta,Puño Fuego,Puño Hielo,Puño Trueno,Sísmico,Imitación,Cabezazo Zen,Meteoros,Patada Baja,Truco,Puño Incremento,Viento Hielo,Golpe Bajo,Última Baza,,,,,,,,,,,,,,,,,,,,,,,,,,,,,,,,,,,,,,,,,,,,,,,,,,,,,,,,,,,,,,,,,,,,,,,,,,,,,,,,,
Trapinch,328,328,0,Bicho,Tierra,Bug,Dragon,Ningún objeto,Ningún objeto,Arena Fina,Corte Fuerte,Trampa Arena,Potencia Bruta,55,100,45,45,45,10,1,Impresionar,1,Ataque Arena,1,Mordisco,1,Picadura,1,Finta,4,Aguzar,7,Bofetón Lodo,11,Terratemblor,15,Avalancha,16,Bucle Arena,19,Excavar,23,Triturar,31,Tierra Viva,35,Tormenta Arena,39,Terremoto,43,Amago,47,Fuerza Bruta,51,Fisura,55,Hiperrayo,,,,,,,,,,,,,,,,,,,,,,,,,,,,,,,,,,,,,,,,,,,,,,,,,,,,,,,,,,,,,,,Tóxico,Día Soleado,Hiperrayo,Protección,Gigadrenado,Rayo Solar,Terremoto,Excavar,Doble Equipo,Tormenta Arena,Tumba Rocas,Atracción,Avalancha,Vozarrón,Fuerza,Golpe Roca,,,,,,,,,,,,,,,,,,,,,,,,,,,,,,,,,,,,,,,,,,,,,,,,,,,,,,,,,,,,,,,,,,,,,,,,,,,,,,,,,,,,,,,,,,,,,,,,,,,,,,,,,,,,,,,,,,,,,,,,,,,,,,,,,,,,,,,,,,,,Ataque Rápido,Tornado,Azote,Corte Furia,Picadura,Amago,Foco Energía,Disparo Lodo,Tierra Viva,Rayo Señal,,,,,,,,,,,,,,,,,,,,,,,,,,,,,,,,,,,,,,,,,,,,,,,,,,,,,,,,,,,,,,,,,,,,,,,,,,,,,,,,,,,,,,,,,,,Ronquido,Terratemblor,Bofetón Lodo,Corte Furia,Rayo Señal,Arenas Ardientes,Fuerza Bruta,Tierra Viva,,,,,,,,,,,,,,,,,,,,,,,,,,,,,,,,,,,,,,,,,,,,,,,,,,,,,,,,,,,,,,,,,,,,,,,,,,,,,,,,,,,,,,,,,,,,
Vibrava,329,329,0,Bicho,Dragón,Bug,Dragon,Ningún objeto,Ningún objeto,Ningún objeto,Ojo Compuesto,Levitación,Funda,60,80,55,90,55,70,0,Dragoaliento,1,Mordisco,1,Finta,1,Impresionar,1,Ataque Arena,1,Fisura,1,Fuerza Bruta,1,Triturar,1,Aguzar,1,Dragoaliento,7,Bofetón Lodo,11,Terratemblor,15,Avalancha,16,Bucle Arena,19,Supersónico,20,Cola Dragón,23,Chirrido,30,Dragoaliento,31,Tierra Viva,35,Tormenta Arena,39,Terremoto,43,Zumbido,47,Alboroto,51,Pulso Dragón,55,Hiperrayo,56,Carga Dragón,62,Estruendo,,,,,,,,,,,,,,,,,,,,,,,,,,,,,,,,,,,,,,,,,,,,,,,Tóxico,Día Soleado,Hiperrayo,Protección,Gigadrenado,Rayo Solar,Terremoto,Excavar,Doble Equipo,Tormenta Arena,Tumba Rocas,Atracción,Ala de Acero,Respiro,Aguante,Pulso Dragón,Zumbido,Avalancha,Vozarrón,Vendaval,Ida y Vuelta,Vuelo,Fuerza,Despejar,Golpe Roca,,,,,,,,,,,,,,,,,,,,,,,,,,,,,,,,,,,,,,,,,,,,,,,,,,,,,,,,,,,,,,,,,,,,,,,,,,,,,,,,,,,,,,,,,,,,,,,,,,,,,,,,,,,,,,,,,,,,,,,,,,,,,,,,,,,Ataque Rápido,Tornado,Azote,Corte Furia,Picadura,Amago,Foco Energía,Disparo Lodo,Tierra Viva,Rayo Señal,,,,,,,,,,,,,,,,,,,,,,,,,,,,,,,,,,,,,,,,,,,,,,,,,,,,,,,,,,,,,,,,,,,,,,,,,,,,,,,,,,,,,,,,,,,Ronquido,Terratemblor,Aire Afilado,Bofetón Lodo,Ala Bis,Corte Furia,Alboroto,Rayo Señal,Viento Aciago,Viento Afín,Meteoros,Arenas Ardientes,Onda Ígnea,Fuerza Bruta,Cometa Draco,Enfado,Ciclón,Tierra Viva,,,,,,,,,,,,,,,,,,,,,,,,,,,,,,,,,,,,,,,,,,,,,,,,,,,,,,,,,,,,,,,,,,,,,,,,,,,,,,,,,,
Flygon,330,330,0,Bicho,Dragón,Bug,Dragon,Ningún objeto,Ningún objeto,Ningún objeto,Ojo Compuesto,Levitación,Funda,90,110,85,130,85,100,0,Garra Dragón,1,Mordisco,1,Impresionar,1,Finta,1,Ataque Arena,1,Fisura,1,Fuerza Bruta,1,Triturar,1,Aguzar,1,Amago,1,Danza Dragón,1,Dragoaliento,1,Garra Dragón,7,Bofetón Lodo,11,Terratemblor,15,Avalancha,16,Bucle Arena,19,Supersónico,20,Cola Dragón,23,Chirrido,30,Dragoaliento,31,Tierra Viva,35,Tormenta Arena,39,Terremoto,43,Zumbido,45,Garra Dragón,47,Enfado,51,Pulso Dragón,52,Alboroto,55,Hiperrayo,59,Carga Dragón,63,Danza Aleteo,68,Estruendo,,,,,,,,,,,,,,,,,,,,,,,,,,,,,,,,,,,Garra Dragón,Tóxico,Día Soleado,Hiperrayo,Protección,Gigadrenado,Rayo Solar,Cola Férrea,Terremoto,Excavar,Doble Equipo,Lanzallamas,Tormenta Arena,Llamarada,Tumba Rocas,Golpe Aéreo,Atracción,Ala de Acero,Respiro,Aguante,Pulso Dragón,Zumbido,Gigaimpacto,Roca Afilada,Avalancha,Vozarrón,Vendaval,Ida y Vuelta,Vuelo,Fuerza,Despejar,Golpe Roca,,,,,,,,,,,,,,,,,,,,,,,,,,,,,,,,,,,,,,,,,,,,,,,,,,,,,,,,,,,,,,,,,,,,,,,,,,,,,,,,,,,,,,,,,,,,,,,,,,,,,,,,,,,,,,,,,,,,,,,,,,,,Ataque Rápido,Tornado,Azote,Corte Furia,Picadura,Amago,Foco Energía,Disparo Lodo,Tierra Viva,Rayo Señal,,,,,,,,,,,,,,,,,,,,,,,,,,,,,,,,,,,,,,,,,,,,,,,,,,,,,,,,,,,,,,,,,,,,,,,,,,,,,,,,,,,,,,,,,,,Ronquido,Terratemblor,Aire Afilado,Bofetón Lodo,Ala Bis,Aguzar,Corte Furia,Alboroto,Rayo Señal,Viento Aciago,Puño Fuego,Puño Trueno,Viento Afín,Meteoros,Arenas Ardientes,Puño Incremento,Onda Ígnea,Fuerza Bruta,Cometa Draco,Enfado,Ciclón,Tierra Viva,,,,,,,,,,,,,,,,,,,,,,,,,,,,,,,,,,,,,,,,,,,,,,,,,,,,,,,,,,,,,,,,,,,,,,,,,,,,,,
Cacnea,331,331,0,Planta,,Grass,Human-Like,Ningún objeto,Ningún objeto,Toxiestrella,Absorbe Agua,Velo Arena,Ímpetu Arena,50,85,40,85,40,35,1,Malicioso,1,Picotazo Veneno,4,Absorber,7,Desarrollo,10,Drenadoras,13,Ataque Arena,16,Puya Nociva,16,Semilladora,16,Brazo Pincho,19,Buena Baza,19,Finta,22,Arraigo,28,Vendetta,31,Púas,34,Golpe Bajo,37,Energibola,40,Maquinación,43,Pin Misil,46,Esporagodón,49,Pulso Umbrío,52,Tormenta Arena,55,Mismo Destino,,,,,,,,,,,,,,,,,,,,,,,,,,,,,,,,,,,,,,,,,,,,,,,,,,,,,,,,,Puño Certero,Tóxico,Semilladora,Día Soleado,Protección,Gigadrenado,Rayo Solar,Demolición,Doble Equipo,Tormenta Arena,Atracción,Energibola,Lanzamiento,Puño Drenaje,Maquinación,Vendetta,Destello,Danza Espada,Pulso Umbrío,Puya Nociva,Hierba Lazo,Corte,,,,,,,,,,,,,,,,,,,,,,,,,,,,,,,,,,,,,,,,,,,,,,,,,,,,,,,,,,,,,,,,,,,,,,,,,,,,,,,,,,,,,,,,,,,,,,,,,,,,,,,,,,,,,,,,,,,,,,,,,,,,,,,,,,,,,,Ácido,Danza Caos,Puño Dinámico,Contraataque,Patada Baja,Hoja Mágica,Bomba Germen,Anulación,Bloqueo,Abatidoras,Trapicheo,Aguijón Letal,Eructo,Puño Incremento,Silbato,,,,,,,,,,,,,,,,,,,,,,,,,,,,,,,,,,,,,,,,,,,,,,,,,,,,,,,,,,,,,,,,,,,,,,,,,,,,,,,,,,,,,,Ronquido,Abatidoras,Bofetón Lodo,Bloqueo,Corte Furia,Rencor,Síntesis,Puño Trueno,Sísmico,Imitación,Bomba Germen,Patada Baja,Arenas Ardientes,Puño Incremento,Golpe Bajo,,,,,,,,,,,,,,,,,,,,,,,,,,,,,,,,,,,,,,,,,,,,,,,,,,,,,,,,,,,,,,,,,,,,,,,,,,,,,,,,,,,,,
Cacturne,332,332,0,Planta,Siniestro,Grass,Human-Like,Ningún objeto,Ningún objeto,Toxiestrella,Absorbe Agua,Velo Arena,Ímpetu Arena,70,115,60,115,60,55,0,Barrera Espinosa,1,Malicioso,1,Picotazo Veneno,1,Barrera Espinosa,4,Absorber,7,Desarrollo,10,Drenadoras,13,Ataque Arena,16,Puya Nociva,16,Semilladora,16,Brazo Pincho,19,Buena Baza,19,Finta,22,Arraigo,28,Vendetta,31,Púas,32,Desquite,35,Golpe Bajo,39,Energibola,43,Maquinación,47,Pin Misil,51,Esporagodón,55,Pulso Umbrío,59,Tormenta Arena,63,Mismo Destino,,,,,,,,,,,,,,,,,,,,,,,,,,,,,,,,,,,,,,,,,,,,,,,,,,,Puño Certero,Tóxico,Semilladora,Día Soleado,Hiperrayo,Protección,Gigadrenado,Rayo Solar,Demolición,Doble Equipo,Tormenta Arena,Atracción,Onda Certera,Energibola,Lanzamiento,Puño Drenaje,Maquinación,Vendetta,Gigaimpacto,Destello,Danza Espada,Pulso Umbrío,Puya Nociva,Hierba Lazo,Corte,Fuerza,,,,,,,,,,,,,,,,,,,,,,,,,,,,,,,,,,,,,,,,,,,,,,,,,,,,,,,,,,,,,,,,,,,,,,,,,,,,,,,,,,,,,,,,,,,,,,,,,,,,,,,,,,,,,,,,,,,,,,,,,,,,,,,,,,Ácido,Danza Caos,Puño Dinámico,Contraataque,Patada Baja,Hoja Mágica,Bomba Germen,Anulación,Bloqueo,Abatidoras,Trapicheo,Aguijón Letal,Eructo,Puño Incremento,Silbato,,,,,,,,,,,,,,,,,,,,,,,,,,,,,,,,,,,,,,,,,,,,,,,,,,,,,,,,,,,,,,,,,,,,,,,,,,,,,,,,,,,,,,Ronquido,Abatidoras,Bofetón Lodo,Bloqueo,Corte Furia,Rencor,Pataleta,Síntesis,Puño Trueno,Sísmico,Imitación,Bomba Germen,Patada Baja,Arenas Ardientes,Puño Incremento,Fuerza Bruta,Golpe Bajo,Juego Sucio,,,,,,,,,,,,,,,,,,,,,,,,,,,,,,,,,,,,,,,,,,,,,,,,,,,,,,,,,,,,,,,,,,,,,,,,,,,,,,,,,,
Swablu,333,333,0,Hada,Volador,Flying,Dragon,Ningún objeto,Ningún objeto,Ningún objeto,Aclimatación,Cura Natural,Piel Feérica,45,60,60,60,75,50,1,Gruñido,1,Picotazo,4,Impresionar,7,Canto,11,Voz Cautivadora,13,Ataque Furia,15,Velo Sagrado,16,Canon,17,Picoteo,19,Neblina,20,Dragoaliento,22,Alboroto,28,Derribo,31,Fuerza Lunar,35,Rizo Algodón,39,Pulso Dragón,43,Canto Mortal,46,Pájaro Osado,,,,,,,,,,,,,,,,,,,,,,,,,,,,,,,,,,,,,,,,,,,,,,,,,,,,,,,,,,,,,,,,,Tóxico,Día Soleado,Rayo Hielo,Protección,Danza Lluvia,Velo Sagrado,Comesueños,Rayo Solar,Doble Equipo,Golpe Aéreo,Descanso,Atracción,Ladrón,Ala de Acero,Respiro,Falso Tortazo,Aguante,Pulso Dragón,Autosugestión,Brillo Mágico,Vendaval,Vuelo,,,,,,,,,,,,,,,,,,,,,,,,,,,,,,,,,,,,,,,,,,,,,,,,,,,,,,,,,,,,,,,,,,,,,,,,,,,,,,,,,,,,,,,,,,,,,,,,,,,,,,,,,,,,,,,,,,,,,,,,,,,,,,,,,,,,,,Carga Dragón,Danza Pluma,Niebla,Viento Afín,Impresionar,Agilidad,Cambiafuerza,Vozarrón,Carantoña,,,,,,,,,,,,,,,,,,,,,,,,,,,,,,,,,,,,,,,,,,,,,,,,,,,,,,,,,,,,,,,,,,,,,,,,,,,,,,,,,,,,,,,,,,,,Ronquido,Aire Afilado,Bofetón Lodo,Ala Bis,Cascabel Cura,Alboroto,Viento Aciago,Ataque Aéreo,Viento Afín,Meteoros,Onda Ígnea,Enfado,Ciclón,,,,,,,,,,,,,,,,,,,,,,,,,,,,,,,,,,,,,,,,,,,,,,,,,,,,,,,,,,,,,,,,,,,,,,,,,,,,,,,,,,,,,,,
Altaria,334,334,0,Dragón,Hada,Flying,Dragon,Ningún objeto,Ningún objeto,Ningún objeto,Aclimatación,Cura Natural,Piel Feérica,75,90,90,90,105,80,0,Pulso Dragón,1,Carantoña,1,Gruñido,1,Picotazo,1,Pulso Dragón,4,Impresionar,7,Canto,11,Voz Cautivadora,13,Ataque Furia,15,Velo Sagrado,16,Canon,17,Picoteo,19,Neblina,22,Alboroto,28,Derribo,31,Fuerza Lunar,32,Rizo Algodón,35,Dragoaliento,38,Danza Dragón,42,Pulso Dragón,46,Canto Mortal,50,Pájaro Osado,54,Ataque Aéreo,,,,,,,,,,,,,,,,,,,,,,,,,,,,,,,,,,,,,,,,,,,,,,,,,,,,,,,Garra Dragón,Rugido,Tóxico,Día Soleado,Rayo Hielo,Hiperrayo,Protección,Danza Lluvia,Velo Sagrado,Comesueños,Rayo Solar,Cola Férrea,Terremoto,Doble Equipo,Lanzallamas,Llamarada,Golpe Aéreo,Descanso,Atracción,Ladrón,Ala de Acero,Respiro,Falso Tortazo,Aguante,Pulso Dragón,Gigaimpacto,Autosugestión,Vozarrón,Brillo Mágico,Vendaval,Vuelo,Golpe Roca,,,,,,,,,,,,,,,,,,,,,,,,,,,,,,,,,,,,,,,,,,,,,,,,,,,,,,,,,,,,,,,,,,,,,,,,,,,,,,,,,,,,,,,,,,,,,,,,,,,,,,,,,,,,,,,,,,,,,,,,,,,,Carga Dragón,Danza Pluma,Niebla,Viento Afín,Impresionar,Agilidad,Cambiafuerza,Vozarrón,Carantoña,,,,,,,,,,,,,,,,,,,,,,,,,,,,,,,,,,,,,,,,,,,,,,,,,,,,,,,,,,,,,,,,,,,,,,,,,,,,,,,,,,,,,,,,,,,,Ronquido,Terratemblor,Aire Afilado,Bofetón Lodo,Ala Bis,Cascabel Cura,Alboroto,Viento Aciago,Zona Extraña,Ataque Aéreo,Viento Afín,Meteoros,Onda Ígnea,Cometa Draco,Enfado,Ciclón,,,,,,,,,,,,,,,,,,,,,,,,,,,,,,,,,,,,,,,,,,,,,,,,,,,,,,,,,,,,,,,,,,,,,,,,,,,,,,,,,,,,
Zangoose,335,335,0,Normal,,Field,Field,Ningún objeto,Ningún objeto,Garra Rápida,Inmunidad,Intrépido,Ímpetu Tóxico,75,115,60,60,60,100,1,Malicioso,1,Arañazo,4,Ataque Rápido,7,Corte Furia,12,Afilagarras,13,Falso Tortazo,15,Golpe Aéreo,16,Cuchillada,16,Tajo Umbrío,19,Desquite,22,Garra Brutal,25,Danza Espada,28,Desarme,31,Detección,33,Imagen,33,Embargo,34,Tijera X,37,Mofa,43,A Bocajarro,46,Tambor,49,Doble Filo,,,,,,,,,,,,,,,,,,,,,,,,,,,,,,,,,,,,,,,,,,,,,,,,,,,,,,,,,,,Puño Certero,Hidropulso,Rugido,Tóxico,Poder Oculto,Día Soleado,Mofa,Rayo Hielo,Ventisca,Protección,Danza Lluvia,Gigadrenado,Rayo Solar,Cola Férrea,Rayo,Trueno,Excavar,Bola Sombra,Demolición,Doble Equipo,Onda Voltio,Lanzallamas,Llamarada,Tumba Rocas,Golpe Aéreo,Atracción,Ladrón,Onda Certera,Falso Tortazo,Lanzamiento,Garra Umbría,Vendetta,Onda Trueno,Danza Espada,Avalancha,Tijera X,Puya Nociva,Fuerza,Golpe Roca,Treparrocas,,,,,,,,,,,,,,,,,,,,,,,,,,,,,,,,,,,,,,,,,,,,,,,,,,,,,,,,,,,,,,,,,,,,,,,,,,,,,,,,,,,,,,,,,,,,,,,,,,,,,,,,,,,,,,,,,,,,Azote,Doble Patada,Contraataque,Maldición,Golpes Furia,Tajo Umbrío,Garra Metal,Doble Golpe,Anulación,Sacrificio,Amago,Anticipo,Tambor,Viento Cortante,,,,,,,,,,,,,,,,,,,,,,,,,,,,,,,,,,,,,,,,,,,,,,,,,,,,,,,,,,,,,,,,,,,,,,,,,,,,,,,,,,,,,,,Ronquido,Rodar,Bofetón Lodo,Corte Furia,Puño Fuego,Puño Hielo,Puño Trueno,Sísmico,Meteoros,Patada Baja,Puño Incremento,Viento Hielo,Desarme,Última Baza,Esfuerzo,,,,,,,,,,,,,,,,,,,,,,,,,,,,,,,,,,,,,,,,,,,,,,,,,,,,,,,,,,,,,,,,,,,,,,,,,,,,,,,,,,,,,
Seviper,336,336,0,Veneno,Siniestro,Field,Dragon,Ningún objeto,Ningún objeto,Muda Concha,Mudar,Intimidación,Allanamiento,75,115,60,80,60,80,1,Constricción,4,Mordisco,7,Lengüetazo,10,Colmillo Veneno,13,Amago,16,Carga Tóxica,16,Chirrido,19,Deslumbrar,22,Cola Veneno,24,Trampa Venenosa,25,Tajo Umbrío,28,Bilis,31,Puya Nociva,34,Triturar,37,Bomba Lodo,40,Niebla,41,Eructo,43,Danza Espada,44,Enrosque,46,Lanzamugre,,,,,,,,,,,,,,,,,,,,,,,,,,,,,,,,,,,,,,,,,,,,,,,,,,,,,,,,,,,,,Tóxico,Día Soleado,Mofa,Protección,Danza Lluvia,Gigadrenado,Cola Férrea,Terremoto,Excavar,Doble Equipo,Lanzallamas,Bomba Lodo,Atracción,Ladrón,Vendetta,Danza Espada,Pulso Umbrío,Tijera X,Vozarrón,Puya Nociva,Fuerza,Golpe Roca,,,,,,,,,,,,,,,,,,,,,,,,,,,,,,,,,,,,,,,,,,,,,,,,,,,,,,,,,,,,,,,,,,,,,,,,,,,,,,,,,,,,,,,,,,,,,,,,,,,,,,,,,,,,,,,,,,,,,,,,,,,,,,,,,,,,,,Reserva,Tragar,Escupir,Golpe Cuerpo,Cara Susto,Buena Baza,Tajo Umbrío,Trapicheo,Sacrificio,,,,,,,,,,,,,,,,,,,,,,,,,,,,,,,,,,,,,,,,,,,,,,,,,,,,,,,,,,,,,,,,,,,,,,,,,,,,,,,,,,,,,,,,,,,,Ronquido,Atadura,Terratemblor,Bofetón Lodo,Corte Furia,Bilis,Meteoros,Acua Cola,Desarme,Golpe Bajo,,,,,,,,,,,,,,,,,,,,,,,,,,,,,,,,,,,,,,,,,,,,,,,,,,,,,,,,,,,,,,,,,,,,,,,,,,,,,,,,,,,,,,,,,,
Lunatone,337,337,0,Roca,Psíquico,Mineral,Mineral,Polvo Estelar,Ningún objeto,Piedra Lunar,Levitación,Levitación,Levitación,90,55,65,100,85,70,1,Lanzarrocas,1,Confusión,1,Fortaleza,1,Placaje,1,Luz Lunar,1,Fuerza Lunar,5,Hipnosis,9,Pulimento,17,Avalancha,17,Embargo,20,Psicocarga,25,Psíquico,29,Masa Cósmica,35,Roca Afilada,37,Joya de Luz,41,Tierra Viva,45,Rayo Hielo,45,Zona Mágica,49,Premonición,53,Explosión,57,Fuerza Lunar,,,,,,,,,,,,,,,,,,,,,,,,,,,,,,,,,,,,,,,,,,,,,,,,,,,,,,,,,,,Paz Mental,Tóxico,Granizo,Rayo Hielo,Ventisca,Hiperrayo,Pantalla de Luz,Protección,Danza Lluvia,Velo Sagrado,Terremoto,Psíquico,Bola Sombra,Doble Equipo,Reflejo,Tormenta Arena,Tumba Rocas,Intercambio,Voltio Cruel,Maquinación,Explosión,Reciclaje,Gigaimpacto,Pulimento,Destello,Roca Afilada,Giro Bola,Trampa Rocas,Autosugestión,Avalancha,Vozarrón,Brillo Mágico,Hierba Lazo,Espacio Raro,,,,,,,,,,,,,,,,,,,,,,,,,,,,,,,,,,,,,,,,,,,,,,,,,,,,,,,,,,,,,,,,,,,,,,,,,,,,,,,,,,,,,,,,,,,,,,,,,,,,,,,,,,,,,,,,,,,,,,,,,,,,,,,,,,,,,,,,,,,,,,,,,,,,,,,,,,,,,,,,,,,,,,,,,,,,,,,,,,,,,,,,,,,,,,,,,,,,,,,,,,,,,,,,,,,,,,,,,,,,,,Ronquido,Refuerzo,Terratemblor,Cambio de Banda,Rodar,Aguzar,Autodestrucción,Rayo Señal,Pataleta,Poder Pasado,Zona Mágica,Cabezazo Zen,Capa Mágica,Divide Dolor,Meteoros,Cabeza de Hierro,Gravedad,Viento Hielo,Tierra Viva,,,,,,,,,,,,,,,,,,,,,,,,,,,,,,,,,,,,,,,,,,,,,,,,,,,,,,,,,,,,,,,,,,,,,,,,,,,,,,,,,
Solrock,338,338,0,Roca,Psíquico,Mineral,Mineral,Polvo Estelar,Ningún objeto,Piedra Solar,Levitación,Levitación,Levitación,90,100,85,55,65,70,1,Lanzarrocas,1,Confusión,1,Fortaleza,1,Placaje,1,Sol Matinal,1,Envite Ígneo,5,Giro Fuego,5,Hipnosis,9,Pulimento,17,Avalancha,17,Embargo,25,Cabezazo Zen,29,Masa Cósmica,30,Psíquico,37,Roca Afilada,41,Cabeza de Hierro,45,Envite Ígneo,45,Zona Extraña,49,Rayo Solar,53,Explosión,,,,,,,,,,,,,,,,,,,,,,,,,,,,,,,,,,,,,,,,,,,,,,,,,,,,,,,,,,,,,Paz Mental,Tóxico,Día Soleado,Hiperrayo,Pantalla de Luz,Protección,Danza Lluvia,Velo Sagrado,Rayo Solar,Terremoto,Psíquico,Bola Sombra,Doble Equipo,Reflejo,Lanzallamas,Tormenta Arena,Llamarada,Tumba Rocas,Intercambio,Sofoco,Voltio Cruel,Fuego Fatuo,Explosión,Reciclaje,Gigaimpacto,Pulimento,Destello,Roca Afilada,Giro Bola,Danza Espada,Trampa Rocas,Autosugestión,Avalancha,Vozarrón,Brillo Mágico,Hierba Lazo,Espacio Raro,,,,,,,,,,,,,,,,,,,,,,,,,,,,,,,,,,,,,,,,,,,,,,,,,,,,,,,,,,,,,,,,,,,,,,,,,,,,,,,,,,,,,,,,,,,,,,,,,,,,,,,,,,,,,,,,,,,,,,,,,,,,,,,,,,,,,,,,,,,,,,,,,,,,,,,,,,,,,,,,,,,,,,,,,,,,,,,,,,,,,,,,,,,,,,,,,,,,,,,,,,,,,,,,,,,,,,,,,,,Ronquido,Refuerzo,Terratemblor,Cambio de Banda,Rodar,Aguzar,Autodestrucción,Rayo Señal,Pataleta,Poder Pasado,Defensa Férrea,Zona Extraña,Cabezazo Zen,Capa Mágica,Divide Dolor,Meteoros,Cabeza de Hierro,Gravedad,Onda Ígnea,Tierra Viva,,,,,,,,,,,,,,,,,,,,,,,,,,,,,,,,,,,,,,,,,,,,,,,,,,,,,,,,,,,,,,,,,,,,,,,,,,,,,,,,
Barboach,339,339,0,Agua,Tierra,Water 2,Water 2,Ningún objeto,Ningún objeto,Ningún objeto,Despiste,Hidratación,Simple,50,48,43,46,41,60,1,Pistola Agua,1,Bofetón Lodo,7,Pistola Agua,10,Bomba Fango,13,Amnesia,16,Hidropulso,20,Magnitud,22,Ronquido,22,Descanso,25,Acua Cola,28,Tierra Viva,31,Agua Lodosa,34,Premonición,37,Terremoto,40,Danza Dragón,43,Hidrobomba,46,Fisura,,,,,,,,,,,,,,,,,,,,,,,,,,,,,,,,,,,,,,,,,,,,,,,,,,,,,,,,,,,,,,,,,,,Hidropulso,Tóxico,Granizo,Rayo Hielo,Ventisca,Protección,Danza Lluvia,Terremoto,Doble Equipo,Tormenta Arena,Tumba Rocas,Atracción,Salmuera,Vozarrón,Surf,Cascada,,,,,,,,,,,,,,,,,,,,,,,,,,,,,,,,,,,,,,,,,,,,,,,,,,,,,,,,,,,,,,,,,,,,,,,,,,,,,,,,,,,,,,,,,,,,,,,,,,,,,,,,,,,,,,,,,,,,,,,,,,,,,,,,,,,,,,,,,,,,Golpe,Chispa,Azote,Derribo,Torbellino,Hidrobomba,Danza Dragón,Tierra Viva,Disparo Lodo,Agua Lodosa,,,,,,,,,,,,,,,,,,,,,,,,,,,,,,,,,,,,,,,,,,,,,,,,,,,,,,,,,,,,,,,,,,,,,,,,,,,,,,,,,,,,,,,,,,,Ronquido,Terratemblor,Bofetón Lodo,Buceo,Bote,Cabezazo Zen,Acua Cola,Viento Hielo,Tierra Viva,,,,,,,,,,,,,,,,,,,,,,,,,,,,,,,,,,,,,,,,,,,,,,,,,,,,,,,,,,,,,,,,,,,,,,,,,,,,,,,,,,,,,,,,,,,
Whiscash,340,340,0,Agua,Tierra,Water 2,Water 2,Ningún objeto,Ningún objeto,Ningún objeto,Despiste,Hidratación,Simple,110,78,73,76,71,60,0,Golpe,1,Ronquido,1,Pistola Agua,1,Bofetón Lodo,1,Cosquillas,1,Cabezazo Zen,1,Eructo,1,Golpe,7,Pistola Agua,10,Bomba Fango,13,Amnesia,16,Hidropulso,20,Magnitud,22,Ronquido,22,Descanso,25,Acua Cola,28,Tierra Viva,30,Golpe,33,Agua Lodosa,37,Premonición,41,Terremoto,45,Danza Dragón,49,Hidrobomba,53,Fisura,,,,,,,,,,,,,,,,,,,,,,,,,,,,,,,,,,,,,,,,,,,,,,,,,,,,,Hidropulso,Tóxico,Granizo,Rayo Hielo,Ventisca,Hiperrayo,Protección,Danza Lluvia,Terremoto,Doble Equipo,Tormenta Arena,Tumba Rocas,Atracción,Salmuera,Gigaimpacto,Roca Afilada,Avalancha,Vozarrón,Surf,Fuerza,Golpe Roca,Cascada,,,,,,,,,,,,,,,,,,,,,,,,,,,,,,,,,,,,,,,,,,,,,,,,,,,,,,,,,,,,,,,,,,,,,,,,,,,,,,,,,,,,,,,,,,,,,,,,,,,,,,,,,,,,,,,,,,,,,,,,,,,,,,,,,,,,,,Golpe,Chispa,Azote,Derribo,Torbellino,Hidrobomba,Danza Dragón,Tierra Viva,Disparo Lodo,Agua Lodosa,,,,,,,,,,,,,,,,,,,,,,,,,,,,,,,,,,,,,,,,,,,,,,,,,,,,,,,,,,,,,,,,,,,,,,,,,,,,,,,,,,,,,,,,,,,Ronquido,Terratemblor,Bofetón Lodo,Pataleta,Buceo,Bote,Cabezazo Zen,Acua Cola,Viento Hielo,Tierra Viva,,,,,,,,,,,,,,,,,,,,,,,,,,,,,,,,,,,,,,,,,,,,,,,,,,,,,,,,,,,,,,,,,,,,,,,,,,,,,,,,,,,,,,,,,,
Corphish,341,341,0,Agua,,Water 1,Water 3,Ningún objeto,Ningún objeto,Ningún objeto,Adaptable,Corte Fuerte,Intimidación,43,80,65,50,35,35,1,Fortaleza,1,Pistola Agua,1,Agarre,1,Malicioso,5,Burbuja,8,Acua Jet,11,Protección,14,Rayo Burbuja,17,Doble Golpe,20,Martillazo,23,Mofa,26,Tajo Umbrío,29,Trapicheo,32,Concha Filo,32,Desarme,35,Danza Espada,38,Triturar,41,Vendetta,44,Danza Dragón,47,Fuerza Bruta,48,Esfuerzo,50,Guillotina,,,,,,,,,,,,,,,,,,,,,,,,,,,,,,,,,,,,,,,,,,,,,,,,,,,,,,,,,Hidropulso,Tóxico,Granizo,Mofa,Rayo Hielo,Ventisca,Protección,Danza Lluvia,Excavar,Demolición,Doble Equipo,Bomba Lodo,Tumba Rocas,Golpe Aéreo,Atracción,Salmuera,Falso Tortazo,Lanzamiento,Vendetta,Danza Espada,Avalancha,Tijera X,Corte,Surf,Fuerza,Golpe Roca,Cascada,,,,,,,,,,,,,,,,,,,,,,,,,,,,,,,,,,,,,,,,,,,,,,,,,,,,,,,,,,,,,,,,,,,,,,,,,,,,,,,,,,,,,,,,,,,,,,,,,,,,,,,,,,,,,,,,,,,,,,,,,,,,,,,,,Poder Pasado,Garra Metal,Doble Filo,Acua Jet,Trapicheo,Cuchillada,Esfuerzo,Golpe Cuerpo,Desarme,Fuerza Bruta,Danza Dragón,,,,,,,,,,,,,,,,,,,,,,,,,,,,,,,,,,,,,,,,,,,,,,,,,,,,,,,,,,,,,,,,,,,,,,,,,,,,,,,,,,,,,,,,,,Ronquido,Bofetón Lodo,Corte Furia,Rencor,Poder Pasado,Defensa Férrea,Viento Hielo,Fuerza Bruta,Desarme,Esfuerzo,,,,,,,,,,,,,,,,,,,,,,,,,,,,,,,,,,,,,,,,,,,,,,,,,,,,,,,,,,,,,,,,,,,,,,,,,,,,,,,,,,,,,,,,,,
Crawdaunt,342,342,0,Agua,Siniestro,Water 1,Water 3,Ningún objeto,Ningún objeto,Ningún objeto,Adaptable,Corte Fuerte,Intimidación,63,120,85,90,55,67,0,Meteoros,1,Malicioso,1,Fortaleza,1,Pistola Agua,1,Meteoros,1,Agarre,5,Burbuja,8,Acua Jet,11,Protección,14,Rayo Burbuja,17,Doble Golpe,20,Martillazo,23,Mofa,26,Tajo Umbrío,29,Trapicheo,30,Meteoros,33,Desarme,34,Concha Filo,37,Danza Espada,41,Triturar,45,Vendetta,49,Danza Dragón,53,Fuerza Bruta,57,Guillotina,58,Esfuerzo,,,,,,,,,,,,,,,,,,,,,,,,,,,,,,,,,,,,,,,,,,,,,,,,,,,Hidropulso,Tóxico,Granizo,Mofa,Rayo Hielo,Ventisca,Hiperrayo,Protección,Danza Lluvia,Excavar,Demolición,Doble Equipo,Bomba Lodo,Tumba Rocas,Golpe Aéreo,Atracción,Salmuera,Falso Tortazo,Lanzamiento,Maquinación,Vendetta,Gigaimpacto,Alud,Danza Espada,Alarido,Pulso Umbrío,Avalancha,Tijera X,Corte,Surf,Fuerza,Golpe Roca,Cascada,,,,,,,,,,,,,,,,,,,,,,,,,,,,,,,,,,,,,,,,,,,,,,,,,,,,,,,,,,,,,,,,,,,,,,,,,,,,,,,,,,,,,,,,,,,,,,,,,,,,,,,,,,,,,,,,,,,,,,,,,,,Poder Pasado,Garra Metal,Doble Filo,Acua Jet,Trapicheo,Cuchillada,Esfuerzo,Golpe Cuerpo,Desarme,Fuerza Bruta,Danza Dragón,,,,,,,,,,,,,,,,,,,,,,,,,,,,,,,,,,,,,,,,,,,,,,,,,,,,,,,,,,,,,,,,,,,,,,,,,,,,,,,,,,,,,,,,,,Ronquido,Bofetón Lodo,Corte Furia,Rencor,Poder Pasado,Buceo,Meteoros,Viento Hielo,Fuerza Bruta,Desarme,Esfuerzo,Hidroariete,,,,,,,,,,,,,,,,,,,,,,,,,,,,,,,,,,,,,,,,,,,,,,,,,,,,,,,,,,,,,,,,,,,,,,,,,,,,,,,,,,,,,,,,
Baltoy,343,343,0,Tierra,Psíquico,Mineral,Mineral,Ningún objeto,Ningún objeto,Refleluz,Levitación,Levitación,Psicogénesis,40,40,55,40,70,55,1,Fortaleza,1,Confusión,4,Giro Rápido,7,Bofetón Lodo,13,Tumba Rocas,16,Psicorrayo,19,Poder Pasado,22,Paranormal,25,Masa Cósmica,28,Tierra Viva,31,Autodestrucción,34,Truco Fuerza,36,Isoguardia,36,Isofuerza,37,Psíquico,40,Tormenta Arena,43,Sellar,46,Espacio Raro,49,Explosión,,,,,,,,,,,,,,,,,,,,,,,,,,,,,,,,,,,,,,,,,,,,,,,,,,,,,,,,,,,,,,,Paz Mental,Tóxico,Día Soleado,Rayo Hielo,Pantalla de Luz,Protección,Danza Lluvia,Velo Sagrado,Comesueños,Rayo Solar,Terremoto,Excavar,Psíquico,Bola Sombra,Doble Equipo,Reflejo,Tormenta Arena,Tumba Rocas,Intercambio,Voltio Cruel,Explosión,Reciclaje,Pulimento,Destello,Giro Bola,Trampa Rocas,Autosugestión,Avalancha,Vozarrón,Brillo Mágico,Hierba Lazo,Espacio Raro,,,,,,,,,,,,,,,,,,,,,,,,,,,,,,,,,,,,,,,,,,,,,,,,,,,,,,,,,,,,,,,,,,,,,,,,,,,,,,,,,,,,,,,,,,,,,,,,,,,,,,,,,,,,,,,,,,,,,,,,,,,,,,,,,,,,,,,,,,,,,,,,,,,,,,,,,,,,,,,,,,,,,,,,,,,,,,,,,,,,,,,,,,,,,,,,,,,,,,,,,,,,,,,,,,,,,,,,,,,,,,,,Ronquido,Terratemblor,Cambio de Banda,Bofetón Lodo,Autodestrucción,Rayo Señal,Poder Pasado,Defensa Férrea,Zona Extraña,Cabezazo Zen,Capa Mágica,Truco,Taladradora,Arenas Ardientes,Gravedad,Tierra Viva,,,,,,,,,,,,,,,,,,,,,,,,,,,,,,,,,,,,,,,,,,,,,,,,,,,,,,,,,,,,,,,,,,,,,,,,,,,,,,,,,,,,
Claydol,344,344,0,Tierra,Psíquico,Mineral,Mineral,Ningún objeto,Ningún objeto,Refleluz,Levitación,Levitación,Psicogénesis,60,70,105,70,120,75,0,Hiperrayo,1,Confusión,1,Gravedad,1,Fortaleza,1,Teletransporte,1,Hiperrayo,4,Giro Rápido,7,Bofetón Lodo,13,Tumba Rocas,16,Psicorrayo,19,Poder Pasado,22,Paranormal,25,Masa Cósmica,28,Tierra Viva,31,Autodestrucción,32,Hiperrayo,35,Truco Fuerza,38,Isoguardia,38,Isofuerza,39,Psíquico,43,Tormenta Arena,47,Sellar,51,Espacio Raro,55,Explosión,,,,,,,,,,,,,,,,,,,,,,,,,,,,,,,,,,,,,,,,,,,,,,,,,,,,,Paz Mental,Tóxico,Día Soleado,Rayo Hielo,Hiperrayo,Pantalla de Luz,Protección,Danza Lluvia,Velo Sagrado,Comesueños,Rayo Solar,Terremoto,Excavar,Psíquico,Bola Sombra,Doble Equipo,Reflejo,Tormenta Arena,Tumba Rocas,Intercambio,Voltio Cruel,Maquinación,Explosión,Reciclaje,Gigaimpacto,Pulimento,Destello,Roca Afilada,Giro Bola,Trampa Rocas,Autosugestión,Avalancha,Vozarrón,Brillo Mágico,Hierba Lazo,Espacio Raro,Vuelo,Fuerza,Golpe Roca,,,,,,,,,,,,,,,,,,,,,,,,,,,,,,,,,,,,,,,,,,,,,,,,,,,,,,,,,,,,,,,,,,,,,,,,,,,,,,,,,,,,,,,,,,,,,,,,,,,,,,,,,,,,,,,,,,,,,,,,,,,,,,,,,,,,,,,,,,,,,,,,,,,,,,,,,,,,,,,,,,,,,,,,,,,,,,,,,,,,,,,,,,,,,,,,,,,,,,,,,,,,,,,,,,,,,,,,,Ronquido,Terratemblor,Cambio de Banda,Bofetón Lodo,Autodestrucción,Rayo Señal,Poder Pasado,Zona Extraña,Cabezazo Zen,Capa Mágica,Truco,Taladradora,Arenas Ardientes,Gravedad,Tierra Viva,,,,,,,,,,,,,,,,,,,,,,,,,,,,,,,,,,,,,,,,,,,,,,,,,,,,,,,,,,,,,,,,,,,,,,,,,,,,,,,,,,,,,
Lileep,345,345,0,Roca,Planta,Water 3,Water 3,Ningún objeto,Ningún objeto,Raíz Grande,Ventosas,Colector,Regeneración,66,41,77,61,87,23,1,Impresionar,1,Constricción,1,Restricción,6,Ácido,9,Arraigo,12,Rayo Confuso,15,Poder Pasado,18,Megaagotar,21,Avalancha,24,Gigadrenado,24,Salmuera,27,Bilis,30,Amnesia,33,Tierra Viva,36,Recuperación,39,Energibola,42,Manto Espejo,45,Escupir,45,Reserva,45,Tragar,,,,,,,,,,,,,,,,,,,,,,,,,,,,,,,,,,,,,,,,,,,,,,,,,,,,,,,,,,,,,Tóxico,Semilladora,Día Soleado,Protección,Gigadrenado,Rayo Solar,Doble Equipo,Bomba Lodo,Tormenta Arena,Tumba Rocas,Atracción,Energibola,Escaldar,Pulimento,Destello,Danza Espada,Trampa Rocas,Avalancha,Hierba Lazo,,,,,,,,,,,,,,,,,,,,,,,,,,,,,,,,,,,,,,,,,,,,,,,,,,,,,,,,,,,,,,,,,,,,,,,,,,,,,,,,,,,,,,,,,,,,,,,,,,,,,,,,,,,,,,,,,,,,,,,,,,,,,,,,,,,,,,,,,Recuperación,Manto Espejo,Cosquillas,Atadura,Maldición,Megaagotar,,,,,,,,,,,,,,,,,,,,,,,,,,,,,,,,,,,,,,,,,,,,,,,,,,,,,,,,,,,,,,,,,,,,,,,,,,,,,,,,,,,,,,,,,,,,,,,Ronquido,Atadura,Abatidoras,Bofetón Lodo,Bilis,Síntesis,Poder Pasado,Bomba Germen,Divide Dolor,Tierra Viva,,,,,,,,,,,,,,,,,,,,,,,,,,,,,,,,,,,,,,,,,,,,,,,,,,,,,,,,,,,,,,,,,,,,,,,,,,,,,,,,,,,,,,,,,,
Cradily,346,346,0,Roca,Planta,Water 3,Water 3,Ningún objeto,Ningún objeto,Raíz Grande,Ventosas,Colector,Regeneración,86,81,97,86,107,43,1,Impresionar,1,Constricción,1,Restricción,1,Drenadoras,1,Latigazo,6,Ácido,9,Arraigo,12,Rayo Confuso,15,Poder Pasado,18,Megaagotar,21,Avalancha,24,Gigadrenado,24,Salmuera,27,Bilis,31,Amnesia,35,Tierra Viva,39,Recuperación,43,Energibola,47,Manto Espejo,51,Escupir,51,Reserva,51,Tragar,,,,,,,,,,,,,,,,,,,,,,,,,,,,,,,,,,,,,,,,,,,,,,,,,,,,,,,,,Tóxico,Semilladora,Día Soleado,Hiperrayo,Protección,Gigadrenado,Rayo Solar,Terremoto,Excavar,Doble Equipo,Bomba Lodo,Tormenta Arena,Tumba Rocas,Atracción,Energibola,Escaldar,Gigaimpacto,Pulimento,Destello,Roca Afilada,Danza Espada,Trampa Rocas,Avalancha,Vozarrón,Hierba Lazo,Fuerza,Golpe Roca,,,,,,,,,,,,,,,,,,,,,,,,,,,,,,,,,,,,,,,,,,,,,,,,,,,,,,,,,,,,,,,,,,,,,,,,,,,,,,,,,,,,,,,,,,,,,,,,,,,,,,,,,,,,,,,,,,,,,,,,,,,,,,,,,Recuperación,Manto Espejo,Cosquillas,Atadura,Maldición,Megaagotar,,,,,,,,,,,,,,,,,,,,,,,,,,,,,,,,,,,,,,,,,,,,,,,,,,,,,,,,,,,,,,,,,,,,,,,,,,,,,,,,,,,,,,,,,,,,,,,Ronquido,Atadura,Terratemblor,Abatidoras,Bofetón Lodo,Bloqueo,Bilis,Síntesis,Poder Pasado,Bomba Germen,Divide Dolor,Tierra Viva,,,,,,,,,,,,,,,,,,,,,,,,,,,,,,,,,,,,,,,,,,,,,,,,,,,,,,,,,,,,,,,,,,,,,,,,,,,,,,,,,,,,,,,,
Anorith,347,347,0,Roca,Bicho,Water 3,Water 3,Ningún objeto,Ningún objeto,Ningún objeto,Armadura Batalla,Nado Rápido,Garra Dura,45,95,50,40,50,75,1,Fortaleza,1,Arañazo,1,Pistola Agua,6,Antiaéreo,9,Acua Jet,12,Corte Furia,15,Poder Pasado,18,Picadura,21,Avalancha,24,Garra Metal,24,Salmuera,27,Hidropulso,30,Tijera X,33,Cuchillada,36,Garra Brutal,39,Desarme,42,Protección,45,Pedrada,,,,,,,,,,,,,,,,,,,,,,,,,,,,,,,,,,,,,,,,,,,,,,,,,,,,,,,,,,,,,,,,,Hidropulso,Tóxico,Día Soleado,Protección,Excavar,Demolición,Doble Equipo,Tormenta Arena,Tumba Rocas,Golpe Aéreo,Atracción,Falso Tortazo,Escaldar,Zumbido,Pulimento,Danza Espada,Trampa Rocas,Avalancha,Tijera X,Corte,Golpe Roca,,,,,,,,,,,,,,,,,,,,,,,,,,,,,,,,,,,,,,,,,,,,,,,,,,,,,,,,,,,,,,,,,,,,,,,,,,,,,,,,,,,,,,,,,,,,,,,,,,,,,,,,,,,,,,,,,,,,,,,,,,,,,,,,,,,,,,,Desarme,Maldición,Giro Rápido,Ataque Arena,Acua Jet,Chirrido,Veneno X,Defensa Férrea,,,,,,,,,,,,,,,,,,,,,,,,,,,,,,,,,,,,,,,,,,,,,,,,,,,,,,,,,,,,,,,,,,,,,,,,,,,,,,,,,,,,,,,,,,,,,Ronquido,Bofetón Lodo,Corte Furia,Poder Pasado,Defensa Férrea,Desarme,Tierra Viva,,,,,,,,,,,,,,,,,,,,,,,,,,,,,,,,,,,,,,,,,,,,,,,,,,,,,,,,,,,,,,,,,,,,,,,,,,,,,,,,,,,,,,,,,,,,,
Armaldo,348,348,0,Roca,Bicho,Water 3,Water 3,Ningún objeto,Ningún objeto,Ningún objeto,Armadura Batalla,Nado Rápido,Garra Dura,75,125,100,70,80,50,1,Antiaéreo,1,Pistola Agua,1,Fortaleza,1,Veneno X,1,Arañazo,9,Acua Jet,12,Corte Furia,15,Poder Pasado,18,Picadura,21,Avalancha,24,Garra Metal,24,Salmuera,27,Hidropulso,31,Tijera X,35,Cuchillada,39,Garra Brutal,43,Desarme,47,Protección,51,Pedrada,55,Roca Afilada,,,,,,,,,,,,,,,,,,,,,,,,,,,,,,,,,,,,,,,,,,,,,,,,,,,,,,,,,,,,,Hidropulso,Tóxico,Día Soleado,Hiperrayo,Protección,Cola Férrea,Terremoto,Excavar,Demolición,Doble Equipo,Tormenta Arena,Tumba Rocas,Golpe Aéreo,Atracción,Falso Tortazo,Escaldar,Zumbido,Garra Umbría,Gigaimpacto,Pulimento,Roca Afilada,Danza Espada,Trampa Rocas,Avalancha,Tijera X,Vozarrón,Foco Resplandor,Corte,Fuerza,Golpe Roca,,,,,,,,,,,,,,,,,,,,,,,,,,,,,,,,,,,,,,,,,,,,,,,,,,,,,,,,,,,,,,,,,,,,,,,,,,,,,,,,,,,,,,,,,,,,,,,,,,,,,,,,,,,,,,,,,,,,,,,,,,,,,,Desarme,Maldición,Giro Rápido,Ataque Arena,Acua Jet,Chirrido,Veneno X,Defensa Férrea,,,,,,,,,,,,,,,,,,,,,,,,,,,,,,,,,,,,,,,,,,,,,,,,,,,,,,,,,,,,,,,,,,,,,,,,,,,,,,,,,,,,,,,,,,,,,Ronquido,Terratemblor,Bofetón Lodo,Bloqueo,Corte Furia,Pataleta,Poder Pasado,Defensa Férrea,Sísmico,Patada Baja,Acua Cola,Fuerza Bruta,Desarme,Hidroariete,Tierra Viva,,,,,,,,,,,,,,,,,,,,,,,,,,,,,,,,,,,,,,,,,,,,,,,,,,,,,,,,,,,,,,,,,,,,,,,,,,,,,,,,,,,,,
Feebas,349,349,0,Agua,,Water 1,Dragon,Ningún objeto,Ningún objeto,Escama Bella,Nado Rápido,Despiste,Adaptable,20,15,20,10,55,80,1,Salpicadura,1,Placaje,1,Azote,15,Hidropulso,,,,,,,,,,,,,,,,,,,,,,,,,,,,,,,,,,,,,,,,,,,,,,,,,,,,,,,,,,,,,,,,,,,,,,,,,,,,,,,,,,,,,,,,,,,,,Hidropulso,Tóxico,Granizo,Rayo Hielo,Ventisca,Pantalla de Luz,Protección,Danza Lluvia,Cola Férrea,Doble Equipo,Atracción,Salmuera,Escaldar,Pulso Dragón,Surf,Cascada,,,,,,,,,,,,,,,,,,,,,,,,,,,,,,,,,,,,,,,,,,,,,,,,,,,,,,,,,,,,,,,,,,,,,,,,,,,,,,,,,,,,,,,,,,,,,,,,,,,,,,,,,,,,,,,,,,,,,,,,,,,,,,,,,,,,,,,,,,,,Manto Espejo,Dragoaliento,Hipnosis,Rayo Confuso,Neblina,Niebla,Cosquillas,,,,,,,,,,,,,,,,,,,,,,,,,,,,,,,,,,,,,,,,,,,,,,,,,,,,,,,,,,,,,,,,,,,,,,,,,,,,,,,,,,,,,,,,,,,,,,Ronquido,Buceo,Meteoros,Viento Hielo,,,,,,,,,,,,,,,,,,,,,,,,,,,,,,,,,,,,,,,,,,,,,,,,,,,,,,,,,,,,,,,,,,,,,,,,,,,,,,,,,,,,,,,,,,,,,,,,
Milotic,350,350,0,Agua,Hada,Water 1,Dragon,Ningún objeto,Ningún objeto,Escama Bella,Escama Especial,Tenacidad,Piel Milagro,95,60,79,100,125,81,0,Hidropulso,1,Pistola Agua,1,Constricción,1,Placaje,1,Salpicadura,1,Azote,7,Cosquillas,8,Ciclón,9,Voz Cautivadora,13,Hidropulso,15,Acua Aro,18,Rayo Confuso,20,Gota Vital,21,Dragoaliento,24,Cola Dragón,24,Acua Cola,27,Recuperación,30,Hipnosis,33,Atracción,36,Fuerza Lunar,39,Pulso Dragón,40,Surf,42,Danza Lluvia,45,Velo Sagrado,48,Manto Espejo,48,Enrosque,51,Hidrobomba,,,,,,,,,,,,,,,,,,,,,,,,,,,,,,,,,,,,,,,,,,,,,,,Hidropulso,Tóxico,Granizo,Rayo Hielo,Ventisca,Hiperrayo,Pantalla de Luz,Protección,Danza Lluvia,Velo Sagrado,Comesueños,Cola Férrea,Doble Equipo,Atracción,Salmuera,Escaldar,Pulso Dragón,Gigaimpacto,Alud,Autosugestión,Vozarrón,Surf,Cascada,,,,,,,,,,,,,,,,,,,,,,,,,,,,,,,,,,,,,,,,,,,,,,,,,,,,,,,,,,,,,,,,,,,,,,,,,,,,,,,,,,,,,,,,,,,,,,,,,,,,,,,,,,,,,,,,,,,,,,,,,,,,,,,,,,,,,Manto Espejo,Dragoaliento,Hipnosis,Rayo Confuso,Neblina,Niebla,Cosquillas,,,,,,,,,,,,,,,,,,,,,,,,,,,,,,,,,,,,,,,,,,,,,,,,,,,,,,,,,,,,,,,,,,,,,,,,,,,,,,,,,,,,,,,,,,,,,,Ronquido,Atadura,Refuerzo,Terratemblor,Bofetón Lodo,Aguzar,Buceo,Capa Mágica,Meteoros,Cabeza de Hierro,Acua Cola,Viento Hielo,Ciclón,,,,,,,,,,,,,,,,,,,,,,,,,,,,,,,,,,,,,,,,,,,,,,,,,,,,,,,,,,,,,,,,,,,,,,,,,,,,,,,,,,,,,,,
Castform,351,351,0,Normal,,Fairy,Amorphous,Agua Mística,Agua Mística,Agua Mística,Predicción,Predicción,Predicción,60,60,60,105,70,95,1,Placaje,10,Pistola Agua,10,Ascuas,10,Nieve Polvo,15,Golpe Cabeza,20,Danza Lluvia,20,Día Soleado,20,Granizo,25,Meteorobola,35,Hidrobomba,35,Llamarada,35,Ventisca,45,Vendaval,,,,,,,,,,,,,,,,,,,,,,,,,,,,,,,,,,,,,,,,,,,,,,,,,,,,,,,,,,,,,,,,,,,,,,,,,,,Hidropulso,Tóxico,Granizo,Poder Oculto,Día Soleado,Rayo Hielo,Ventisca,Protección,Danza Lluvia,Rayo Solar,Rayo,Trueno,Bola Sombra,Doble Equipo,Onda Voltio,Lanzallamas,Tormenta Arena,Llamarada,Atracción,Ladrón,Salmuera,Energibola,Aguante,Destello,Alud,Onda Trueno,Autosugestión,Vendaval,,,,,,,,,,,,,,,,,,,,,,,,,,,,,,,,,,,,,,,,,,,,,,,,,,,,,,,,,,,,,,,,,,,,,,,,,,,,,,,,,,,,,,,,,,,,,,,,,,,,,,,,,,,,,,,,,,,,,,,,,,,,,,,,Premonición,Anulación,Amnesia,Infortunio,Niebla Clara,Clonatipo,Cambiadefensa,Masa Cósmica,Viento Aciago,,,,,,,,,,,,,,,,,,,,,,,,,,,,,,,,,,,,,,,,,,,,,,,,,,,,,,,,,,,,,,,,,,,,,,,,,,,,,,,,,,,,,,,,,,,,Ronquido,Viento Aciago,Viento Afín,Meteoros,Viento Hielo,Última Baza,,,,,,,,,,,,,,,,,,,,,,,,,,,,,,,,,,,,,,,,,,,,,,,,,,,,,,,,,,,,,,,,,,,,,,,,,,,,,,,,,,,,,,,,,,,,,,
Kecleon,352,352,0,Normal,,Field,Field,Ningún objeto,Ningún objeto,Ningún objeto,Cambio Color,Mimetismo,Mutatipo,60,100,70,60,120,40,1,Arañazo,1,Lengüetazo,1,Impresionar,1,Látigo,4,Atadura,7,Sombra Vil,10,Amago,13,Golpes Furia,16,Anulación,16,Finta,19,Psicorrayo,22,Cuchillada,25,Poder Pasado,28,Sorpresa,30,Detección,34,Garra Umbría,37,Chirrido,40,Golpe Bajo,43,Recuperación,46,Sustituto,49,Doble Filo,50,Juego Sucio,,,,,,,,,,,,,,,,,,,,,,,,,,,,,,,,,,,,,,,,,,,,,,,,,,,,,,,,,Puño Certero,Hidropulso,Tóxico,Poder Oculto,Día Soleado,Rayo Hielo,Ventisca,Protección,Danza Lluvia,Rayo Solar,Cola Férrea,Rayo,Trueno,Excavar,Bola Sombra,Demolición,Doble Equipo,Onda Voltio,Lanzallamas,Llamarada,Tumba Rocas,Golpe Aéreo,Atracción,Ladrón,Intercambio,Lanzamiento,Voltio Cruel,Puño Drenaje,Maquinación,Garra Umbría,Reciclaje,Destello,Onda Trueno,Trampa Rocas,Autosugestión,Avalancha,Hierba Lazo,Espacio Raro,Corte,Fuerza,Golpe Roca,,,,,,,,,,,,,,,,,,,,,,,,,,,,,,,,,,,,,,,,,,,,,,,,,,,,,,,,,,,,,,,,,,,,,,,,,,,,,,,,,,,,,,,,,,,,,,,,,,,,,,,,,,,,,,,,,,,Anulación,Capa Mágica,Truco,Sorpresa,Recuperación,Juego Sucio,Puño Incremento,Puño Mareo,,,,,,,,,,,,,,,,,,,,,,,,,,,,,,,,,,,,,,,,,,,,,,,,,,,,,,,,,,,,,,,,,,,,,,,,,,,,,,,,,,,,,,,,,,,,,Ronquido,Atadura,Cede Paso,Rodar,Bofetón Lodo,Corte Furia,Poder Pasado,Puño Fuego,Puño Hielo,Puño Trueno,Zona Extraña,Sísmico,Imitación,Capa Mágica,Meteoros,Patada Baja,Truco,Acua Cola,Puño Incremento,Viento Hielo,Desarme,Golpe Bajo,Última Baza,Juego Sucio,,,,,,,,,,,,,,,,,,,,,,,,,,,,,,,,,,,,,,,,,,,,,,,,,,,,,,,,,,,,,,,,,,,,,,,,,,,,
Shuppet,353,353,0,Fantasma,,Amorphous,Amorphous,Ningún objeto,Ningún objeto,Hechizo,Cacheo,Cuerpo Maldito,Bromista,44,75,35,63,33,45,1,Desarme,1,Chirrido,1,Rencor,7,Tinieblas,10,Anulación,13,Sombra Vil,16,Fuego Fatuo,19,Divide Dolor,19,Finta,22,Infortunio,25,Maldición,28,Bola Sombra,31,Imitación,34,Golpe Bajo,34,Embargo,40,Truco,43,Lanzamugre,46,Rabia,49,Mismo Destino,54,Golpe Fantasma,,,,,,,,,,,,,,,,,,,,,,,,,,,,,,,,,,,,,,,,,,,,,,,,,,,,,,,,,,,,,Paz Mental,Tóxico,Día Soleado,Mofa,Protección,Danza Lluvia,Comesueños,Rayo,Trueno,Psíquico,Bola Sombra,Doble Equipo,Onda Voltio,Tormento,Atracción,Ladrón,Intercambio,Voltio Cruel,Fuego Fatuo,Vendetta,Destello,Onda Trueno,Autosugestión,Pulso Umbrío,Brillo Mágico,Espacio Raro,,,,,,,,,,,,,,,,,,,,,,,,,,,,,,,,,,,,,,,,,,,,,,,,,,,,,,,,,,,,,,,,,,,,,,,,,,,,,,,,,,,,,,,,,,,,,,,,,,,,,,,,,,,,,,,,,,,,,,,,,,,,,,,,,,Anulación,Mismo Destino,Impresionar,Sellar,Sombra Vil,Rayo Confuso,Lanzamugre,Golpe Fantasma,Viento Aciago,,,,,,,,,,,,,,,,,,,,,,,,,,,,,,,,,,,,,,,,,,,,,,,,,,,,,,,,,,,,,,,,,,,,,,,,,,,,,,,,,,,,,,,,,,,,Ronquido,Cambio de Banda,Rencor,Viento Aciago,Zona Mágica,Imitación,Capa Mágica,Divide Dolor,Truco,Viento Hielo,Desarme,Golpe Bajo,Juego Sucio,Lanzamugre,,,,,,,,,,,,,,,,,,,,,,,,,,,,,,,,,,,,,,,,,,,,,,,,,,,,,,,,,,,,,,,,,,,,,,,,,,,,,,,,,,,,,,
Banette,354,354,0,Fantasma,Normal,Amorphous,Amorphous,Ningún objeto,Ningún objeto,Hechizo,Cacheo,Cuerpo Maldito,Bromista,64,125,65,93,63,70,1,Rencor,1,Chirrido,1,Desarme,7,Tinieblas,10,Anulación,13,Sombra Vil,16,Fuego Fatuo,19,Divide Dolor,19,Finta,22,Infortunio,25,Maldición,28,Bola Sombra,32,Garra Umbría,34,Garra Brutal,34,Embargo,35,Golpe Bajo,39,Imitación,43,Truco,47,Lanzamugre,49,Doble Filo,51,Rabia,55,Mismo Destino,64,Golpe Fantasma,,,,,,,,,,,,,,,,,,,,,,,,,,,,,,,,,,,,,,,,,,,,,,,,,,,,,,,Paz Mental,Tóxico,Día Soleado,Mofa,Hiperrayo,Protección,Danza Lluvia,Comesueños,Rayo,Trueno,Psíquico,Bola Sombra,Doble Equipo,Onda Voltio,Tormento,Atracción,Ladrón,Intercambio,Lanzamiento,Voltio Cruel,Fuego Fatuo,Garra Umbría,Vendetta,Gigaimpacto,Destello,Onda Trueno,Autosugestión,Pulso Umbrío,Brillo Mágico,Espacio Raro,,,,,,,,,,,,,,,,,,,,,,,,,,,,,,,,,,,,,,,,,,,,,,,,,,,,,,,,,,,,,,,,,,,,,,,,,,,,,,,,,,,,,,,,,,,,,,,,,,,,,,,,,,,,,,,,,,,,,,,,,,,,,,Anulación,Mismo Destino,Impresionar,Sellar,Sombra Vil,Rayo Confuso,Lanzamugre,Golpe Fantasma,Viento Aciago,,,,,,,,,,,,,,,,,,,,,,,,,,,,,,,,,,,,,,,,,,,,,,,,,,,,,,,,,,,,,,,,,,,,,,,,,,,,,,,,,,,,,,,,,,,,Ronquido,Cambio de Banda,Bofetón Lodo,Rencor,Viento Aciago,Zona Mágica,Imitación,Capa Mágica,Divide Dolor,Truco,Viento Hielo,Desarme,Golpe Bajo,Juego Sucio,Lanzamugre,,,,,,,,,,,,,,,,,,,,,,,,,,,,,,,,,,,,,,,,,,,,,,,,,,,,,,,,,,,,,,,,,,,,,,,,,,,,,,,,,,,,,
Duskull,355,355,0,Fantasma,,Amorphous,Amorphous,Ningún objeto,Ningún objeto,Hechizo,Levitación,Cacheo,Regeneración,20,40,90,30,90,25,1,Malicioso,1,Tinieblas,7,Anulación,10,Impresionar,16,Sombra Vil,22,Fuego Fatuo,25,Vendetta,28,Maldición,31,Bola Sombra,32,Infortunio,34,Rayo Confuso,37,Mal de Ojo,40,Premonición,43,Mismo Destino,,,,,,,,,,,,,,,,,,,,,,,,,,,,,,,,,,,,,,,,,,,,,,,,,,,,,,,,,,,,,,,,,,,,,,,,,Paz Mental,Tóxico,Día Soleado,Mofa,Rayo Hielo,Ventisca,Protección,Danza Lluvia,Psíquico,Bola Sombra,Doble Equipo,Tormento,Atracción,Ladrón,Intercambio,Lanzamiento,Voltio Cruel,Fuego Fatuo,Vendetta,Destello,Autosugestión,Pulso Umbrío,Brillo Mágico,Espacio Raro,,,,,,,,,,,,,,,,,,,,,,,,,,,,,,,,,,,,,,,,,,,,,,,,,,,,,,,,,,,,,,,,,,,,,,,,,,,,,,,,,,,,,,,,,,,,,,,,,,,,,,,,,,,,,,,,,,,,,,,,,,,,,,,,,,,,Divide Dolor,Rabia,Legado,Niebla,Sellar,Mismo Destino,Finta,Viento Aciago,,,,,,,,,,,,,,,,,,,,,,,,,,,,,,,,,,,,,,,,,,,,,,,,,,,,,,,,,,,,,,,,,,,,,,,,,,,,,,,,,,,,,,,,,,,,,Ronquido,Refuerzo,Cambio de Banda,Rencor,Viento Aciago,Zona Extraña,Divide Dolor,Truco,Chupavidas,Gravedad,Viento Hielo,Golpe Bajo,,,,,,,,,,,,,,,,,,,,,,,,,,,,,,,,,,,,,,,,,,,,,,,,,,,,,,,,,,,,,,,,,,,,,,,,,,,,,,,,,,,,,,,,
Dusclops,356,356,0,Fantasma,,Amorphous,Amorphous,Ningún objeto,Ningún objeto,Hechizo,Levitación,Presión,Regeneración,40,70,130,60,130,25,0,Puño Sombra,1,Sombra Vil,1,Malicioso,1,Atadura,1,Gravedad,1,Puño Trueno,1,Puño Hielo,1,Puño Fuego,1,Puño Sombra,1,Tinieblas,7,Anulación,10,Impresionar,16,Sombra Vil,22,Fuego Fatuo,25,Vendetta,28,Maldición,31,Bola Sombra,32,Puño Sombra,32,Infortunio,35,Rayo Confuso,39,Mal de Ojo,43,Premonición,47,Mismo Destino,,,,,,,,,,,,,,,,,,,,,,,,,,,,,,,,,,,,,,,,,,,,,,,,,,,,,,,Puño Certero,Paz Mental,Tóxico,Día Soleado,Mofa,Rayo Hielo,Ventisca,Hiperrayo,Protección,Danza Lluvia,Terremoto,Psíquico,Bola Sombra,Demolición,Doble Equipo,Tumba Rocas,Tormento,Atracción,Ladrón,Intercambio,Lanzamiento,Voltio Cruel,Fuego Fatuo,Vendetta,Gigaimpacto,Destello,Autosugestión,Pulso Umbrío,Avalancha,Vozarrón,Brillo Mágico,Espacio Raro,Fuerza,Golpe Roca,,,,,,,,,,,,,,,,,,,,,,,,,,,,,,,,,,,,,,,,,,,,,,,,,,,,,,,,,,,,,,,,,,,,,,,,,,,,,,,,,,,,,,,,,,,,,,,,,,,,,,,,,,,,,,,,,,,,,,,,,,Divide Dolor,Rabia,Legado,Niebla,Sellar,Mismo Destino,Finta,Viento Aciago,,,,,,,,,,,,,,,,,,,,,,,,,,,,,,,,,,,,,,,,,,,,,,,,,,,,,,,,,,,,,,,,,,,,,,,,,,,,,,,,,,,,,,,,,,,,,Ronquido,Refuerzo,Atadura,Terratemblor,Cambio de Banda,Bofetón Lodo,Rencor,Viento Aciago,Puño Fuego,Puño Hielo,Puño Trueno,Zona Extraña,Sísmico,Divide Dolor,Truco,Chupavidas,Gravedad,Puño Incremento,Viento Hielo,Golpe Bajo,,,,,,,,,,,,,,,,,,,,,,,,,,,,,,,,,,,,,,,,,,,,,,,,,,,,,,,,,,,,,,,,,,,,,,,,,,,,,,,,
Tropius,357,357,0,Planta,Volador,Monster,Grass,Ningún objeto,Ningún objeto,Ningún objeto,Clorofila,Poder Solar,Cosecha,110,95,95,95,95,45,1,Hoja Afilada,1,Desarrollo,1,Tornado,1,Malicioso,6,Dulce Aroma,9,Pisotón,12,Hoja Mágica,15,Remolino,21,Síntesis,24,Adaptación,26,Ciclón de Hojas,27,Golpe Cuerpo,30,Tajo Aéreo,33,Energibola,36,Hoja Aguda,38,Pulso Dragón,40,Agilidad,42,Danza Dragón,45,Enfado,46,Martillo Dragón,48,Vendaval,51,Rayo Solar,54,Lluevehojas,,,,,,,,,,,,,,,,,,,,,,,,,,,,,,,,,,,,,,,,,,,,,,,,,,,,,,,Rugido,Tóxico,Semilladora,Día Soleado,Hiperrayo,Protección,Gigadrenado,Velo Sagrado,Rayo Solar,Terremoto,Doble Equipo,Golpe Aéreo,Atracción,Ala de Acero,Respiro,Energibola,Aguante,Pulso Dragón,Gigaimpacto,Destello,Danza Espada,Vozarrón,Hierba Lazo,Vendaval,Corte,Vuelo,Fuerza,Despejar,Golpe Roca,,,,,,,,,,,,,,,,,,,,,,,,,,,,,,,,,,,,,,,,,,,,,,,,,,,,,,,,,,,,,,,,,,,,,,,,,,,,,,,,,,,,,,,,,,,,,,,,,,,,,,,,,,,,,,,,,,,,,,,,,,,,,,,Golpe Cabeza,Atizar,Drenadoras,Adaptación,Lluevehojas,Síntesis,Maldición,Hoja Aguda,Danza Dragón,Martillo Dragón,Viento Cortante,,,,,,,,,,,,,,,,,,,,,,,,,,,,,,,,,,,,,,,,,,,,,,,,,,,,,,,,,,,,,,,,,,,,,,,,,,,,,,,,,,,,,,,,,,Ronquido,Terratemblor,Aire Afilado,Abatidoras,Bofetón Lodo,Corte Furia,Pataleta,Síntesis,Viento Aciago,Viento Afín,Bomba Germen,Enfado,Ciclón,,,,,,,,,,,,,,,,,,,,,,,,,,,,,,,,,,,,,,,,,,,,,,,,,,,,,,,,,,,,,,,,,,,,,,,,,,,,,,,,,,,,,,,
Chimecho,358,358,0,Psíquico,,Amorphous,Amorphous,Ningún objeto,Ningún objeto,Amuleto,Levitación,Muro Mágico,Simbiosis,75,40,80,110,100,65,1,Danza Amiga,1,Última Baza,1,Constricción,1,Deseo Cura,4,Gruñido,7,Impresionar,10,Confusión,11,Viento Aciago,13,Bostezo,16,Pantalla de Luz,19,Derribo,22,Alboroto,25,Paranormal,28,Cascabel Cura,31,Velo Sagrado,34,Psíquico,37,Hipnosis,40,Doble Filo,43,Recuperación,46,Vozarrón,47,Pulso Cura,49,Deseo Cura,,,,,,,,,,,,,,,,,,,,,,,,,,,,,,,,,,,,,,,,,,,,,,,,,,,,,,,,,Paz Mental,Tóxico,Día Soleado,Mofa,Pantalla de Luz,Protección,Danza Lluvia,Velo Sagrado,Comesueños,Psíquico,Bola Sombra,Doble Equipo,Reflejo,Onda Voltio,Tormento,Atracción,Intercambio,Energibola,Voltio Cruel,Reciclaje,Destello,Onda Trueno,Autosugestión,Brillo Mágico,Hierba Lazo,Espacio Raro,,,,,,,,,,,,,,,,,,,,,,,,,,,,,,,,,,,,,,,,,,,,,,,,,,,,,,,,,,,,,,,,,,,,,,,,,,,,,,,,,,,,,,,,,,,,,,,,,,,,,,,,,,,,,,,,,,,,,,,,,,,,,,,,,,Anulación,Maldición,Hipnosis,Deseo,Premonición,Recuperación,Poder Reserva,Masa Cósmica,,,,,,,,,,,,,,,,,,,,,,,,,,,,,,,,,,,,,,,,,,,,,,,,,,,,,,,,,,,,,,,,,,,,,,,,,,,,,,,,,,,,,,,,,,,,,Ronquido,Atadura,Cambio de Banda,Rodar,Aguzar,Cascabel Cura,Alboroto,Rayo Señal,Viento Aciago,Cabezazo Zen,Capa Mágica,Meteoros,Truco,Gravedad,Viento Hielo,Desarme,Última Baza,,,,,,,,,,,,,,,,,,,,,,,,,,,,,,,,,,,,,,,,,,,,,,,,,,,,,,,,,,,,,,,,,,,,,,,,,,,,,,,,,,,
Absol,359,359,0,Siniestro,,Field,Field,Ningún objeto,Ningún objeto,Vidasfera,Afortunado,Justiciero,Espejo Mágico,75,130,60,85,60,90,1,Desarme,1,Arañazo,1,Amago,4,Malicioso,7,Ataque Rápido,13,Mofa,16,Mordisco,19,Doble Equipo,22,Cuchillada,22,Tajo Umbrío,25,Danza Espada,28,Psicocorte,31,Detección,35,Foco Energía,37,Golpe Bajo,43,Megacuerno,46,Carantoña,49,Premonición,49,Viento Cortante,52,Canto Mortal,,,,,,,,,,,,,,,,,,,,,,,,,,,,,,,,,,,,,,,,,,,,,,,,,,,,,,,,,,,,,Hidropulso,Paz Mental,Tóxico,Granizo,Día Soleado,Mofa,Rayo Hielo,Ventisca,Hiperrayo,Protección,Danza Lluvia,Cola Férrea,Rayo,Trueno,Bola Sombra,Doble Equipo,Onda Voltio,Lanzallamas,Tormenta Arena,Llamarada,Tumba Rocas,Golpe Aéreo,Tormento,Atracción,Ladrón,Falso Tortazo,Voltio Cruel,Fuego Fatuo,Garra Umbría,Vendetta,Gigaimpacto,Destello,Roca Afilada,Onda Trueno,Danza Espada,Autosugestión,Alarido,Pulso Umbrío,Avalancha,Tijera X,Brillo Mágico,Corte,Fuerza,Golpe Roca,,,,,,,,,,,,,,,,,,,,,,,,,,,,,,,,,,,,,,,,,,,,,,,,,,,,,,,,,,,,,,,,,,,,,,,,,,,,,,,,,,,,,,,,,,,,,,,,,,,,,,,,,,,,,,,,Maldición,Doble Filo,Capa Mágica,Mal de Ojo,Mordisco,Amago,Relevo,Cabezazo Zen,Golpe Bajo,Buena Baza,Megacuerno,Infortunio,Canto Mortal,Carantoña,Finta,,,,,,,,,,,,,,,,,,,,,,,,,,,,,,,,,,,,,,,,,,,,,,,,,,,,,,,,,,,,,,,,,,,,,,,,,,,,,,,,,,,,,,Ronquido,Bofetón Lodo,Aguzar,Corte Furia,Rencor,Bote,Imitación,Cabezazo Zen,Capa Mágica,Meteoros,Viento Hielo,Fuerza Bruta,Desarme,Golpe Bajo,Juego Sucio,,,,,,,,,,,,,,,,,,,,,,,,,,,,,,,,,,,,,,,,,,,,,,,,,,,,,,,,,,,,,,,,,,,,,,,,,,,,,,,,,,,,,
Wynaut,360,360,0,Psíquico,,No Eggs,No Eggs,Ningún objeto,Ningún objeto,Ningún objeto,Sombra Trampa,Sombra Trampa,Telepatía,95,23,48,23,48,23,1,Amnesia,1,Otra Vez,1,Encanto,1,Salpicadura,1,Manto Espejo,1,Contraataque,15,Velo Sagrado,15,Mismo Destino,,,,,,,,,,,,,,,,,,,,,,,,,,,,,,,,,,,,,,,,,,,,,,,,,,,,,,,,,,,,,,,,,,,,,,,,,,,,,,,,,,,,,Velo Sagrado,,,,,,,,,,,,,,,,,,,,,,,,,,,,,,,,,,,,,,,,,,,,,,,,,,,,,,,,,,,,,,,,,,,,,,,,,,,,,,,,,,,,,,,,,,,,,,,,,,,,,,,,,,,,,,,,,,,,,,,,,,,,,,,,,,,,,,,,,,,,,,,,,,,,,,,,,,,,,,,,,,,,,,,,,,,,,,,,,,,,,,,,,,,,,,,,,,,,,,,,,,,,,,,,,,,,,,,,,,,,,,,,,,,,,,,,,,,,,,,,,,,,,,,,,,,,,,,,,,,,,,,,,,,,,,,,,,,,,,,,,,,,,,,,,,,,,,,,,,,,,,,,,,,,,,,,,,,,,,,,,,,,,,,,,,,,,,,,,,,,,,,,,,,,,,,,,,
Snorunt,361,361,0,Hielo,,Fairy,Mineral,Ningún objeto,Ningún objeto,Piedra Hielo,Foco Interno,Gélido,Veleta,50,50,50,50,50,50,1,Impresionar,1,Nieve Polvo,1,Malicioso,6,Doble Equipo,9,Esquirla Helada,12,Viento Hielo,15,Mordisco,18,Anulación,21,Colmillo Hielo,24,Golpe Cabeza,27,Alud,30,Triturar,30,Vaho Gélido,33,Rayo Hielo,36,Protección,39,Trapicheo,42,Granizo,45,Ventisca,,,,,,,,,,,,,,,,,,,,,,,,,,,,,,,,,,,,,,,,,,,,,,,,,,,,,,,,,,,,,,,,,Hidropulso,Tóxico,Granizo,Rayo Hielo,Ventisca,Pantalla de Luz,Protección,Danza Lluvia,Velo Sagrado,Bola Sombra,Doble Equipo,Atracción,Destello,Alud,,,,,,,,,,,,,,,,,,,,,,,,,,,,,,,,,,,,,,,,,,,,,,,,,,,,,,,,,,,,,,,,,,,,,,,,,,,,,,,,,,,,,,,,,,,,,,,,,,,,,,,,,,,,,,,,,,,,,,,,,,,,,,,,,,,,,,,,,,,,,,Bloqueo,Anulación,Trapicheo,Rodar,Chuzos,Púas,Meteorobola,Infortunio,Llanto Falso,,,,,,,,,,,,,,,,,,,,,,,,,,,,,,,,,,,,,,,,,,,,,,,,,,,,,,,,,,,,,,,,,,,,,,,,,,,,,,,,,,,,,,,,,,,,Ronquido,Rodar,Púas,Bloqueo,Rencor,Viento Hielo,,,,,,,,,,,,,,,,,,,,,,,,,,,,,,,,,,,,,,,,,,,,,,,,,,,,,,,,,,,,,,,,,,,,,,,,,,,,,,,,,,,,,,,,,,,,,,
Glalie,362,362,0,Hielo,Roca,Fairy,Mineral,Ningún objeto,Ningún objeto,Piedra Hielo,Levitación,Piel Helada,Veleta,80,110,110,60,60,80,0,Liofilización,1,Malicioso,1,Impresionar,1,Nieve Polvo,1,Testarazo,1,Meteorobola,1,Liofilización,6,Doble Equipo,9,Esquirla Helada,12,Viento Hielo,15,Mordisco,18,Anulación,21,Colmillo Hielo,24,Golpe Cabeza,27,Alud,30,Triturar,30,Vaho Gélido,32,Avalancha,34,Chuzos,38,Protección,42,Trapicheo,46,Granizo,50,Ventisca,54,Frío Polar,,,,,,,,,,,,,,,,,,,,,,,,,,,,,,,,,,,,,,,,,,,,,,,,,,,,,Hidropulso,Tóxico,Granizo,Mofa,Rayo Hielo,Ventisca,Hiperrayo,Pantalla de Luz,Protección,Danza Lluvia,Velo Sagrado,Terremoto,Bola Sombra,Doble Equipo,Tumba Rocas,Tormento,Atracción,Explosión,Vendetta,Gigaimpacto,Pulimento,Destello,Roca Afilada,Alud,Giro Bola,Trampa Rocas,Pulso Umbrío,Avalancha,Vozarrón,Golpe Roca,Treparrocas,,,,,,,,,,,,,,,,,,,,,,,,,,,,,,,,,,,,,,,,,,,,,,,,,,,,,,,,,,,,,,,,,,,,,,,,,,,,,,,,,,,,,,,,,,,,,,,,,,,,,,,,,,,,,,,,,,,,,,,,,,,,,Bloqueo,Anulación,Trapicheo,Rodar,Chuzos,Púas,Meteorobola,Infortunio,Llanto Falso,,,,,,,,,,,,,,,,,,,,,,,,,,,,,,,,,,,,,,,,,,,,,,,,,,,,,,,,,,,,,,,,,,,,,,,,,,,,,,,,,,,,,,,,,,,,Ronquido,Terratemblor,Rodar,Púas,Aguzar,Bloqueo,Autodestrucción,Rencor,Rayo Señal,Cabeza de Hierro,Viento Hielo,Superdiente,,,,,,,,,,,,,,,,,,,,,,,,,,,,,,,,,,,,,,,,,,,,,,,,,,,,,,,,,,,,,,,,,,,,,,,,,,,,,,,,,,,,,,,,
Spheal,363,363,0,Hielo,Agua,Water 1,Field,Ningún objeto,Ningún objeto,Ningún objeto,Sebo,Gélido,Quitanieves,70,40,50,55,50,25,1,Rizo Defensa,1,Rodar,1,Nieve Polvo,1,Gruñido,1,Pistola Agua,7,Rodar,10,Otra Vez,16,Hidropulso,19,Rayo Aurora,22,Golpe Cuerpo,24,Salmuera,25,Descanso,25,Ronquido,28,Granizo,31,Rayo Hielo,34,Acua Cola,37,Tambor,40,Surf,40,Ventisca,43,Frío Polar,,,,,,,,,,,,,,,,,,,,,,,,,,,,,,,,,,,,,,,,,,,,,,,,,,,,,,,,,,,,,Hidropulso,Tóxico,Granizo,Rayo Hielo,Ventisca,Protección,Danza Lluvia,Cola Férrea,Terremoto,Doble Equipo,Tumba Rocas,Atracción,Escaldar,Avalancha,Vozarrón,Surf,Fuerza,Golpe Roca,Cascada,,,,,,,,,,,,,,,,,,,,,,,,,,,,,,,,,,,,,,,,,,,,,,,,,,,,,,,,,,,,,,,,,,,,,,,,,,,,,,,,,,,,,,,,,,,,,,,,,,,,,,,,,,,,,,,,,,,,,,,,,,,,,,,,,,,,,,,,,Maldición,Fisura,Reserva,Tragar,Escupir,Bostezo,Acua Aro,Tambor,Rodar,Rayo Señal,,,,,,,,,,,,,,,,,,,,,,,,,,,,,,,,,,,,,,,,,,,,,,,,,,,,,,,,,,,,,,,,,,,,,,,,,,,,,,,,,,,,,,,,,,,Ronquido,Terratemblor,Rodar,Bofetón Lodo,Rayo Señal,Buceo,Acua Cola,Viento Hielo,Superdiente,,,,,,,,,,,,,,,,,,,,,,,,,,,,,,,,,,,,,,,,,,,,,,,,,,,,,,,,,,,,,,,,,,,,,,,,,,,,,,,,,,,,,,,,,,,
Sealeo,364,364,0,Hielo,Agua,Water 1,Field,Ningún objeto,Ningún objeto,Ningún objeto,Sebo,Gélido,Quitanieves,90,60,70,75,70,45,0,Contoneo,1,Pistola Agua,1,Gruñido,1,Rizo Defensa,1,Rodar,1,Nieve Polvo,7,Rodar,10,Otra Vez,16,Hidropulso,19,Rayo Aurora,22,Golpe Cuerpo,24,Contoneo,24,Salmuera,26,Descanso,26,Ronquido,30,Granizo,34,Rayo Hielo,38,Acua Cola,42,Tambor,46,Surf,46,Ventisca,50,Frío Polar,,,,,,,,,,,,,,,,,,,,,,,,,,,,,,,,,,,,,,,,,,,,,,,,,,,,,,,,,Hidropulso,Rugido,Tóxico,Granizo,Rayo Hielo,Ventisca,Protección,Danza Lluvia,Cola Férrea,Terremoto,Doble Equipo,Tumba Rocas,Atracción,Escaldar,Avalancha,Vozarrón,Surf,Fuerza,Golpe Roca,Cascada,,,,,,,,,,,,,,,,,,,,,,,,,,,,,,,,,,,,,,,,,,,,,,,,,,,,,,,,,,,,,,,,,,,,,,,,,,,,,,,,,,,,,,,,,,,,,,,,,,,,,,,,,,,,,,,,,,,,,,,,,,,,,,,,,,,,,,,,Maldición,Fisura,Reserva,Tragar,Escupir,Bostezo,Acua Aro,Tambor,Rodar,Rayo Señal,,,,,,,,,,,,,,,,,,,,,,,,,,,,,,,,,,,,,,,,,,,,,,,,,,,,,,,,,,,,,,,,,,,,,,,,,,,,,,,,,,,,,,,,,,,Ronquido,Terratemblor,Rodar,Bofetón Lodo,Rayo Señal,Buceo,Acua Cola,Viento Hielo,Superdiente,,,,,,,,,,,,,,,,,,,,,,,,,,,,,,,,,,,,,,,,,,,,,,,,,,,,,,,,,,,,,,,,,,,,,,,,,,,,,,,,,,,,,,,,,,,
Walrein,365,365,0,Hielo,Agua,Water 1,Field,Ningún objeto,Ningún objeto,Ningún objeto,Sebo,Gélido,Quitanieves,110,80,90,95,90,65,1,Pistola Agua,1,Gruñido,1,Rizo Defensa,1,Rodar,1,Colmillo Hielo,1,Triturar,1,Nieve Polvo,7,Rodar,10,Otra Vez,16,Hidropulso,19,Rayo Aurora,22,Golpe Cuerpo,24,Contoneo,24,Salmuera,26,Descanso,26,Ronquido,30,Granizo,34,Rayo Hielo,38,Acua Cola,40,Triturar,44,Tambor,48,Surf,50,Ventisca,56,Frío Polar,,,,,,,,,,,,,,,,,,,,,,,,,,,,,,,,,,,,,,,,,,,,,,,,,,,,,Hidropulso,Rugido,Tóxico,Granizo,Rayo Hielo,Ventisca,Hiperrayo,Protección,Danza Lluvia,Cola Férrea,Terremoto,Doble Equipo,Tumba Rocas,Atracción,Escaldar,Gigaimpacto,Alud,Danza Espada,Avalancha,Vozarrón,Surf,Fuerza,Golpe Roca,Cascada,,,,,,,,,,,,,,,,,,,,,,,,,,,,,,,,,,,,,,,,,,,,,,,,,,,,,,,,,,,,,,,,,,,,,,,,,,,,,,,,,,,,,,,,,,,,,,,,,,,,,,,,,,,,,,,,,,,,,,,,,,,,,,,,,,,,Maldición,Fisura,Reserva,Tragar,Escupir,Bostezo,Acua Aro,Tambor,Rodar,Rayo Señal,,,,,,,,,,,,,,,,,,,,,,,,,,,,,,,,,,,,,,,,,,,,,,,,,,,,,,,,,,,,,,,,,,,,,,,,,,,,,,,,,,,,,,,,,,,Ronquido,Terratemblor,Rodar,Bofetón Lodo,Bloqueo,Corte Furia,Rayo Señal,Pataleta,Buceo,Cabeza de Hierro,Acua Cola,Viento Hielo,Superdiente,,,,,,,,,,,,,,,,,,,,,,,,,,,,,,,,,,,,,,,,,,,,,,,,,,,,,,,,,,,,,,,,,,,,,,,,,,,,,,,,,,,,,,,
Clamperl,366,366,0,Agua,,Water 1,Water 1,Perla,Perla,Perla Grande,Caparazón,Armadura Batalla,Cobardía,35,64,85,74,55,32,1,Defensa Férrea,1,Torbellino,1,Pistola Agua,1,Tenaza,15,Hidropulso,25,Agua Lodosa,50,Rompecoraza,,,,,,,,,,,,,,,,,,,,,,,,,,,,,,,,,,,,,,,,,,,,,,,,,,,,,,,,,,,,,,,,,,,,,,,,,,,,,,,,,,,,,,,Hidropulso,Tóxico,Granizo,Rayo Hielo,Ventisca,Protección,Danza Lluvia,Doble Equipo,Atracción,Salmuera,Escaldar,Surf,Cascada,,,,,,,,,,,,,,,,,,,,,,,,,,,,,,,,,,,,,,,,,,,,,,,,,,,,,,,,,,,,,,,,,,,,,,,,,,,,,,,,,,,,,,,,,,,,,,,,,,,,,,,,,,,,,,,,,,,,,,,,,,,,,,,,,,,,,,,,,,,,,,,Golpe Cuerpo,Supersónico,Rayo Confuso,Acua Aro,Agua Lodosa,,,,,,,,,,,,,,,,,,,,,,,,,,,,,,,,,,,,,,,,,,,,,,,,,,,,,,,,,,,,,,,,,,,,,,,,,,,,,,,,,,,,,,,,,,,,,,,,Ronquido,Defensa Férrea,Buceo,Viento Hielo,,,,,,,,,,,,,,,,,,,,,,,,,,,,,,,,,,,,,,,,,,,,,,,,,,,,,,,,,,,,,,,,,,,,,,,,,,,,,,,,,,,,,,,,,,,,,,,,
Huntail,367,367,0,Agua,,Water 1,Water 1,Ningún objeto,Ningún objeto,Diente Marino,Nado Rápido,Velo Agua,Mandíbula Fuerte,55,94,105,75,104,52,1,Rompecoraza,1,Defensa Férrea,1,Pistola Agua,1,Mordisco,1,Torbellino,1,Cara Susto,1,Chirrido,5,Danza Lluvia,7,Finta,11,Hidropulso,15,Colmillo Hielo,19,Salmuera,19,Acua Aro,23,Buceo,27,Golpe Bajo,31,Acua Cola,35,Triturar,39,Relevo,43,Rayo Confuso,45,Enrosque,47,Superdiente,51,Hidrobomba,,,,,,,,,,,,,,,,,,,,,,,,,,,,,,,,,,,,,,,,,,,,,,,,,,,,,,,,,Hidropulso,Tóxico,Granizo,Rayo Hielo,Ventisca,Hiperrayo,Protección,Danza Lluvia,Doble Equipo,Tumba Rocas,Atracción,Salmuera,Escaldar,Gigaimpacto,Surf,Cascada,,,,,,,,,,,,,,,,,,,,,,,,,,,,,,,,,,,,,,,,,,,,,,,,,,,,,,,,,,,,,,,,,,,,,,,,,,,,,,,,,,,,,,,,,,,,,,,,,,,,,,,,,,,,,,,,,,,,,,,,,,,,,,,,,,,,,,,,,,,,Golpe Cuerpo,Supersónico,Rayo Confuso,Acua Aro,Agua Lodosa,,,,,,,,,,,,,,,,,,,,,,,,,,,,,,,,,,,,,,,,,,,,,,,,,,,,,,,,,,,,,,,,,,,,,,,,,,,,,,,,,,,,,,,,,,,,,,,,Ronquido,Atadura,Bofetón Lodo,Defensa Férrea,Buceo,Bote,Meteoros,Acua Cola,Viento Hielo,Golpe Bajo,Superdiente,,,,,,,,,,,,,,,,,,,,,,,,,,,,,,,,,,,,,,,,,,,,,,,,,,,,,,,,,,,,,,,,,,,,,,,,,,,,,,,,,,,,,,,,,
Gorebyss,368,368,0,Agua,,Water 1,Water 1,Ningún objeto,Ningún objeto,Escama Marina,Nado Rápido,Hidratación,Colector,55,84,105,114,75,52,1,Rompecoraza,1,Defensa Férrea,1,Pistola Agua,1,Confusión,1,Torbellino,1,Agilidad,5,Danza Lluvia,7,Beso Drenaje,11,Hidropulso,15,Amnesia,19,Acua Aro,23,Velo Sagrado,23,Buceo,31,Agua Lodosa,35,Psíquico,39,Acua Cola,39,Relevo,43,Rayo Confuso,45,Enrosque,51,Hidrobomba,,,,,,,,,,,,,,,,,,,,,,,,,,,,,,,,,,,,,,,,,,,,,,,,,,,,,,,,,,,,,Hidropulso,Tóxico,Granizo,Rayo Hielo,Ventisca,Hiperrayo,Protección,Danza Lluvia,Velo Sagrado,Psíquico,Bola Sombra,Doble Equipo,Atracción,Salmuera,Escaldar,Gigaimpacto,Autosugestión,Surf,Cascada,,,,,,,,,,,,,,,,,,,,,,,,,,,,,,,,,,,,,,,,,,,,,,,,,,,,,,,,,,,,,,,,,,,,,,,,,,,,,,,,,,,,,,,,,,,,,,,,,,,,,,,,,,,,,,,,,,,,,,,,,,,,,,,,,,,,,,,,,Golpe Cuerpo,Supersónico,Rayo Confuso,Acua Aro,Agua Lodosa,,,,,,,,,,,,,,,,,,,,,,,,,,,,,,,,,,,,,,,,,,,,,,,,,,,,,,,,,,,,,,,,,,,,,,,,,,,,,,,,,,,,,,,,,,,,,,,,Ronquido,Atadura,Bofetón Lodo,Rayo Señal,Defensa Férrea,Buceo,Bote,Meteoros,Acua Cola,Viento Hielo,,,,,,,,,,,,,,,,,,,,,,,,,,,,,,,,,,,,,,,,,,,,,,,,,,,,,,,,,,,,,,,,,,,,,,,,,,,,,,,,,,,,,,,,,,
Relicanth,369,369,0,Agua,Roca,Water 1,Water 2,Ningún objeto,Ningún objeto,Escama Marina,Cabeza Roca,Nado Rápido,Robustez,100,90,130,45,65,55,1,Fortaleza,1,Placaje,1,Pistola Agua,7,Tumba Rocas,10,Poder Pasado,13,Buceo,16,Derribo,19,Bostezo,22,Avalancha,28,Acua Cola,31,Descanso,34,Cabezazo Zen,37,Azote,40,Roca Afilada,43,Amnesia,46,Terremoto,49,Doble Filo,52,Hidrobomba,55,Testarazo,,,,,,,,,,,,,,,,,,,,,,,,,,,,,,,,,,,,,,,,,,,,,,,,,,,,,,,,,,,,,,,Hidropulso,Paz Mental,Tóxico,Granizo,Rayo Hielo,Ventisca,Hiperrayo,Protección,Danza Lluvia,Velo Sagrado,Terremoto,Doble Equipo,Tormenta Arena,Tumba Rocas,Atracción,Salmuera,Escaldar,Gigaimpacto,Pulimento,Roca Afilada,Trampa Rocas,Autosugestión,Avalancha,Vozarrón,Surf,Golpe Roca,Cascada,,,,,,,,,,,,,,,,,,,,,,,,,,,,,,,,,,,,,,,,,,,,,,,,,,,,,,,,,,,,,,,,,,,,,,,,,,,,,,,,,,,,,,,,,,,,,,,,,,,,,,,,,,,,,,,,,,,,,,,,,,,,,,,,,Bofetón Lodo,Cabezazo,Amnesia,Acua Cola,Ronquido,Agua Lodosa,Disparo Lodo,Cabezazo Zen,Magnitud,,,,,,,,,,,,,,,,,,,,,,,,,,,,,,,,,,,,,,,,,,,,,,,,,,,,,,,,,,,,,,,,,,,,,,,,,,,,,,,,,,,,,,,,,,,,Ronquido,Terratemblor,Bofetón Lodo,Pataleta,Poder Pasado,Buceo,Bote,Cabezazo Zen,Acua Cola,Viento Hielo,Tierra Viva,,,,,,,,,,,,,,,,,,,,,,,,,,,,,,,,,,,,,,,,,,,,,,,,,,,,,,,,,,,,,,,,,,,,,,,,,,,,,,,,,,,,,,,,,
Luvdisc,370,370,0,Agua,Hada,Water 2,Water 2,Escama Corazón,Escama Corazón,Escama Corazón,Nado Rápido,Hidratación,Escama Especial,50,30,75,95,75,125,1,Encanto,1,Placaje,4,Pistola Agua,7,Agilidad,10,Acua Jet,13,Ojos Llorosos,16,Hidropulso,19,Beso Drenaje,22,Atracción,22,Salmuera,25,Azote,28,Beso Dulce,31,Derribo,37,Ojitos Tiernos,37,Fuerza Lunar,40,Acua Aro,42,Empapar,43,Bote,46,Velo Sagrado,49,Hidrobomba,,,,,,,,,,,,,,,,,,,,,,,,,,,,,,,,,,,,,,,,,,,,,,,,,,,,,,,,,,,,,Hidropulso,Tóxico,Granizo,Rayo Hielo,Ventisca,Protección,Danza Lluvia,Velo Sagrado,Comesueños,Doble Equipo,Atracción,Salmuera,Escaldar,Autosugestión,Surf,Cascada,,,,,,,,,,,,,,,,,,,,,,,,,,,,,,,,,,,,,,,,,,,,,,,,,,,,,,,,,,,,,,,,,,,,,,,,,,,,,,,,,,,,,,,,,,,,,,,,,,,,,,,,,,,,,,,,,,,,,,,,,,,,,,,,,,,,,,,,,,,,Salpicadura,Supersónico,Acua Aro,Acua Jet,Pulso Cura,Danza Amiga,,,,,,,,,,,,,,,,,,,,,,,,,,,,,,,,,,,,,,,,,,,,,,,,,,,,,,,,,,,,,,,,,,,,,,,,,,,,,,,,,,,,,,,,,,,,,,,Ronquido,Buceo,Bote,Meteoros,Viento Hielo,Hidroariete,,,,,,,,,,,,,,,,,,,,,,,,,,,,,,,,,,,,,,,,,,,,,,,,,,,,,,,,,,,,,,,,,,,,,,,,,,,,,,,,,,,,,,,,,,,,,,
Bagon,371,371,0,Dragón,,Dragon,Dragon,Ningún objeto,Ningún objeto,Colmillo Dragón,Cabeza Roca,Corte Fuerte,Potencia Bruta,45,75,60,40,30,50,1,Malicioso,1,Dragoaliento,7,Ascuas,10,Mordisco,13,Dragoaliento,16,Golpe Cabeza,19,Foco Energía,22,Garra Dragón,25,Triturar,28,Cabezazo Zen,31,Cara Susto,34,Danza Dragón,37,Lanzallamas,40,Carga Dragón,43,Doble Filo,46,Hidrobomba,49,Enfado,,,,,,,,,,,,,,,,,,,,,,,,,,,,,,,,,,,,,,,,,,,,,,,,,,,,,,,,,,,,,,,,,,,Garra Dragón,Rugido,Tóxico,Día Soleado,Protección,Danza Lluvia,Demolición,Doble Equipo,Lanzallamas,Llamarada,Tumba Rocas,Golpe Aéreo,Descanso,Atracción,Pulso Dragón,Garra Umbría,Avalancha,Corte,Fuerza,Golpe Roca,,,,,,,,,,,,,,,,,,,,,,,,,,,,,,,,,,,,,,,,,,,,,,,,,,,,,,,,,,,,,,,,,,,,,,,,,,,,,,,,,,,,,,,,,,,,,,,,,,,,,,,,,,,,,,,,,,,,,,,,,,,,,,,,,,,,,,,,Rizo Defensa,Carga Dragón,Golpe,Ciclón,Hidrobomba,Danza Dragón,Colmillo Ígneo,,,,,,,,,,,,,,,,,,,,,,,,,,,,,,,,,,,,,,,,,,,,,,,,,,,,,,,,,,,,,,,,,,,,,,,,,,,,,,,,,,,,,,,,,,,,,,Ronquido,Bofetón Lodo,Corte Furia,Cabezazo Zen,Cometa Draco,Enfado,Ciclón,,,,,,,,,,,,,,,,,,,,,,,,,,,,,,,,,,,,,,,,,,,,,,,,,,,,,,,,,,,,,,,,,,,,,,,,,,,,,,,,,,,,,,,,,,,,,
Shelgon,372,372,0,Dragón,,Dragon,Dragon,Ningún objeto,Ningún objeto,Colmillo Dragón,Cabeza Roca,Armadura Batalla,Funda,65,95,100,60,50,50,0,Protección,1,Dragoaliento,1,Mordisco,1,Malicioso,1,Protección,7,Ascuas,10,Mordisco,13,Dragoaliento,16,Golpe Cabeza,19,Foco Energía,22,Garra Dragón,25,Triturar,28,Cabezazo Zen,30,Protección,32,Cara Susto,36,Danza Dragón,40,Lanzallamas,44,Carga Dragón,48,Doble Filo,52,Hidrobomba,56,Enfado,,,,,,,,,,,,,,,,,,,,,,,,,,,,,,,,,,,,,,,,,,,,,,,,,,,,,,,,,,,Garra Dragón,Rugido,Tóxico,Día Soleado,Protección,Danza Lluvia,Demolición,Doble Equipo,Lanzallamas,Llamarada,Tumba Rocas,Golpe Aéreo,Descanso,Atracción,Pulso Dragón,Garra Umbría,Avalancha,Corte,Fuerza,Golpe Roca,,,,,,,,,,,,,,,,,,,,,,,,,,,,,,,,,,,,,,,,,,,,,,,,,,,,,,,,,,,,,,,,,,,,,,,,,,,,,,,,,,,,,,,,,,,,,,,,,,,,,,,,,,,,,,,,,,,,,,,,,,,,,,,,,,,,,,,,Rizo Defensa,Carga Dragón,Golpe,Ciclón,Hidrobomba,Danza Dragón,Colmillo Ígneo,,,,,,,,,,,,,,,,,,,,,,,,,,,,,,,,,,,,,,,,,,,,,,,,,,,,,,,,,,,,,,,,,,,,,,,,,,,,,,,,,,,,,,,,,,,,,,Ronquido,Rodar,Bofetón Lodo,Corte Furia,Defensa Férrea,Cabezazo Zen,Cometa Draco,Enfado,Ciclón,,,,,,,,,,,,,,,,,,,,,,,,,,,,,,,,,,,,,,,,,,,,,,,,,,,,,,,,,,,,,,,,,,,,,,,,,,,,,,,,,,,,,,,,,,,
Salamence,373,373,0,Dragón,Volador,Dragon,Dragon,Ningún objeto,Ningún objeto,Colmillo Dragón,Intimidación,Autoestima,Piel Celeste,95,135,80,110,80,100,0,Vuelo,1,Colmillo Ígneo,1,Colmillo Rayo,1,Malicioso,1,Cola Dragón,1,Vuelo,7,Ascuas,10,Mordisco,13,Dragoaliento,16,Golpe Cabeza,19,Foco Energía,22,Garra Dragón,25,Triturar,28,Cabezazo Zen,30,Protección,32,Cara Susto,36,Danza Dragón,40,Lanzallamas,44,Carga Dragón,48,Doble Filo,50,Vuelo,54,Hidrobomba,60,Enfado,,,,,,,,,,,,,,,,,,,,,,,,,,,,,,,,,,,,,,,,,,,,,,,,,,,,,,,Garra Dragón,Rugido,Tóxico,Día Soleado,Hiperrayo,Protección,Danza Lluvia,Cola Férrea,Terremoto,Demolición,Doble Equipo,Lanzallamas,Llamarada,Tumba Rocas,Golpe Aéreo,Descanso,Atracción,Ala de Acero,Respiro,Aguante,Pulso Dragón,Garra Umbría,Gigaimpacto,Roca Afilada,Avalancha,Vozarrón,Vendaval,Corte,Vuelo,Fuerza,Despejar,Golpe Roca,,,,,,,,,,,,,,,,,,,,,,,,,,,,,,,,,,,,,,,,,,,,,,,,,,,,,,,,,,,,,,,,,,,,,,,,,,,,,,,,,,,,,,,,,,,,,,,,,,,,,,,,,,,,,,,,,,,,,,,,,,,,Rizo Defensa,Carga Dragón,Golpe,Ciclón,Hidrobomba,Danza Dragón,Colmillo Ígneo,,,,,,,,,,,,,,,,,,,,,,,,,,,,,,,,,,,,,,,,,,,,,,,,,,,,,,,,,,,,,,,,,,,,,,,,,,,,,,,,,,,,,,,,,,,,,,Ronquido,Terratemblor,Aire Afilado,Rodar,Bofetón Lodo,Ala Bis,Aguzar,Corte Furia,Viento Aciago,Viento Afín,Cabezazo Zen,Meteoros,Acua Cola,Onda Ígnea,Cometa Draco,Enfado,Ciclón,,,,,,,,,,,,,,,,,,,,,,,,,,,,,,,,,,,,,,,,,,,,,,,,,,,,,,,,,,,,,,,,,,,,,,,,,,,,,,,,,,,
Beldum,374,374,0,Acero,Psíquico,Mineral,Mineral,Ningún objeto,Ningún objeto,Revest. Metálico,Cabeza Roca,Cuerpo Puro,Metal Liviano,40,55,80,35,60,30,1,Placaje,1,Derribo,1,Cabezazo Zen,1,Cabeza de Hierro,1,Defensa Férrea,,,,,,,,,,,,,,,,,,,,,,,,,,,,,,,,,,,,,,,,,,,,,,,,,,,,,,,,,,,,,,,,,,,,,,,,,,,,,,,,,,,,,,,,,,,,,,,,,,,,,,,,,,,,,,,,,,,,,,,,,,,,,,,,,,,,,,,,,,,,,,,,,,,,,,,,,,,,,,,,,,,,,,,,,,,,,,,,,,,,,,,,,,,,,,,,,,,,,,,,,,,,,,,,,,,,,,,,,,,,,,,,,,,,,,,,,,,,,,,,,,,,,,,,,,,,,,,,,,,,,,,,,,,,,,,,,,,,,,,,,,,,,,,,,,,,,,,,,,,,,,,,,,,,,,,,,,,,,,,,,,,,,,,,,,,,,,,,,,,,,,,,,,Defensa Férrea,Cabezazo Zen,Cabeza de Hierro,,,,,,,,,,,,,,,,,,,,,,,,,,,,,,,,,,,,,,,,,,,,,,,,,,,,,,,,,,,,,,,,,,,,,,,,,,,,,,,,,,,,,,,,,,,,,,,,,
Metang,375,375,0,Acero,Psíquico,Mineral,Mineral,Ningún objeto,Ningún objeto,Revest. Metálico,Puño Férreo,Cuerpo Puro,Metal Liviano,60,75,100,55,80,50,0,Garra Metal,0,Confusión,1,Placaje,1,Derribo,1,Cabezazo Zen,1,Cabeza de Hierro,1,Levitón,1,Garra Metal,1,Confusión,26,Puño Bala,32,Foco Resplandor,35,Cara Susto,38,Psíquico,41,Agilidad,44,Puño Meteoro,47,Defensa Férrea,50,Hiperrayo,,,,,,,,,,,,,,,,,,,,,,,,,,,,,,,,,,,,,,,,,,,,,,,,,,,,,,,,,,,,,,,,,,,Tóxico,Día Soleado,Hiperrayo,Pantalla de Luz,Protección,Danza Lluvia,Terremoto,Psíquico,Bola Sombra,Demolición,Doble Equipo,Reflejo,Bomba Lodo,Tormenta Arena,Tumba Rocas,Golpe Aéreo,Explosión,Pulimento,Destello,Giro Bola,Trampa Rocas,Autosugestión,Avalancha,Vozarrón,Hierba Lazo,Foco Resplandor,Corte,Vuelo,Fuerza,Golpe Roca,,,,,,,,,,,,,,,,,,,,,,,,,,,,,,,,,,,,,,,,,,,,,,,,,,,,,,,,,,,,,,,,,,,,,,,,,,,,,,,,,,,,,,,,,,,,,,,,,,,,,,,,,,,,,,,,,,,,,,,,,,,,,,,,,,,,,,,,,,,,,,,,,,,,,,,,,,,,,,,,,,,,,,,,,,,,,,,,,,,,,,,,,,,,,,,,,,,,,,,,,,,,,,,,,,,,,,,,,,,,,,,,,,Ronquido,Terratemblor,Cambio de Banda,Rodar,Bofetón Lodo,Autodestrucción,Corte Furia,Rayo Señal,Puño Hielo,Puño Trueno,Defensa Férrea,Levitón,Cabezazo Zen,Meteoros,Cabeza de Hierro,Truco,Gravedad,Puño Incremento,Viento Hielo,Electrocañón,,,,,,,,,,,,,,,,,,,,,,,,,,,,,,,,,,,,,,,,,,,,,,,,,,,,,,,,,,,,,,,,,,,,,,,,,,,,,,,,
Metagross,376,376,0,Acero,Psíquico,Mineral,Mineral,Ningún objeto,Ningún objeto,Revest. Metálico,Puño Férreo,Cuerpo Puro,Metal Liviano,80,135,130,95,90,70,0,Machada,1,Placaje,1,Garra Metal,1,Confusión,1,Puño Hielo,1,Puño Trueno,1,Cabeza de Hierro,1,Cabezazo Zen,1,Levitón,1,Derribo,1,Machada,26,Puño Bala,32,Foco Resplandor,35,Cara Susto,38,Psíquico,41,Agilidad,44,Puño Meteoro,45,Machada,51,Defensa Férrea,59,Hiperrayo,,,,,,,,,,,,,,,,,,,,,,,,,,,,,,,,,,,,,,,,,,,,,,,,,,,,,,,,,,,,,Tóxico,Día Soleado,Hiperrayo,Pantalla de Luz,Protección,Danza Lluvia,Terremoto,Psíquico,Bola Sombra,Demolición,Doble Equipo,Reflejo,Bomba Lodo,Tormenta Arena,Tumba Rocas,Golpe Aéreo,Explosión,Gigaimpacto,Pulimento,Destello,Giro Bola,Trampa Rocas,Autosugestión,Avalancha,Vozarrón,Hierba Lazo,Foco Resplandor,Corte,Vuelo,Fuerza,Golpe Roca,,,,,,,,,,,,,,,,,,,,,,,,,,,,,,,,,,,,,,,,,,,,,,,,,,,,,,,,,,,,,,,,,,,,,,,,,,,,,,,,,,,,,,,,,,,,,,,,,,,,,,,,,,,,,,,,,,,,,,,,,,,,,,,,,,,,,,,,,,,,,,,,,,,,,,,,,,,,,,,,,,,,,,,,,,,,,,,,,,,,,,,,,,,,,,,,,,,,,,,,,,,,,,,,,,,,,,,,,,,,,,,,,Ronquido,Terratemblor,Cambio de Banda,Rodar,Bofetón Lodo,Aguzar,Bloqueo,Autodestrucción,Corte Furia,Rayo Señal,Pataleta,Puño Hielo,Puño Trueno,Defensa Férrea,Levitón,Cabezazo Zen,Meteoros,Cabeza de Hierro,Truco,Gravedad,Puño Incremento,Viento Hielo,Electrocañón,,,,,,,,,,,,,,,,,,,,,,,,,,,,,,,,,,,,,,,,,,,,,,,,,,,,,,,,,,,,,,,,,,,,,,,,,,,,,
Regirock,377,377,0,Roca,,No Eggs,No Eggs,Ningún objeto,Ningún objeto,Ningún objeto,Cuerpo Puro,Roca Sólida,Robustez,80,100,200,50,100,50,1,Terratemblor,1,Pisotón,1,Explosión,6,Lanzarrocas,10,Rayo Carga,14,Bloqueo,18,Maldición,22,Poder Pasado,24,Avalancha,26,Defensa Férrea,30,Machada,34,Fijar Blanco,34,Electrocañón,38,Tormenta Arena,42,Roca Afilada,46,Fuerza Bruta,48,Romperrocas,50,Hiperrayo,,,,,,,,,,,,,,,,,,,,,,,,,,,,,,,,,,,,,,,,,,,,,,,,,,,,,,,,,,,,,,,,,Puño Certero,Tóxico,Día Soleado,Hiperrayo,Protección,Velo Sagrado,Rayo,Trueno,Terremoto,Excavar,Demolición,Doble Equipo,Onda Voltio,Tormenta Arena,Tumba Rocas,Onda Certera,Lanzamiento,Voltio Cruel,Puño Drenaje,Explosión,Gigaimpacto,Pulimento,Roca Afilada,Onda Trueno,Trampa Rocas,Autosugestión,Avalancha,Vozarrón,Foco Resplandor,Fuerza,Golpe Roca,Treparrocas,,,,,,,,,,,,,,,,,,,,,,,,,,,,,,,,,,,,,,,,,,,,,,,,,,,,,,,,,,,,,,,,,,,,,,,,,,,,,,,,,,,,,,,,,,,,,,,,,,,,,,,,,,,,,,,,,,,,,,,,,,,,,,,,,,,,,,,,,,,,,,,,,,,,,,,,,,,,,,,,,,,,,,,,,,,,,,,,,,,,,,,,,,,,,,,,,,,,,,,,,,,,,,,,,,,,,,,,,,,,,,,,Ronquido,Terratemblor,Rodar,Bofetón Lodo,Bloqueo,Autodestrucción,Pataleta,Poder Pasado,Puño Fuego,Puño Hielo,Puño Trueno,Defensa Férrea,Sísmico,Cabeza de Hierro,Gravedad,Puño Incremento,Fuerza Bruta,Electrocañón,Tierra Viva,,,,,,,,,,,,,,,,,,,,,,,,,,,,,,,,,,,,,,,,,,,,,,,,,,,,,,,,,,,,,,,,,,,,,,,,,,,,,,,,,
Regice,378,378,0,Hielo,,No Eggs,No Eggs,Ningún objeto,Ningún objeto,Ningún objeto,Cuerpo Puro,Ignífugo,Filtro,80,50,100,100,200,50,1,Terratemblor,1,Pisotón,1,Explosión,6,Viento Hielo,10,Rayo Carga,14,Bloqueo,18,Maldición,22,Poder Pasado,26,Amnesia,30,Machada,34,Fijar Blanco,34,Electrocañón,38,Granizo,42,Rayo Hielo,46,Fuerza Bruta,48,Ventisca,50,Hiperrayo,,,,,,,,,,,,,,,,,,,,,,,,,,,,,,,,,,,,,,,,,,,,,,,,,,,,,,,,,,,,,,,,,,,Puño Certero,Tóxico,Granizo,Rayo Hielo,Ventisca,Hiperrayo,Protección,Danza Lluvia,Velo Sagrado,Rayo,Trueno,Terremoto,Demolición,Doble Equipo,Onda Voltio,Tumba Rocas,Onda Certera,Lanzamiento,Voltio Cruel,Explosión,Gigaimpacto,Pulimento,Alud,Onda Trueno,Autosugestión,Avalancha,Vozarrón,Foco Resplandor,Fuerza,Golpe Roca,Treparrocas,,,,,,,,,,,,,,,,,,,,,,,,,,,,,,,,,,,,,,,,,,,,,,,,,,,,,,,,,,,,,,,,,,,,,,,,,,,,,,,,,,,,,,,,,,,,,,,,,,,,,,,,,,,,,,,,,,,,,,,,,,,,,,,,,,,,,,,,,,,,,,,,,,,,,,,,,,,,,,,,,,,,,,,,,,,,,,,,,,,,,,,,,,,,,,,,,,,,,,,,,,,,,,,,,,,,,,,,,,,,,,,,,Ronquido,Terratemblor,Rodar,Bofetón Lodo,Bloqueo,Autodestrucción,Rayo Señal,Pataleta,Poder Pasado,Puño Hielo,Puño Trueno,Sísmico,Cabeza de Hierro,Gravedad,Puño Incremento,Viento Hielo,Fuerza Bruta,Electrocañón,,,,,,,,,,,,,,,,,,,,,,,,,,,,,,,,,,,,,,,,,,,,,,,,,,,,,,,,,,,,,,,,,,,,,,,,,,,,,,,,,,
Registeel,379,379,0,Acero,,No Eggs,No Eggs,Ningún objeto,Ningún objeto,Ningún objeto,Cuerpo Puro,Filtro,Metal Pesado,80,75,150,75,150,50,1,Terratemblor,1,Pisotón,1,Explosión,6,Garra Metal,10,Rayo Carga,14,Bloqueo,18,Maldición,22,Poder Pasado,26,Amnesia,26,Defensa Férrea,30,Machada,34,Fijar Blanco,34,Electrocañón,38,Gravedad,42,Cabeza de Hierro,42,Foco Resplandor,46,Fuerza Bruta,48,Cuerpo Pesado,50,Hiperrayo,,,,,,,,,,,,,,,,,,,,,,,,,,,,,,,,,,,,,,,,,,,,,,,,,,,,,,,,,,,,,,,Puño Certero,Tóxico,Día Soleado,Hiperrayo,Protección,Danza Lluvia,Velo Sagrado,Rayo,Trueno,Terremoto,Demolición,Doble Equipo,Onda Voltio,Tormenta Arena,Tumba Rocas,Golpe Aéreo,Onda Certera,Lanzamiento,Voltio Cruel,Explosión,Garra Umbría,Gigaimpacto,Pulimento,Onda Trueno,Trampa Rocas,Autosugestión,Avalancha,Vozarrón,Foco Resplandor,Fuerza,Golpe Roca,Treparrocas,,,,,,,,,,,,,,,,,,,,,,,,,,,,,,,,,,,,,,,,,,,,,,,,,,,,,,,,,,,,,,,,,,,,,,,,,,,,,,,,,,,,,,,,,,,,,,,,,,,,,,,,,,,,,,,,,,,,,,,,,,,,,,,,,,,,,,,,,,,,,,,,,,,,,,,,,,,,,,,,,,,,,,,,,,,,,,,,,,,,,,,,,,,,,,,,,,,,,,,,,,,,,,,,,,,,,,,,,,,,,,,,Ronquido,Terratemblor,Rodar,Bofetón Lodo,Bloqueo,Autodestrucción,Pataleta,Poder Pasado,Puño Hielo,Puño Trueno,Defensa Férrea,Levitón,Sísmico,Cabeza de Hierro,Gravedad,Puño Incremento,Fuerza Bruta,Electrocañón,,,,,,,,,,,,,,,,,,,,,,,,,,,,,,,,,,,,,,,,,,,,,,,,,,,,,,,,,,,,,,,,,,,,,,,,,,,,,,,,,,
Latias,380,380,0,Dragón,Psíquico,No Eggs,No Eggs,Ningún objeto,Ningún objeto,Ningún objeto,Levitación,Levitación,Levitación,80,80,90,110,130,110,1,Poder Reserva,1,Deseo,1,Deseo Cura,10,Encanto,15,Confusión,18,Dragoaliento,20,Viento Afín,22,Capa Mágica,26,Psicocambio,30,Refuerzo,34,Cabezazo Zen,35,Bola Neblina,38,Recuperación,42,Psíquico,46,Pulso Dragón,50,Pulso Cura,50,Última Baza,55,Clonatipo,65,Isoguardia,,,,,,,,,,,,,,,,,,,,,,,,,,,,,,,,,,,,,,,,,,,,,,,,,,,,,,,,,,,,,,,Garra Dragón,Hidropulso,Paz Mental,Rugido,Tóxico,Día Soleado,Rayo Hielo,Hiperrayo,Pantalla de Luz,Protección,Danza Lluvia,Velo Sagrado,Rayo Solar,Rayo,Trueno,Terremoto,Psíquico,Bola Sombra,Doble Equipo,Reflejo,Onda Voltio,Tormenta Arena,Golpe Aéreo,Atracción,Ala de Acero,Respiro,Energibola,Voltio Cruel,Pulso Dragón,Garra Umbría,Gigaimpacto,Destello,Onda Trueno,Autosugestión,Vozarrón,Brillo Mágico,Hierba Lazo,Corte,Vuelo,Surf,Despejar,Cascada,,,,,,,,,,,,,,,,,,,,,,,,,,,,,,,,,,,,,,,,,,,,,,,,,,,,,,,,,,,,,,,,,,,,,,,,,,,,,,,,,,,,,,,,,,,,,,,,,,,,,,,,,,,,,,,,,,,,,,,,,,,,,,,,,,,,,,,,,,,,,,,,,,,,,,,,,,,,,,,,,,,,,,,,,,,,,,,,,,,,,,,,,,,,,,,,,,,,,,,,,,,,,,,,,,,,,,Ronquido,Refuerzo,Antojo,Terratemblor,Cambio de Banda,Bofetón Lodo,Ala Bis,Aguzar,Corte Furia,Zona Mágica,Buceo,Imitación,Viento Afín,Cabezazo Zen,Capa Mágica,Meteoros,Truco,Viento Hielo,Cometa Draco,Golpe Bajo,Última Baza,Enfado,Ciclón,,,,,,,,,,,,,,,,,,,,,,,,,,,,,,,,,,,,,,,,,,,,,,,,,,,,,,,,,,,,,,,,,,,,,,,,,,,,,
Latios,381,381,0,Dragón,Psíquico,No Eggs,No Eggs,Ningún objeto,Ningún objeto,Ningún objeto,Levitación,Levitación,Levitación,80,90,80,130,110,110,1,Poder Reserva,1,Legado,6,Protección,10,Danza Dragón,15,Confusión,18,Dragoaliento,20,Viento Afín,22,Capa Mágica,26,Psicocambio,30,Refuerzo,30,Cambio de Banda,34,Cabezazo Zen,35,Resplandor,38,Recuperación,42,Psíquico,46,Pulso Dragón,50,Pulso Cura,50,Última Baza,55,Onda Simple,65,Isofuerza,,,,,,,,,,,,,,,,,,,,,,,,,,,,,,,,,,,,,,,,,,,,,,,,,,,,,,,,,,,,,Garra Dragón,Hidropulso,Paz Mental,Rugido,Tóxico,Día Soleado,Rayo Hielo,Hiperrayo,Pantalla de Luz,Protección,Danza Lluvia,Velo Sagrado,Rayo Solar,Rayo,Trueno,Terremoto,Psíquico,Bola Sombra,Doble Equipo,Reflejo,Onda Voltio,Tormenta Arena,Golpe Aéreo,Atracción,Ala de Acero,Respiro,Energibola,Voltio Cruel,Pulso Dragón,Garra Umbría,Gigaimpacto,Destello,Onda Trueno,Autosugestión,Vozarrón,Brillo Mágico,Hierba Lazo,Corte,Vuelo,Surf,Despejar,Cascada,,,,,,,,,,,,,,,,,,,,,,,,,,,,,,,,,,,,,,,,,,,,,,,,,,,,,,,,,,,,,,,,,,,,,,,,,,,,,,,,,,,,,,,,,,,,,,,,,,,,,,,,,,,,,,,,,,,,,,,,,,,,,,,,,,,,,,,,,,,,,,,,,,,,,,,,,,,,,,,,,,,,,,,,,,,,,,,,,,,,,,,,,,,,,,,,,,,,,,,,,,,,,,,,,,,,,,Ronquido,Refuerzo,Terratemblor,Cambio de Banda,Bofetón Lodo,Ala Bis,Aguzar,Corte Furia,Zona Extraña,Buceo,Viento Afín,Cabezazo Zen,Capa Mágica,Meteoros,Truco,Viento Hielo,Cometa Draco,Última Baza,Enfado,Ciclón,,,,,,,,,,,,,,,,,,,,,,,,,,,,,,,,,,,,,,,,,,,,,,,,,,,,,,,,,,,,,,,,,,,,,,,,,,,,,,,,
Kyogre,382,382,0,Agua,,No Eggs,No Eggs,Ningún objeto,Ningún objeto,Ningún objeto,Llovizna,Llovizna,Mar del Albor,100,100,90,150,140,90,1,Cara Susto,1,Golpe Cuerpo,1,Poder Pasado,6,Cara Susto,10,Acua Cola,14,Golpe Cuerpo,18,Acua Aro,22,Rayo Hielo,26,Paz Mental,30,Agua Lodosa,34,Frío Polar,38,Hidrobomba,42,Trueno,46,Doble Filo,50,Salpicar,63,Pulso Primigenio,,,,,,,,,,,,,,,,,,,,,,,,,,,,,,,,,,,,,,,,,,,,,,,,,,,,,,,,,,,,,,,,,,,,,Hidropulso,Paz Mental,Rugido,Tóxico,Granizo,Rayo Hielo,Ventisca,Hiperrayo,Protección,Danza Lluvia,Velo Sagrado,Rayo,Trueno,Terremoto,Demolición,Doble Equipo,Onda Voltio,Tumba Rocas,Salmuera,Escaldar,Gigaimpacto,Alud,Onda Trueno,Autosugestión,Avalancha,Vozarrón,Surf,Fuerza,Golpe Roca,Cascada,,,,,,,,,,,,,,,,,,,,,,,,,,,,,,,,,,,,,,,,,,,,,,,,,,,,,,,,,,,,,,,,,,,,,,,,,,,,,,,,,,,,,,,,,,,,,,,,,,,,,,,,,,,,,,,,,,,,,,,,,,,,,,,,,,,,,,,,,,,,,,,,,,,,,,,,,,,,,,,,,,,,,,,,,,,,,,,,,,,,,,,,,,,,,,,,,,,,,,,,,,,,,,,,,,,,,,,,,,,,,,,,,,Ronquido,Terratemblor,Bofetón Lodo,Bloqueo,Alboroto,Rayo Señal,Poder Pasado,Buceo,Meteoros,Cabeza de Hierro,Acua Cola,Viento Hielo,Hidroariete,,,,,,,,,,,,,,,,,,,,,,,,,,,,,,,,,,,,,,,,,,,,,,,,,,,,,,,,,,,,,,,,,,,,,,,,,,,,,,,,,,,,,,,
Groudon,383,383,0,Tierra,,No Eggs,No Eggs,Ningún objeto,Ningún objeto,Ningún objeto,Sequía,Sequía,Tierra del Ocaso,100,150,140,100,90,90,1,Poder Pasado,1,Disparo Lodo,6,Cara Susto,10,Tierra Viva,14,Humareda,18,Descanso,22,Machada,26,Corpulencia,30,Tierra Viva,34,Fisura,38,Llamarada,42,Rayo Solar,46,Terremoto,50,Estallido,63,Filo del Abismo,,,,,,,,,,,,,,,,,,,,,,,,,,,,,,,,,,,,,,,,,,,,,,,,,,,,,,,,,,,,,,,,,,,,,,,Garra Dragón,Rugido,Tóxico,Corpulencia,Día Soleado,Hiperrayo,Protección,Velo Sagrado,Rayo Solar,Cola Férrea,Rayo,Trueno,Terremoto,Excavar,Demolición,Doble Equipo,Onda Voltio,Lanzallamas,Tormenta Arena,Llamarada,Tumba Rocas,Golpe Aéreo,Sofoco,Onda Certera,Lanzamiento,Pulso Dragón,Garra Umbría,Gigaimpacto,Pulimento,Roca Afilada,Onda Trueno,Danza Espada,Trampa Rocas,Autosugestión,Avalancha,Vozarrón,Corte,Fuerza,Golpe Roca,Treparrocas,,,,,,,,,,,,,,,,,,,,,,,,,,,,,,,,,,,,,,,,,,,,,,,,,,,,,,,,,,,,,,,,,,,,,,,,,,,,,,,,,,,,,,,,,,,,,,,,,,,,,,,,,,,,,,,,,,,,,,,,,,,,,,,,,,,,,,,,,,,,,,,,,,,,,,,,,,,,,,,,,,,,,,,,,,,,,,,,,,,,,,,,,,,,,,,,,,,,,,,,,,,,,,,,,,,,,,,,Ronquido,Terratemblor,Rodar,Bofetón Lodo,Bloqueo,Corte Furia,Alboroto,Pataleta,Poder Pasado,Puño Fuego,Puño Trueno,Sísmico,Meteoros,Cabeza de Hierro,Arenas Ardientes,Puño Incremento,Tierra Viva,,,,,,,,,,,,,,,,,,,,,,,,,,,,,,,,,,,,,,,,,,,,,,,,,,,,,,,,,,,,,,,,,,,,,,,,,,,,,,,,,,,
Rayquaza,384,384,0,Dragón,Volador,No Eggs,No Eggs,Ningún objeto,Ningún objeto,Ningún objeto,Bucle Aire,Bucle Aire,Ráfaga Delta,105,150,90,150,90,95,1,Ciclón,1,Ascenso Draco,1,Dragoaliento,6,Cara Susto,10,Poder Pasado,14,Triturar,18,Tajo Aéreo,22,Descanso,26,Veloc. Extrema,30,Pulso Dragón,34,Danza Dragón,38,Vuelo,42,Vozarrón,46,Enfado,50,Hiperrayo,72,Vendaval,,,,,,,,,,,,,,,,,,,,,,,,,,,,,,,,,,,,,,,,,,,,,,,,,,,,,,,,,,,,,,,,,,,,,Garra Dragón,Hidropulso,Rugido,Tóxico,Corpulencia,Día Soleado,Rayo Hielo,Ventisca,Hiperrayo,Protección,Danza Lluvia,Rayo Solar,Cola Férrea,Rayo,Trueno,Terremoto,Demolición,Doble Equipo,Onda Voltio,Lanzallamas,Tormenta Arena,Llamarada,Tumba Rocas,Golpe Aéreo,Descanso,Sofoco,Onda Certera,Energibola,Lanzamiento,Aguante,Pulso Dragón,Garra Umbría,Gigaimpacto,Roca Afilada,Alud,Onda Trueno,Giro Bola,Danza Espada,Autosugestión,Avalancha,Vozarrón,Vendaval,Vuelo,Surf,Fuerza,Golpe Roca,Cascada,,,,,,,,,,,,,,,,,,,,,,,,,,,,,,,,,,,,,,,,,,,,,,,,,,,,,,,,,,,,,,,,,,,,,,,,,,,,,,,,,,,,,,,,,,,,,,,,,,,,,,,,,,,,,,,,,,,,,,,,,,,,,,,,,,,,,,,,,,,,,,,,,,,,,,,,,,,,,,,,,,,,,,,,,,,,,,,,,,,,,,,,,,,,,,,,,,,,,,,,,,,,,,,,,Ronquido,Atadura,Terratemblor,Bofetón Lodo,Corte Furia,Alboroto,Poder Pasado,Buceo,Viento Afín,Meteoros,Cabeza de Hierro,Acua Cola,Viento Hielo,Cometa Draco,Enfado,Ciclón,Tierra Viva,,,,,,,,,,,,,,,,,,,,,,,,,,,,,,,,,,,,,,,,,,,,,,,,,,,,,,,,,,,,,,,,,,,,,,,,,,,,,,,,,,,
Jirachi,385,385,0,Acero,Psíquico,No Eggs,No Eggs,Trozo Estrella,Trozo Estrella,Trozo Estrella,Dicha,Dicha,Dicha,100,100,100,100,100,100,1,Deseo,1,Confusión,1,Cometa Draco,1,Deseo Cura,1,Meteoros,6,Refuerzo,10,Psíquico,21,Gota Vital,22,Cabezazo Zen,26,Masa Cósmica,30,Gravedad,34,Cabeza de Hierro,38,Premonición,42,Doble Filo,46,Última Baza,49,Puño Meteoro,50,Deseo Oculto,,,,,,,,,,,,,,,,,,,,,,,,,,,,,,,,,,,,,,,,,,,,,,,,,,,,,,,,,,,,,,,,,,,Hidropulso,Paz Mental,Tóxico,Día Soleado,Hiperrayo,Pantalla de Luz,Protección,Danza Lluvia,Velo Sagrado,Comesueños,Rayo,Trueno,Psíquico,Bola Sombra,Doble Equipo,Reflejo,Onda Voltio,Tormenta Arena,Golpe Aéreo,Intercambio,Energibola,Lanzamiento,Voltio Cruel,Puño Drenaje,Reciclaje,Gigaimpacto,Destello,Onda Trueno,Trampa Rocas,Autosugestión,Brillo Mágico,Hierba Lazo,Ida y Vuelta,Foco Resplandor,Espacio Raro,,,,,,,,,,,,,,,,,,,,,,,,,,,,,,,,,,,,,,,,,,,,,,,,,,,,,,,,,,,,,,,,,,,,,,,,,,,,,,,,,,,,,,,,,,,,,,,,,,,,,,,,,,,,,,,,,,,,,,,,,,,,,,,,,,,,,,,,,,,,,,,,,,,,,,,,,,,,,,,,,,,,,,,,,,,,,,,,,,,,,,,,,,,,,,,,,,,,,,,,,,,,,,,,,,,,,,,,,,,,,Ronquido,Refuerzo,Cambio de Banda,Bofetón Lodo,Alboroto,Rayo Señal,Poder Pasado,Puño Fuego,Puño Hielo,Puño Trueno,Defensa Férrea,Zona Mágica,Cabezazo Zen,Capa Mágica,Meteoros,Cabeza de Hierro,Truco,Gravedad,Puño Incremento,Viento Hielo,Electrocañón,Última Baza,,,,,,,,,,,,,,,,,,,,,,,,,,,,,,,,,,,,,,,,,,,,,,,,,,,,,,,,,,,,,,,,,,,,,,,,,,,,,,
Deoxys,386,386,0,Psíquico,,No Eggs,No Eggs,Ningún objeto,Ningún objeto,Ningún objeto,Presión,Presión,Presión,50,150,50,150,50,150,1,Constricción,1,Malicioso,6,Tinieblas,10,Teletransporte,14,Desarme,22,Psíquico,25,Púas Tóxicas,30,Psicocambio,34,Cabezazo Zen,37,Trapicheo,38,Masa Cósmica,42,Recuperación,46,Psicoataque,50,Hiperrayo,,,,,,,,,,,,,,,,,,,,,,,,,,,,,,,,,,,,,,,,,,,,,,,,,,,,,,,,,,,,,,,,,,,,,,,,,Puño Certero,Hidropulso,Paz Mental,Tóxico,Día Soleado,Mofa,Rayo Hielo,Hiperrayo,Pantalla de Luz,Protección,Danza Lluvia,Velo Sagrado,Rayo Solar,Rayo,Trueno,Puntapié,Psíquico,Bola Sombra,Demolición,Doble Equipo,Reflejo,Onda Voltio,Tumba Rocas,Golpe Aéreo,Tormento,Intercambio,Onda Certera,Energibola,Lanzamiento,Voltio Cruel,Puño Drenaje,Maquinación,Reciclaje,Gigaimpacto,Destello,Alud,Onda Trueno,Trampa Rocas,Autosugestión,Pulso Umbrío,Avalancha,Puya Nociva,Brillo Mágico,Hierba Lazo,Foco Resplandor,Espacio Raro,Corte,Fuerza,Golpe Roca,,,,,,,,,,,,,,,,,,,,,,,,,,,,,,,,,,,,,,,,,,,,,,,,,,,,,,,,,,,,,,,,,,,,,,,,,,,,,,,,,,,,,,,,,,,,,,,,,,,,,,,,,,,,,,,,,,,,,,,,,,,,,,,,,,,,,,,,,,,,,,,,,,,,,,,,,,,,,,,,,,,,,,,,,,,,,,,,,,,,,,,,,,,,,,,,,,,,,,,,,,,,,,,Ronquido,Atadura,Cambio de Banda,Bofetón Lodo,Púas,Aguzar,Rayo Señal,Pataleta,Puño Fuego,Puño Hielo,Puño Trueno,Defensa Férrea,Zona Extraña,Sísmico,Imitación,Cabezazo Zen,Capa Mágica,Meteoros,Patada Baja,Truco,Gravedad,Puño Incremento,Viento Hielo,Fuerza Bruta,Desarme,Electrocañón,,,,,,,,,,,,,,,,,,,,,,,,,,,,,,,,,,,,,,,,,,,,,,,,,,,,,,,,,,,,,,,,,,,,,,,,,,
Turtwig,387,387,0,Planta,,Monster,Grass,Ningún objeto,Ningún objeto,Ningún objeto,Espesura,Caparazón,Roca Sólida,55,68,64,45,55,31,1,Placaje,1,Refugio,5,Absorber,6,Follaje,8,Hoja Afilada,10,Desarrollo,11,Maldición,14,Semilladora,17,Mordisco,20,Megaagotar,23,Bomba Germen,26,Drenadoras,29,Triturar,32,Golpe Cuerpo,35,Síntesis,38,Gigadrenado,41,Lluevehojas,,,,,,,,,,,,,,,,,,,,,,,,,,,,,,,,,,,,,,,,,,,,,,,,,,,,,,,,,,,,,,,,,,,Tóxico,Semilladora,Poder Oculto,Día Soleado,Pantalla de Luz,Protección,Gigadrenado,Velo Sagrado,Rayo Solar,Cola Férrea,Doble Equipo,Reflejo,Atracción,Energibola,Falso Tortazo,Destello,Danza Espada,Trampa Rocas,Hierba Lazo,Corte,Fuerza,Golpe Roca,Treparrocas,,,,,,,,,,,,,,,,,,,,,,,,,,,,,,,,,,,,,,,,,,,,,,,,,,,,,,,,,,,,,,,,,,,,,,,,,,,,,,,,,,,,,,,,,,,,,,,,,,,,,,,,,,,,,,,,,,,,,,,,,,,,,,,,,,,,,Abatidoras,Desarrollo,Cosquillas,Golpe Cuerpo,Doble Filo,Bucle Arena,Bomba Germen,Golpe,Amnesia,Fuerza Bruta,Reserva,Tragar,Escupir,Tierra Viva,Vasta Guardia,Campo de Hierba,Cuerpo Pesado,,,,,,,,,,,,,,,,,,,,,,,,,,,,,,,,,,,,,,,,,,,,,,,,,,,,,,,,,,,,,,,,,,,,,,,,,,,,,,,,,,,,Ronquido,Abatidoras,Bofetón Lodo,Síntesis,Bomba Germen,Fuerza Bruta,Tierra Viva,,,,,,,,,,,,,,,,,,,,,,,,,,,,,,,,,,,,,,,,,,,,,,,,,,,,,,,,,,,,,,,,,,,,,,,,,,,,,,,,,,,,,,,,,,,,,
Grotle,388,388,0,Planta,,Monster,Grass,Ningún objeto,Ningún objeto,Ningún objeto,Espesura,Caparazón,Roca Sólida,75,89,85,55,65,36,1,Absorber,1,Refugio,1,Placaje,5,Absorber,6,Follaje,8,Hoja Afilada,10,Desarrollo,11,Maldición,14,Semilladora,17,Mordisco,18,Terratemblor,21,Megaagotar,25,Bomba Germen,29,Drenadoras,33,Triturar,37,Golpe Cuerpo,41,Síntesis,45,Gigadrenado,49,Lluevehojas,,,,,,,,,,,,,,,,,,,,,,,,,,,,,,,,,,,,,,,,,,,,,,,,,,,,,,,,,,,,,,,Tóxico,Semilladora,Poder Oculto,Día Soleado,Pantalla de Luz,Protección,Gigadrenado,Velo Sagrado,Rayo Solar,Cola Férrea,Doble Equipo,Reflejo,Atracción,Energibola,Falso Tortazo,Destello,Danza Espada,Trampa Rocas,Hierba Lazo,Corte,Fuerza,Golpe Roca,Treparrocas,,,,,,,,,,,,,,,,,,,,,,,,,,,,,,,,,,,,,,,,,,,,,,,,,,,,,,,,,,,,,,,,,,,,,,,,,,,,,,,,,,,,,,,,,,,,,,,,,,,,,,,,,,,,,,,,,,,,,,,,,,,,,,,,,,,,,Abatidoras,Desarrollo,Cosquillas,Golpe Cuerpo,Doble Filo,Bucle Arena,Bomba Germen,Golpe,Amnesia,Fuerza Bruta,Reserva,Tragar,Escupir,Tierra Viva,Vasta Guardia,Campo de Hierba,Cuerpo Pesado,,,,,,,,,,,,,,,,,,,,,,,,,,,,,,,,,,,,,,,,,,,,,,,,,,,,,,,,,,,,,,,,,,,,,,,,,,,,,,,,,,,,Ronquido,Abatidoras,Bofetón Lodo,Síntesis,Bomba Germen,Fuerza Bruta,Tierra Viva,,,,,,,,,,,,,,,,,,,,,,,,,,,,,,,,,,,,,,,,,,,,,,,,,,,,,,,,,,,,,,,,,,,,,,,,,,,,,,,,,,,,,,,,,,,,,
Torterra,389,389,0,Planta,Tierra,Monster,Grass,Ningún objeto,Ningún objeto,Ningún objeto,Espesura,Caparazón,Roca Sólida,95,114,110,75,85,56,0,Terremoto,1,Refugio,1,Placaje,1,Mazazo,1,Fuerza Bruta,1,Cabeza de Hierro,5,Absorber,6,Follaje,8,Hoja Afilada,10,Desarrollo,11,Maldición,14,Semilladora,17,Mordisco,18,Terratemblor,21,Megaagotar,25,Bomba Germen,29,Drenadoras,32,Terremoto,34,Triturar,39,Golpe Cuerpo,44,Síntesis,49,Gigadrenado,54,Lluevehojas,59,Rompecoraza,,,,,,,,,,,,,,,,,,,,,,,,,,,,,,,,,,,,,,,,,,,,,,,,,,,,,Rugido,Tóxico,Semilladora,Poder Oculto,Día Soleado,Hiperrayo,Pantalla de Luz,Protección,Gigadrenado,Velo Sagrado,Rayo Solar,Cola Férrea,Terremoto,Doble Equipo,Reflejo,Tormenta Arena,Tumba Rocas,Atracción,Energibola,Falso Tortazo,Gigaimpacto,Pulimento,Destello,Roca Afilada,Danza Espada,Trampa Rocas,Avalancha,Vozarrón,Hierba Lazo,Corte,Fuerza,Golpe Roca,Treparrocas,,,,,,,,,,,,,,,,,,,,,,,,,,,,,,,,,,,,,,,,,,,,,,,,,,,,,,,,,,,,,,,,,,,,,,,,,,,,,,,,,,,,,,,,,,,,,,,,,,,,,,,,,,,,,,,,,,,,,,,,,,,Abatidoras,Desarrollo,Cosquillas,Golpe Cuerpo,Doble Filo,Bucle Arena,Bomba Germen,Golpe,Amnesia,Fuerza Bruta,Reserva,Tragar,Escupir,Tierra Viva,Vasta Guardia,Campo de Hierba,Cuerpo Pesado,,,,,,,,,,,,,,,,,,,,,,,,,,,,,,,,,,,,,,,,,,,,,,,,,,,,,,,,,,,,,,,,,,,,,,,,,,,,,,,,,,,,Ronquido,Terratemblor,Abatidoras,Bofetón Lodo,Bloqueo,Pataleta,Síntesis,Bomba Germen,Cabeza de Hierro,Fuerza Bruta,Enfado,Tierra Viva,,,,,,,,,,,,,,,,,,,,,,,,,,,,,,,,,,,,,,,,,,,,,,,,,,,,,,,,,,,,,,,,,,,,,,,,,,,,,,,,,,,,,,,,
Chimchar,390,390,0,Fuego,,Field,Human-Like,Ningún objeto,Ningún objeto,Ningún objeto,Puño Férreo,Mar Llamas,Liviano,44,58,44,58,44,61,1,Malicioso,1,Arañazo,5,Ascuas,8,Mofa,11,Golpes Furia,12,Puño Incremento,14,Rueda Fuego,17,Foco Energía,20,Sorpresa,23,Maquinación,26,Tormento,29,Imagen,32,Lanzallamas,35,Relajo,38,Giro Fuego,39,Acróbata,41,Llamarada,,,,,,,,,,,,,,,,,,,,,,,,,,,,,,,,,,,,,,,,,,,,,,,,,,,,,,,,,,,,,,,,,,,Puño Certero,Tóxico,Corpulencia,Poder Oculto,Día Soleado,Mofa,Protección,Cola Férrea,Puntapié,Excavar,Demolición,Doble Equipo,Lanzallamas,Llamarada,Golpe Aéreo,Tormento,Atracción,Sofoco,Falso Tortazo,Lanzamiento,Fuego Fatuo,Maquinación,Garra Umbría,Danza Espada,Trampa Rocas,Hierba Lazo,Ida y Vuelta,Corte,Fuerza,Golpe Roca,Treparrocas,,,,,,,,,,,,,,,,,,,,,,,,,,,,,,,,,,,,,,,,,,,,,,,,,,,,,,,,,,,,,,,,,,,,,,,,,,,,,,,,,,,,,,,,,,,,,,,,,,,,,,,,,,,,,,,,,,,,,,,,,,,,,Puño Fuego,Puño Trueno,Doble Patada,Otra Vez,Onda Ígnea,Foco Energía,Refuerzo,Sorpresa,Patada Ígnea,Contraataque,Anticipo,Sumisión,Puño Incremento,,,,,,,,,,,,,,,,,,,,,,,,,,,,,,,,,,,,,,,,,,,,,,,,,,,,,,,,,,,,,,,,,,,,,,,,,,,,,,,,,,,,,,,,Ronquido,Antojo,Rodar,Bofetón Lodo,Alboroto,Puño Fuego,Puño Trueno,Sísmico,Imitación,Meteoros,Patada Baja,Arenas Ardientes,Onda Vacío,Puño Incremento,Onda Ígnea,Esfuerzo,Lanzamugre,,,,,,,,,,,,,,,,,,,,,,,,,,,,,,,,,,,,,,,,,,,,,,,,,,,,,,,,,,,,,,,,,,,,,,,,,,,,,,,,,,,
Monferno,391,391,0,Fuego,Lucha,Field,Human-Like,Ningún objeto,Ningún objeto,Ningún objeto,Puño Férreo,Mar Llamas,Liviano,64,78,52,78,52,81,0,Ultrapuño,1,Malicioso,1,Arañazo,1,Ultrapuño,5,Ascuas,8,Mofa,11,Golpes Furia,12,Puño Incremento,14,Ultrapuño,15,Rueda Fuego,19,Patada Baja,23,Sorpresa,27,Lanzallamas,31,Amago,35,A Bocajarro,39,Tormento,43,Giro Fuego,46,Acróbata,47,Relajo,51,Envite Ígneo,,,,,,,,,,,,,,,,,,,,,,,,,,,,,,,,,,,,,,,,,,,,,,,,,,,,,,,,,,,,,Puño Certero,Tóxico,Corpulencia,Poder Oculto,Día Soleado,Mofa,Protección,Cola Férrea,Puntapié,Excavar,Demolición,Doble Equipo,Lanzallamas,Llamarada,Tumba Rocas,Golpe Aéreo,Tormento,Atracción,Sofoco,Onda Certera,Falso Tortazo,Lanzamiento,Puño Drenaje,Fuego Fatuo,Maquinación,Garra Umbría,Danza Espada,Trampa Rocas,Avalancha,Puya Nociva,Hierba Lazo,Ida y Vuelta,Corte,Fuerza,Golpe Roca,Treparrocas,,,,,,,,,,,,,,,,,,,,,,,,,,,,,,,,,,,,,,,,,,,,,,,,,,,,,,,,,,,,,,,,,,,,,,,,,,,,,,,,,,,,,,,,,,,,,,,,,,,,,,,,,,,,,,,,,,,,,,,,Puño Fuego,Puño Trueno,Doble Patada,Otra Vez,Onda Ígnea,Foco Energía,Refuerzo,Sorpresa,Patada Ígnea,Contraataque,Anticipo,Sumisión,Puño Incremento,,,,,,,,,,,,,,,,,,,,,,,,,,,,,,,,,,,,,,,,,,,,,,,,,,,,,,,,,,,,,,,,,,,,,,,,,,,,,,,,,,,,,,,,Ronquido,Antojo,Rodar,Bofetón Lodo,Alboroto,Puño Fuego,Puño Trueno,Sísmico,Imitación,Meteoros,Patada Baja,Golpe Bis,Arenas Ardientes,Onda Vacío,Puño Incremento,Onda Ígnea,Esfuerzo,Lanzamugre,,,,,,,,,,,,,,,,,,,,,,,,,,,,,,,,,,,,,,,,,,,,,,,,,,,,,,,,,,,,,,,,,,,,,,,,,,,,,,,,,,
Infernape,392,392,0,Fuego,Lucha,Field,Human-Like,Ningún objeto,Ningún objeto,Ningún objeto,Puño Férreo,Mar Llamas,Liviano,76,104,71,104,71,109,0,A Bocajarro,1,Malicioso,1,Arañazo,1,Ultrapuño,1,Puño Fuego,1,Puño Trueno,1,A Bocajarro,5,Ascuas,8,Mofa,11,Golpes Furia,12,Puño Incremento,14,Ultrapuño,15,Rueda Fuego,19,Patada Baja,23,Sorpresa,27,Lanzallamas,29,Ida y Vuelta,31,Amago,35,A Bocajarro,36,Onda Vacío,41,Tormento,46,Giro Fuego,51,Relajo,52,Acróbata,56,Envite Ígneo,58,Paz Mental,,,,,,,,,,,,,,,,,,,,,,,,,,,,,,,,,,,,,,,,,,,,,,,,,Puño Certero,Paz Mental,Rugido,Tóxico,Corpulencia,Poder Oculto,Día Soleado,Mofa,Hiperrayo,Protección,Rayo Solar,Cola Férrea,Terremoto,Puntapié,Excavar,Demolición,Doble Equipo,Lanzallamas,Llamarada,Tumba Rocas,Golpe Aéreo,Tormento,Atracción,Sofoco,Onda Certera,Falso Tortazo,Lanzamiento,Puño Drenaje,Fuego Fatuo,Maquinación,Garra Umbría,Gigaimpacto,Roca Afilada,Danza Espada,Trampa Rocas,Avalancha,Vozarrón,Puya Nociva,Hierba Lazo,Ida y Vuelta,Corte,Fuerza,Golpe Roca,Treparrocas,,,,,,,,,,,,,,,,,,,,,,,,,,,,,,,,,,,,,,,,,,,,,,,,,,,,,,,,,,,,,,,,,,,,,,,,,,,,,,,,,,,,,,,,,,,,,,,,,,,,,,,,,,,,,,,,Puño Fuego,Puño Trueno,Doble Patada,Otra Vez,Onda Ígnea,Foco Energía,Refuerzo,Sorpresa,Patada Ígnea,Contraataque,Anticipo,Sumisión,Puño Incremento,,,,,,,,,,,,,,,,,,,,,,,,,,,,,,,,,,,,,,,,,,,,,,,,,,,,,,,,,,,,,,,,,,,,,,,,,,,,,,,,,,,,,,,,Ronquido,Antojo,Terratemblor,Rodar,Bofetón Lodo,Aguzar,Alboroto,Puño Fuego,Puño Trueno,Sísmico,Imitación,Meteoros,Patada Baja,Golpe Bis,Arenas Ardientes,Onda Vacío,Puño Incremento,Onda Ígnea,Esfuerzo,Lanzamugre,,,,,,,,,,,,,,,,,,,,,,,,,,,,,,,,,,,,,,,,,,,,,,,,,,,,,,,,,,,,,,,,,,,,,,,,,,,,,,,,
Piplup,393,393,0,Agua,,Water 1,Field,Ningún objeto,Ningún objeto,Ningún objeto,Torrente,Tenacidad,Zoquete,53,51,53,61,56,40,1,Destructor,1,Gruñido,5,Pistola Agua,8,Burbuja,11,Encanto,11,Picotazo,17,Rayo Burbuja,20,Viento Hielo,22,Contoneo,23,Escaldar,26,Ataque Furia,29,Salmuera,29,Neblina,32,Torbellino,35,Bostezo,38,Pico Taladro,41,Hidrobomba,,,,,,,,,,,,,,,,,,,,,,,,,,,,,,,,,,,,,,,,,,,,,,,,,,,,,,,,,,,,,,,,,,,Hidropulso,Tóxico,Granizo,Poder Oculto,Rayo Hielo,Ventisca,Protección,Danza Lluvia,Excavar,Demolición,Doble Equipo,Tumba Rocas,Golpe Aéreo,Atracción,Salmuera,Falso Tortazo,Escaldar,Lanzamiento,Trampa Rocas,Hierba Lazo,Corte,Surf,Despejar,Cascada,,,,,,,,,,,,,,,,,,,,,,,,,,,,,,,,,,,,,,,,,,,,,,,,,,,,,,,,,,,,,,,,,,,,,,,,,,,,,,,,,,,,,,,,,,,,,,,,,,,,,,,,,,,,,,,,,,,,,,,,,,,,,,,,,,,,Doble Golpe,Supersónico,Bostezo,Bofetón Lodo,Ronquido,Azote,Agilidad,Acua Aro,Hidrobomba,Danza Pluma,Viento Hielo,,,,,,,,,,,,,,,,,,,,,,,,,,,,,,,,,,,,,,,,,,,,,,,,,,,,,,,,,,,,,,,,,,,,,,,,,,,,,,,,,,,,,,,,,,Ronquido,Antojo,Bofetón Lodo,Rayo Señal,Buceo,Viento Hielo,,,,,,,,,,,,,,,,,,,,,,,,,,,,,,,,,,,,,,,,,,,,,,,,,,,,,,,,,,,,,,,,,,,,,,,,,,,,,,,,,,,,,,,,,,,,,,
Prinplup,394,394,0,Agua,,Water 1,Field,Ningún objeto,Ningún objeto,Ningún objeto,Torrente,Tenacidad,Zoquete,64,66,68,81,76,50,0,Garra Metal,1,Destructor,1,Gruñido,1,Placaje,1,Garra Metal,5,Pistola Agua,8,Burbuja,11,Encanto,11,Picotazo,16,Garra Metal,18,Rayo Burbuja,22,Viento Hielo,24,Contoneo,26,Escaldar,30,Ataque Furia,33,Salmuera,34,Neblina,38,Torbellino,42,Bostezo,46,Pico Taladro,50,Hidrobomba,,,,,,,,,,,,,,,,,,,,,,,,,,,,,,,,,,,,,,,,,,,,,,,,,,,,,,,,,,,Hidropulso,Tóxico,Granizo,Poder Oculto,Rayo Hielo,Ventisca,Protección,Danza Lluvia,Excavar,Demolición,Doble Equipo,Tumba Rocas,Golpe Aéreo,Atracción,Salmuera,Falso Tortazo,Escaldar,Lanzamiento,Garra Umbría,Trampa Rocas,Hierba Lazo,Corte,Surf,Fuerza,Despejar,Golpe Roca,Cascada,,,,,,,,,,,,,,,,,,,,,,,,,,,,,,,,,,,,,,,,,,,,,,,,,,,,,,,,,,,,,,,,,,,,,,,,,,,,,,,,,,,,,,,,,,,,,,,,,,,,,,,,,,,,,,,,,,,,,,,,,,,,,,,,,Doble Golpe,Supersónico,Bostezo,Bofetón Lodo,Ronquido,Azote,Agilidad,Acua Aro,Hidrobomba,Danza Pluma,Viento Hielo,,,,,,,,,,,,,,,,,,,,,,,,,,,,,,,,,,,,,,,,,,,,,,,,,,,,,,,,,,,,,,,,,,,,,,,,,,,,,,,,,,,,,,,,,,Ronquido,Antojo,Bofetón Lodo,Rayo Señal,Buceo,Viento Hielo,,,,,,,,,,,,,,,,,,,,,,,,,,,,,,,,,,,,,,,,,,,,,,,,,,,,,,,,,,,,,,,,,,,,,,,,,,,,,,,,,,,,,,,,,,,,,,
Empoleon,395,395,0,Agua,Acero,Water 1,Field,Ningún objeto,Ningún objeto,Ningún objeto,Torrente,Tenacidad,Quitanieves,84,86,88,116,101,60,0,Acua Jet,1,Encanto,1,Destructor,1,Gruñido,1,Placaje,1,Garra Metal,1,Acua Jet,1,Danza Pluma,1,Agilidad,5,Pistola Agua,8,Burbuja,8,Danza Espada,11,Picotazo,14,Contoneo,16,Garra Metal,18,Rayo Burbuja,22,Viento Hielo,26,Escaldar,30,Ataque Furia,33,Salmuera,34,Neblina,36,Foco Resplandor,39,Torbellino,44,Bostezo,49,Pico Taladro,54,Hidrobomba,,,,,,,,,,,,,,,,,,,,,,,,,,,,,,,,,,,,,,,,,,,,,,,,,Hidropulso,Rugido,Tóxico,Granizo,Poder Oculto,Rayo Hielo,Ventisca,Hiperrayo,Protección,Danza Lluvia,Terremoto,Excavar,Demolición,Doble Equipo,Tumba Rocas,Golpe Aéreo,Atracción,Ala de Acero,Salmuera,Respiro,Falso Tortazo,Escaldar,Lanzamiento,Garra Umbría,Gigaimpacto,Alud,Danza Espada,Trampa Rocas,Avalancha,Vozarrón,Hierba Lazo,Foco Resplandor,Corte,Surf,Fuerza,Despejar,Golpe Roca,Cascada,Treparrocas,,,,,,,,,,,,,,,,,,,,,,,,,,,,,,,,,,,,,,,,,,,,,,,,,,,,,,,,,,,,,,,,,,,,,,,,,,,,,,,,,,,,,,,,,,,,,,,,,,,,,,,,,,,,,,,,,,,,,Doble Golpe,Supersónico,Bostezo,Bofetón Lodo,Ronquido,Azote,Agilidad,Acua Aro,Hidrobomba,Danza Pluma,Viento Hielo,,,,,,,,,,,,,,,,,,,,,,,,,,,,,,,,,,,,,,,,,,,,,,,,,,,,,,,,,,,,,,,,,,,,,,,,,,,,,,,,,,,,,,,,,,Ronquido,Antojo,Terratemblor,Bofetón Lodo,Aguzar,Corte Furia,Rayo Señal,Defensa Férrea,Buceo,Viento Hielo,Desarme,Hidroariete,,,,,,,,,,,,,,,,,,,,,,,,,,,,,,,,,,,,,,,,,,,,,,,,,,,,,,,,,,,,,,,,,,,,,,,,,,,,,,,,,,,,,,,,
Starly,396,396,0,Normal,Volador,Flying,Flying,Ningún objeto,Ningún objeto,Ningún objeto,Audaz,Vista Lince,Competitivo,40,55,30,30,30,60,1,Gruñido,1,Placaje,5,Ataque Rápido,8,Ataque Ala,11,Doble Equipo,17,Golpe Aéreo,20,Imagen,23,Esfuerzo,26,Remolino,29,Derribo,32,Respiro,35,Agilidad,38,Pájaro Osado,41,Sacrificio,41,Doble Filo,,,,,,,,,,,,,,,,,,,,,,,,,,,,,,,,,,,,,,,,,,,,,,,,,,,,,,,,,,,,,,,,,,,,,,,Tóxico,Poder Oculto,Día Soleado,Protección,Danza Lluvia,Doble Equipo,Golpe Aéreo,Atracción,Ladrón,Ala de Acero,Respiro,Aguante,Vendaval,Ida y Vuelta,Vuelo,Despejar,,,,,,,,,,,,,,,,,,,,,,,,,,,,,,,,,,,,,,,,,,,,,,,,,,,,,,,,,,,,,,,,,,,,,,,,,,,,,,,,,,,,,,,,,,,,,,,,,,,,,,,,,,,,,,,,,,,,,,,,,,,,,,,,,,,,,,,,,,,,Danza Pluma,Ataque Furia,Impresionar,Ataque Arena,Doble Filo,Alboroto,Detección,Desquite,,,,,,,,,,,,,,,,,,,,,,,,,,,,,,,,,,,,,,,,,,,,,,,,,,,,,,,,,,,,,,,,,,,,,,,,,,,,,,,,,,,,,,,,,,,,,Ronquido,Aire Afilado,Bofetón Lodo,Ala Bis,Alboroto,Viento Aciago,Viento Afín,Meteoros,Onda Ígnea,Esfuerzo,Ciclón,,,,,,,,,,,,,,,,,,,,,,,,,,,,,,,,,,,,,,,,,,,,,,,,,,,,,,,,,,,,,,,,,,,,,,,,,,,,,,,,,,,,,,,,,
Staravia,397,397,0,Normal,Volador,Flying,Flying,Ningún objeto,Ningún objeto,Ningún objeto,Audaz,Intimidación,Competitivo,55,75,50,40,40,80,1,Gruñido,1,Placaje,5,Ataque Rápido,8,Ataque Ala,11,Doble Equipo,18,Golpe Aéreo,22,Imagen,26,Esfuerzo,30,Remolino,34,Derribo,38,Respiro,42,Agilidad,46,Pájaro Osado,48,Sacrificio,50,Doble Filo,,,,,,,,,,,,,,,,,,,,,,,,,,,,,,,,,,,,,,,,,,,,,,,,,,,,,,,,,,,,,,,,,,,,,,,Tóxico,Poder Oculto,Día Soleado,Protección,Danza Lluvia,Doble Equipo,Golpe Aéreo,Atracción,Ladrón,Ala de Acero,Respiro,Aguante,Vendaval,Ida y Vuelta,Vuelo,Despejar,,,,,,,,,,,,,,,,,,,,,,,,,,,,,,,,,,,,,,,,,,,,,,,,,,,,,,,,,,,,,,,,,,,,,,,,,,,,,,,,,,,,,,,,,,,,,,,,,,,,,,,,,,,,,,,,,,,,,,,,,,,,,,,,,,,,,,,,,,,,Danza Pluma,Ataque Furia,Impresionar,Ataque Arena,Doble Filo,Alboroto,Detección,Desquite,,,,,,,,,,,,,,,,,,,,,,,,,,,,,,,,,,,,,,,,,,,,,,,,,,,,,,,,,,,,,,,,,,,,,,,,,,,,,,,,,,,,,,,,,,,,,Ronquido,Aire Afilado,Bofetón Lodo,Ala Bis,Alboroto,Viento Aciago,Viento Afín,Meteoros,Onda Ígnea,Esfuerzo,Ciclón,,,,,,,,,,,,,,,,,,,,,,,,,,,,,,,,,,,,,,,,,,,,,,,,,,,,,,,,,,,,,,,,,,,,,,,,,,,,,,,,,,,,,,,,,
Staraptor,398,398,0,Normal,Volador,Flying,Flying,Ningún objeto,Ningún objeto,Ningún objeto,Audaz,Intimidación,Competitivo,85,120,70,50,60,100,0,A Bocajarro,1,Gruñido,1,Placaje,1,A Bocajarro,5,Ataque Rápido,8,Ataque Ala,11,Doble Equipo,18,Golpe Aéreo,22,Imagen,26,Esfuerzo,30,Remolino,34,A Bocajarro,35,Derribo,40,Respiro,45,Agilidad,50,Pájaro Osado,55,Doble Filo,57,Sacrificio,,,,,,,,,,,,,,,,,,,,,,,,,,,,,,,,,,,,,,,,,,,,,,,,,,,,,,,,,,,,,,,,,Tóxico,Poder Oculto,Día Soleado,Hiperrayo,Protección,Danza Lluvia,Doble Equipo,Golpe Aéreo,Atracción,Ladrón,Ala de Acero,Respiro,Aguante,Gigaimpacto,Vendaval,Ida y Vuelta,Vuelo,Despejar,,,,,,,,,,,,,,,,,,,,,,,,,,,,,,,,,,,,,,,,,,,,,,,,,,,,,,,,,,,,,,,,,,,,,,,,,,,,,,,,,,,,,,,,,,,,,,,,,,,,,,,,,,,,,,,,,,,,,,,,,,,,,,,,,,,,,,,,,,Danza Pluma,Ataque Furia,Impresionar,Ataque Arena,Doble Filo,Alboroto,Detección,Desquite,,,,,,,,,,,,,,,,,,,,,,,,,,,,,,,,,,,,,,,,,,,,,,,,,,,,,,,,,,,,,,,,,,,,,,,,,,,,,,,,,,,,,,,,,,,,,Ronquido,Aire Afilado,Bofetón Lodo,Ala Bis,Aguzar,Alboroto,Viento Aciago,Sísmico,Ataque Aéreo,Viento Afín,Meteoros,Onda Ígnea,Esfuerzo,Ciclón,,,,,,,,,,,,,,,,,,,,,,,,,,,,,,,,,,,,,,,,,,,,,,,,,,,,,,,,,,,,,,,,,,,,,,,,,,,,,,,,,,,,,,
Bidoof,399,399,0,Normal,,Water 1,Field,Ningún objeto,Ningún objeto,Ningún objeto,Simple,Ignorante,Veleta,59,45,40,35,40,31,1,Gruñido,1,Placaje,5,Rizo Defensa,8,Golpe Cabeza,11,Rodar,17,Hipercolmillo,17,Mofa,17,Bostezo,20,Triturar,23,Acua Cola,26,Derribo,29,Superdiente,32,Danza Espada,32,Amnesia,35,Fuerza Bruta,38,Maldición,41,Doble Filo,,,,,,,,,,,,,,,,,,,,,,,,,,,,,,,,,,,,,,,,,,,,,,,,,,,,,,,,,,,,,,,,,,,Tóxico,Poder Oculto,Día Soleado,Mofa,Rayo Hielo,Ventisca,Protección,Danza Lluvia,Cola Férrea,Rayo,Trueno,Excavar,Bola Sombra,Doble Equipo,Onda Voltio,Atracción,Ladrón,Voltio Cruel,Onda Trueno,Danza Espada,Trampa Rocas,Hierba Lazo,Corte,Golpe Roca,,,,,,,,,,,,,,,,,,,,,,,,,,,,,,,,,,,,,,,,,,,,,,,,,,,,,,,,,,,,,,,,,,,,,,,,,,,,,,,,,,,,,,,,,,,,,,,,,,,,,,,,,,,,,,,,,,,,,,,,,,,,,,,,,,,,Ataque Rápido,Doble Filo,Golpes Furia,Rizo Defensa,Rodar,Acua Cola,Cabezazo,,,,,,,,,,,,,,,,,,,,,,,,,,,,,,,,,,,,,,,,,,,,,,,,,,,,,,,,,,,,,,,,,,,,,,,,,,,,,,,,,,,,,,,,,,,,,,Ronquido,Antojo,Rodar,Bofetón Lodo,Corte Furia,Meteoros,Acua Cola,Viento Hielo,Fuerza Bruta,Última Baza,Superdiente,,,,,,,,,,,,,,,,,,,,,,,,,,,,,,,,,,,,,,,,,,,,,,,,,,,,,,,,,,,,,,,,,,,,,,,,,,,,,,,,,,,,,,,,,
Bibarel,400,400,0,Normal,Agua,Water 1,Field,Ningún objeto,Ningún objeto,Ningún objeto,Simple,Ignorante,Veleta,94,100,65,55,65,71,0,Pistola Agua,1,Gruñido,1,Placaje,1,Acua Jet,1,Pistola Agua,5,Rizo Defensa,8,Golpe Cabeza,11,Rodar,15,Acua Jet,18,Hipercolmillo,18,Mofa,18,Bostezo,22,Triturar,26,Acua Cola,30,Derribo,34,Superdiente,38,Danza Espada,38,Amnesia,42,Fuerza Bruta,46,Maldición,50,Doble Filo,,,,,,,,,,,,,,,,,,,,,,,,,,,,,,,,,,,,,,,,,,,,,,,,,,,,,,,,,,,Puño Certero,Hidropulso,Tóxico,Poder Oculto,Día Soleado,Mofa,Rayo Hielo,Ventisca,Hiperrayo,Protección,Danza Lluvia,Cola Férrea,Rayo,Trueno,Excavar,Bola Sombra,Doble Equipo,Onda Voltio,Atracción,Ladrón,Salmuera,Lanzamiento,Voltio Cruel,Gigaimpacto,Onda Trueno,Danza Espada,Trampa Rocas,Vozarrón,Hierba Lazo,Corte,Surf,Fuerza,Golpe Roca,Cascada,Treparrocas,,,,,,,,,,,,,,,,,,,,,,,,,,,,,,,,,,,,,,,,,,,,,,,,,,,,,,,,,,,,,,,,,,,,,,,,,,,,,,,,,,,,,,,,,,,,,,,,,,,,,,,,,,,,,,,,,,,,,,,,,Ataque Rápido,Doble Filo,Golpes Furia,Rizo Defensa,Rodar,Acua Cola,Cabezazo,,,,,,,,,,,,,,,,,,,,,,,,,,,,,,,,,,,,,,,,,,,,,,,,,,,,,,,,,,,,,,,,,,,,,,,,,,,,,,,,,,,,,,,,,,,,,,Ronquido,Antojo,Terratemblor,Rodar,Bofetón Lodo,Corte Furia,Pataleta,Sísmico,Buceo,Meteoros,Acua Cola,Viento Hielo,Fuerza Bruta,Última Baza,Hidroariete,Superdiente,,,,,,,,,,,,,,,,,,,,,,,,,,,,,,,,,,,,,,,,,,,,,,,,,,,,,,,,,,,,,,,,,,,,,,,,,,,,,,,,,,,,
Kricketot,401,401,0,Bicho,,Bug,Bug,Ningún objeto,Ningún objeto,Metrónomo,Fuga,Mudar,Ojo Compuesto,37,35,41,35,41,25,1,Destructor,1,Gruñido,1,Picadura,1,Disparo Demora,6,Estoicismo,,,,,,,,,,,,,,,,,,,,,,,,,,,,,,,,,,,,,,,,,,,,,,,,,,,,,,,,,,,,,,,,,,,,,,,,,,,,,,,,,,,,,,,,,,,,,,,,,,,,,,,,,,,,,,,,,,,,,,,,,,,,,,,,,,,,,,,,,,,,,,,,,,,,,,,,,,,,,,,,,,,,,,,,,,,,,,,,,,,,,,,,,,,,,,,,,,,,,,,,,,,,,,,,,,,,,,,,,,,,,,,,,,,,,,,,,,,,,,,,,,,,,,,,,,,,,,,,,,,,,,,,,,,,,,,,,,,,,,,,,,,,,,,,,,,,,,,,,,,,,,,,,,,,,,,,,,,,,,,,,,,,,,,,,,,,,,,,,,,,,,,,,,Bofetón Lodo,Alboroto,Esfuerzo,,,,,,,,,,,,,,,,,,,,,,,,,,,,,,,,,,,,,,,,,,,,,,,,,,,,,,,,,,,,,,,,,,,,,,,,,,,,,,,,,,,,,,,,,,,,,,,,,
Kricketune,402,402,0,Bicho,,Bug,Bug,Ningún objeto,Ningún objeto,Metrónomo,Experto,Enjambre,Ojo Compuesto,80,115,70,40,70,75,0,Corte Furia,1,Picadura,1,Estoicismo,1,Destructor,1,Gruñido,1,Pin Misil,1,Disparo Demora,1,Corte Furia,10,Corte Furia,13,Absorber,16,Canto,19,Chupavidas,22,Foco Energía,25,Cuchillada,25,Tajo Umbrío,28,Tijera X,31,Chirrido,34,Desarme,36,Aguijón Letal,37,Mofa,40,Cascabel Cura,43,Zumbido,44,Red Viscosa,46,Vozarrón,49,Canto Mortal,,,,,,,,,,,,,,,,,,,,,,,,,,,,,,,,,,,,,,,,,,,,,,,,,,,Tóxico,Semilladora,Día Soleado,Mofa,Hiperrayo,Protección,Danza Lluvia,Demolición,Doble Equipo,Golpe Aéreo,Atracción,Falso Tortazo,Zumbido,Gigaimpacto,Destello,Danza Espada,Tijera X,Corte,Fuerza,Golpe Roca,,,,,,,,,,,,,,,,,,,,,,,,,,,,,,,,,,,,,,,,,,,,,,,,,,,,,,,,,,,,,,,,,,,,,,,,,,,,,,,,,,,,,,,,,,,,,,,,,,,,,,,,,,,,,,,,,,,,,,,,,,,,,,,,,,,,,,,,,,,,,,,,,,,,,,,,,,,,,,,,,,,,,,,,,,,,,,,,,,,,,,,,,,,,,,,,,,,,,,,,,,,,,,,,,,,,,,,,,,,,,,,,,,,,,,,,,,,,Ronquido,Bofetón Lodo,Aguzar,Corte Furia,Cascabel Cura,Alboroto,Chupavidas,Puño Incremento,Desarme,Esfuerzo,,,,,,,,,,,,,,,,,,,,,,,,,,,,,,,,,,,,,,,,,,,,,,,,,,,,,,,,,,,,,,,,,,,,,,,,,,,,,,,,,,,,,,,,,,
Shinx,403,403,0,Eléctrico,,Field,Field,Ningún objeto,Ningún objeto,Ningún objeto,Intimidación,Agallas,Pies Rápidos,45,65,34,40,34,45,1,Malicioso,1,Placaje,1,Aullido,4,Impactrueno,6,Ataque Rápido,9,Chispa,12,Mordisco,15,Carga,18,Doble Patada,21,Colmillo Rayo,21,Colmillo Hielo,21,Colmillo Ígneo,24,Voltiocambio,24,Rugido,27,Triturar,30,Contoneo,32,Onda Trueno,33,Voltio Cruel,36,Cara Susto,39,Chispazo,42,Golpe Bajo,,,,,,,,,,,,,,,,,,,,,,,,,,,,,,,,,,,,,,,,,,,,,,,,,,,,,,,,,,,Rugido,Tóxico,Pantalla de Luz,Protección,Danza Lluvia,Cola Férrea,Rayo,Trueno,Doble Equipo,Onda Voltio,Imagen,Voltiocambio,Atracción,Ladrón,Voltio Cruel,Destello,Onda Trueno,Alarido,Fuerza,,,,,,,,,,,,,,,,,,,,,,,,,,,,,,,,,,,,,,,,,,,,,,,,,,,,,,,,,,,,,,,,,,,,,,,,,,,,,,,,,,,,,,,,,,,,,,,,,,,,,,,,,,,,,,,,,,,,,,,,,,,,,,,,,,,,,,,,,Ojitos Tiernos,Derribo,Doble Patada,Aullido,Tajo Umbrío,Ataque Rápido,Colmillo Hielo,Colmillo Ígneo,Colmillo Rayo,Meteoros,Refuerzo,Onda Anómala,Llanto Falso,Rayo Señal,,,,,,,,,,,,,,,,,,,,,,,,,,,,,,,,,,,,,,,,,,,,,,,,,,,,,,,,,,,,,,,,,,,,,,,,,,,,,,,,,,,,,,,Ronquido,Refuerzo,Bofetón Lodo,Corte Furia,Rayo Señal,Levitón,Meteoros,Electrocañón,,,,,,,,,,,,,,,,,,,,,,,,,,,,,,,,,,,,,,,,,,,,,,,,,,,,,,,,,,,,,,,,,,,,,,,,,,,,,,,,,,,,,,,,,,,,
Luxio,404,404,0,Eléctrico,,Field,Field,Ningún objeto,Ningún objeto,Ningún objeto,Intimidación,Agallas,Pies Rápidos,60,85,49,60,49,60,1,Impactrueno,1,Malicioso,1,Placaje,1,Aullido,6,Ataque Rápido,9,Chispa,12,Mordisco,16,Carga,20,Doble Patada,24,Colmillo Rayo,24,Colmillo Hielo,24,Colmillo Ígneo,28,Rugido,31,Voltiocambio,32,Triturar,36,Contoneo,40,Voltio Cruel,42,Onda Trueno,44,Cara Susto,48,Chispazo,52,Golpe Bajo,,,,,,,,,,,,,,,,,,,,,,,,,,,,,,,,,,,,,,,,,,,,,,,,,,,,,,,,,,,Rugido,Tóxico,Pantalla de Luz,Protección,Danza Lluvia,Cola Férrea,Rayo,Trueno,Doble Equipo,Onda Voltio,Imagen,Voltiocambio,Atracción,Ladrón,Voltio Cruel,Destello,Onda Trueno,Alarido,Fuerza,,,,,,,,,,,,,,,,,,,,,,,,,,,,,,,,,,,,,,,,,,,,,,,,,,,,,,,,,,,,,,,,,,,,,,,,,,,,,,,,,,,,,,,,,,,,,,,,,,,,,,,,,,,,,,,,,,,,,,,,,,,,,,,,,,,,,,,,,Ojitos Tiernos,Derribo,Doble Patada,Aullido,Tajo Umbrío,Ataque Rápido,Colmillo Hielo,Colmillo Ígneo,Colmillo Rayo,Meteoros,Refuerzo,Onda Anómala,Llanto Falso,Rayo Señal,,,,,,,,,,,,,,,,,,,,,,,,,,,,,,,,,,,,,,,,,,,,,,,,,,,,,,,,,,,,,,,,,,,,,,,,,,,,,,,,,,,,,,,Ronquido,Refuerzo,Bofetón Lodo,Corte Furia,Rayo Señal,Levitón,Meteoros,Electrocañón,,,,,,,,,,,,,,,,,,,,,,,,,,,,,,,,,,,,,,,,,,,,,,,,,,,,,,,,,,,,,,,,,,,,,,,,,,,,,,,,,,,,,,,,,,,,
Luxray,405,405,0,Eléctrico,Siniestro,Field,Field,Ningún objeto,Ningún objeto,Ningún objeto,Intimidación,Agallas,Pies Rápidos,80,120,79,95,79,70,1,Impactrueno,1,Malicioso,1,Placaje,1,Campo Eléctrico,1,Fuerza Bruta,1,Aullido,6,Ataque Rápido,9,Chispa,12,Mordisco,16,Carga,20,Doble Patada,24,Colmillo Rayo,24,Colmillo Hielo,24,Colmillo Ígneo,28,Rugido,33,Voltiocambio,33,Triturar,38,Contoneo,43,Voltio Cruel,48,Cara Susto,48,Onda Trueno,53,Chispazo,58,Golpe Bajo,,,,,,,,,,,,,,,,,,,,,,,,,,,,,,,,,,,,,,,,,,,,,,,,,,,,,,,Rugido,Tóxico,Hiperrayo,Pantalla de Luz,Protección,Danza Lluvia,Cola Férrea,Rayo,Trueno,Doble Equipo,Onda Voltio,Imagen,Voltiocambio,Atracción,Ladrón,Voltio Cruel,Gigaimpacto,Destello,Onda Trueno,Alarido,Pulso Umbrío,Fuerza,,,,,,,,,,,,,,,,,,,,,,,,,,,,,,,,,,,,,,,,,,,,,,,,,,,,,,,,,,,,,,,,,,,,,,,,,,,,,,,,,,,,,,,,,,,,,,,,,,,,,,,,,,,,,,,,,,,,,,,,,,,,,,,,,,,,,,Ojitos Tiernos,Derribo,Doble Patada,Aullido,Tajo Umbrío,Ataque Rápido,Colmillo Hielo,Colmillo Ígneo,Colmillo Rayo,Meteoros,Refuerzo,Onda Anómala,Llanto Falso,Rayo Señal,,,,,,,,,,,,,,,,,,,,,,,,,,,,,,,,,,,,,,,,,,,,,,,,,,,,,,,,,,,,,,,,,,,,,,,,,,,,,,,,,,,,,,,Ronquido,Refuerzo,Bofetón Lodo,Aguzar,Corte Furia,Rayo Señal,Levitón,Meteoros,Fuerza Bruta,Electrocañón,,,,,,,,,,,,,,,,,,,,,,,,,,,,,,,,,,,,,,,,,,,,,,,,,,,,,,,,,,,,,,,,,,,,,,,,,,,,,,,,,,,,,,,,,,
Budew,406,406,0,Planta,Veneno,No Eggs,No Eggs,Ningún objeto,Ningún objeto,Flecha Venenosa,Punto Tóxico,Cura Natural,Defensa Hoja,40,30,35,50,70,55,1,Desarrollo,1,Absorber,9,Megaagotar,12,Paralizador,12,Somnífero,15,Abatidoras,18,Paranormal,,,,,,,,,,,,,,,,,,,,,,,,,,,,,,,,,,,,,,,,,,,,,,,,,,,,,,,,,,,,,,,,,,,,,,,,,,,,,,,,,,,,,,,Tóxico,Semilladora,Día Soleado,Protección,Danza Lluvia,Gigadrenado,Comesueños,Rayo Solar,Bola Sombra,Doble Equipo,Bomba Lodo,Atracción,Energibola,Destello,Danza Espada,Autosugestión,Hierba Lazo,Corte,,,,,,,,,,,,,,,,,,,,,,,,,,,,,,,,,,,,,,,,,,,,,,,,,,,,,,,,,,,,,,,,,,,,,,,,,,,,,,,,,,,,,,,,,,,,,,,,,,,,,,,,,,,,,,,,,,,,,,,,,,,,,,,,,,,,,,,,,,Esporagodón,Somnífero,Viento Cortante,Paranormal,Gota Vital,Púas,Síntesis,Pin Misil,Telépata,Lluevehojas,Bomba Germen,Latigazo,Silbato,,,,,,,,,,,,,,,,,,,,,,,,,,,,,,,,,,,,,,,,,,,,,,,,,,,,,,,,,,,,,,,,,,,,,,,,,,,,,,,,,,,,,,,,Ronquido,Antojo,Abatidoras,Bofetón Lodo,Púas,Alboroto,Síntesis,Bomba Germen,Meteoros,,,,,,,,,,,,,,,,,,,,,,,,,,,,,,,,,,,,,,,,,,,,,,,,,,,,,,,,,,,,,,,,,,,,,,,,,,,,,,,,,,,,,,,,,,,
Roserade,407,407,0,Planta,Veneno,Fairy,Grass,Ningún objeto,Ningún objeto,Flecha Venenosa,Experto,Cura Natural,Cuerpo Vívido,60,70,65,125,105,90,1,Abatidoras,1,Desarrollo,1,Absorber,1,Picotazo Veneno,1,Meteorobola,9,Megaagotar,14,Paralizador,14,Somnífero,19,Drenadoras,24,Hoja Mágica,29,Silbato,34,Púas,34,Púas Tóxicas,39,Gigadrenado,44,Dulce Aroma,44,Bomba Lodo,49,Arraigo,54,Danza Pétalo,54,Tóxico,59,Aromaterapia,64,Tormenta Floral,64,Síntesis,69,Latigazo,74,Lluevehojas,,,,,,,,,,,,,,,,,,,,,,,,,,,,,,,,,,,,,,,,,,,,,,,,,,,,,Tóxico,Semilladora,Día Soleado,Hiperrayo,Protección,Danza Lluvia,Gigadrenado,Comesueños,Rayo Solar,Bola Sombra,Doble Equipo,Bomba Lodo,Atracción,Energibola,Gigaimpacto,Destello,Danza Espada,Autosugestión,Puya Nociva,Hierba Lazo,Corte,,,,,,,,,,,,,,,,,,,,,,,,,,,,,,,,,,,,,,,,,,,,,,,,,,,,,,,,,,,,,,,,,,,,,,,,,,,,,,,,,,,,,,,,,,,,,,,,,,,,,,,,,,,,,,,,,,,,,,,,,,,,,,,,,,,,,,,Esporagodón,Somnífero,Viento Cortante,Paranormal,Gota Vital,Púas,Síntesis,Pin Misil,Telépata,Lluevehojas,Bomba Germen,Latigazo,Silbato,,,,,,,,,,,,,,,,,,,,,,,,,,,,,,,,,,,,,,,,,,,,,,,,,,,,,,,,,,,,,,,,,,,,,,,,,,,,,,,,,,,,,,,,Ronquido,Antojo,Abatidoras,Bofetón Lodo,Púas,Aguzar,Corte Furia,Síntesis,Bomba Germen,Meteoros,,,,,,,,,,,,,,,,,,,,,,,,,,,,,,,,,,,,,,,,,,,,,,,,,,,,,,,,,,,,,,,,,,,,,,,,,,,,,,,,,,,,,,,,,,
Cranidos,408,408,0,Roca,,Monster,Monster,Ningún objeto,Ningún objeto,Ningún objeto,Cabeza Roca,Rompemoldes,Potencia Bruta,67,125,40,30,30,58,1,Malicioso,1,Golpe Cabeza,6,Foco Energía,12,Derribo,15,Cara Susto,18,Avalancha,21,Buena Baza,24,Poder Pasado,27,Cabezazo Zen,28,Danza Espada,30,Chirrido,33,Triturar,36,Pulimento,39,Cabeza de Hierro,42,Roca Afilada,45,Machada,48,Testarazo,,,,,,,,,,,,,,,,,,,,,,,,,,,,,,,,,,,,,,,,,,,,,,,,,,,,,,,,,,,,,,,,,,,Rugido,Tóxico,Día Soleado,Rayo Hielo,Ventisca,Protección,Danza Lluvia,Cola Férrea,Rayo,Trueno,Terremoto,Excavar,Doble Equipo,Onda Voltio,Lanzallamas,Tormenta Arena,Llamarada,Tumba Rocas,Atracción,Ladrón,Lanzamiento,Pulso Dragón,Vendetta,Pulimento,Roca Afilada,Danza Espada,Trampa Rocas,Avalancha,Vozarrón,Fuerza,Golpe Roca,Treparrocas,,,,,,,,,,,,,,,,,,,,,,,,,,,,,,,,,,,,,,,,,,,,,,,,,,,,,,,,,,,,,,,,,,,,,,,,,,,,,,,,,,,,,,,,,,,,,,,,,,,,,,,,,,,,,,,,,,,,,,,,,,,,Triturar,Golpe,Doble Filo,Malicioso,Atizar,Pisotón,Remolino,Machada,Maldición,Cabeza de Hierro,,,,,,,,,,,,,,,,,,,,,,,,,,,,,,,,,,,,,,,,,,,,,,,,,,,,,,,,,,,,,,,,,,,,,,,,,,,,,,,,,,,,,,,,,,,Ronquido,Terratemblor,Bofetón Lodo,Rencor,Alboroto,Poder Pasado,Puño Fuego,Puño Hielo,Puño Trueno,Sísmico,Cabezazo Zen,Cabeza de Hierro,Puño Incremento,Fuerza Bruta,Esfuerzo,Tierra Viva,,,,,,,,,,,,,,,,,,,,,,,,,,,,,,,,,,,,,,,,,,,,,,,,,,,,,,,,,,,,,,,,,,,,,,,,,,,,,,,,,,,,
Rampardos,409,409,0,Roca,,Monster,Monster,Ningún objeto,Ningún objeto,Ningún objeto,Cabeza Roca,Rompemoldes,Potencia Bruta,97,155,90,35,90,33,0,Fuerza Bruta,0,Esfuerzo,1,Malicioso,1,Golpe Cabeza,1,Esfuerzo,6,Foco Energía,12,Derribo,15,Cara Susto,18,Avalancha,21,Buena Baza,24,Poder Pasado,27,Cabezazo Zen,28,Danza Espada,30,Esfuerzo,31,Chirrido,35,Triturar,39,Pulimento,43,Cabeza de Hierro,47,Roca Afilada,51,Machada,55,Testarazo,,,,,,,,,,,,,,,,,,,,,,,,,,,,,,,,,,,,,,,,,,,,,,,,,,,,,,,,,,,Puño Certero,Rugido,Tóxico,Día Soleado,Rayo Hielo,Ventisca,Hiperrayo,Protección,Danza Lluvia,Cola Férrea,Rayo,Trueno,Terremoto,Excavar,Demolición,Doble Equipo,Onda Voltio,Lanzallamas,Tormenta Arena,Llamarada,Tumba Rocas,Atracción,Ladrón,Onda Certera,Lanzamiento,Pulso Dragón,Vendetta,Gigaimpacto,Pulimento,Roca Afilada,Alud,Danza Espada,Trampa Rocas,Avalancha,Vozarrón,Corte,Surf,Fuerza,Golpe Roca,Treparrocas,,,,,,,,,,,,,,,,,,,,,,,,,,,,,,,,,,,,,,,,,,,,,,,,,,,,,,,,,,,,,,,,,,,,,,,,,,,,,,,,,,,,,,,,,,,,,,,,,,,,,,,,,,,,,,,,,,,,Triturar,Golpe,Doble Filo,Malicioso,Atizar,Pisotón,Remolino,Machada,Maldición,Cabeza de Hierro,,,,,,,,,,,,,,,,,,,,,,,,,,,,,,,,,,,,,,,,,,,,,,,,,,,,,,,,,,,,,,,,,,,,,,,,,,,,,,,,,,,,,,,,,,,Ronquido,Terratemblor,Bofetón Lodo,Aguzar,Rencor,Alboroto,Pataleta,Poder Pasado,Puño Fuego,Puño Hielo,Puño Trueno,Sísmico,Cabezazo Zen,Divide Dolor,Cabeza de Hierro,Puño Incremento,Fuerza Bruta,Esfuerzo,Enfado,Tierra Viva,,,,,,,,,,,,,,,,,,,,,,,,,,,,,,,,,,,,,,,,,,,,,,,,,,,,,,,,,,,,,,,,,,,,,,,,,,,,,,,,
Shieldon,410,410,0,Roca,Acero,Monster,Monster,Ningún objeto,Ningún objeto,Ningún objeto,Robustez,Insonorizar,Filtro,30,22,118,62,88,30,1,Placaje,6,Mofa,9,Eco Metálico,12,Onda Voltio,15,Defensa Férrea,18,Poder Pasado,21,Contoneo,24,Joya de Luz,27,Foco Resplandor,30,Aguante,33,Trampa Rocas,36,Represión Metal,39,Tierra Viva,42,Roca Afilada,45,Levitón,46,Cuerpo Pesado,48,Plancha Corporal,,,,,,,,,,,,,,,,,,,,,,,,,,,,,,,,,,,,,,,,,,,,,,,,,,,,,,,,,,,,,,,,,,,Rugido,Tóxico,Día Soleado,Mofa,Rayo Hielo,Ventisca,Protección,Danza Lluvia,Cola Férrea,Rayo,Trueno,Terremoto,Excavar,Doble Equipo,Onda Voltio,Lanzallamas,Tormenta Arena,Llamarada,Tumba Rocas,Tormento,Atracción,Pulimento,Roca Afilada,Trampa Rocas,Avalancha,Vozarrón,Foco Resplandor,Fuerza,Golpe Roca,,,,,,,,,,,,,,,,,,,,,,,,,,,,,,,,,,,,,,,,,,,,,,,,,,,,,,,,,,,,,,,,,,,,,,,,,,,,,,,,,,,,,,,,,,,,,,,,,,,,,,,,,,,,,,,,,,,,,,,,,,,,,,,Golpe Cabeza,Cara Susto,Foco Energía,Doble Filo,Pedrada,Golpe Cuerpo,Chirrido,Maldición,Fisura,Contraataque,Vasta Guardia,Isoguardia,,,,,,,,,,,,,,,,,,,,,,,,,,,,,,,,,,,,,,,,,,,,,,,,,,,,,,,,,,,,,,,,,,,,,,,,,,,,,,,,,,,,,,,,,Ronquido,Terratemblor,Bofetón Lodo,Autodestrucción,Poder Pasado,Defensa Férrea,Levitón,Cabeza de Hierro,Arenas Ardientes,Tierra Viva,,,,,,,,,,,,,,,,,,,,,,,,,,,,,,,,,,,,,,,,,,,,,,,,,,,,,,,,,,,,,,,,,,,,,,,,,,,,,,,,,,,,,,,,,,
Bastiodon,411,411,0,Roca,Acero,Monster,Monster,Ningún objeto,Ningún objeto,Ningún objeto,Robustez,Insonorizar,Filtro,60,27,168,77,138,30,0,Bloqueo,1,Placaje,1,Bloqueo,1,Fisura,6,Mofa,9,Eco Metálico,12,Onda Voltio,15,Defensa Férrea,18,Poder Pasado,21,Contoneo,24,Joya de Luz,27,Foco Resplandor,30,Bloqueo,31,Aguante,35,Trampa Rocas,39,Represión Metal,43,Tierra Viva,47,Roca Afilada,51,Levitón,55,Cuerpo Pesado,58,Plancha Corporal,,,,,,,,,,,,,,,,,,,,,,,,,,,,,,,,,,,,,,,,,,,,,,,,,,,,,,,,,,,Rugido,Tóxico,Día Soleado,Mofa,Rayo Hielo,Ventisca,Hiperrayo,Protección,Danza Lluvia,Cola Férrea,Rayo,Trueno,Terremoto,Excavar,Doble Equipo,Onda Voltio,Lanzallamas,Tormenta Arena,Llamarada,Tumba Rocas,Tormento,Atracción,Gigaimpacto,Pulimento,Roca Afilada,Alud,Trampa Rocas,Avalancha,Vozarrón,Foco Resplandor,Fuerza,Golpe Roca,,,,,,,,,,,,,,,,,,,,,,,,,,,,,,,,,,,,,,,,,,,,,,,,,,,,,,,,,,,,,,,,,,,,,,,,,,,,,,,,,,,,,,,,,,,,,,,,,,,,,,,,,,,,,,,,,,,,,,,,,,,,Golpe Cabeza,Cara Susto,Foco Energía,Doble Filo,Pedrada,Golpe Cuerpo,Chirrido,Maldición,Fisura,Contraataque,Vasta Guardia,Isoguardia,,,,,,,,,,,,,,,,,,,,,,,,,,,,,,,,,,,,,,,,,,,,,,,,,,,,,,,,,,,,,,,,,,,,,,,,,,,,,,,,,,,,,,,,,Ronquido,Terratemblor,Bofetón Lodo,Bloqueo,Autodestrucción,Pataleta,Poder Pasado,Defensa Férrea,Levitón,Capa Mágica,Cabeza de Hierro,Arenas Ardientes,Enfado,Tierra Viva,,,,,,,,,,,,,,,,,,,,,,,,,,,,,,,,,,,,,,,,,,,,,,,,,,,,,,,,,,,,,,,,,,,,,,,,,,,,,,,,,,,,,,
Burmy,412,412,0,Bicho,,Bug,Bug,Ningún objeto,Ningún objeto,Ningún objeto,Armadura Batalla,Mudar,Funda,40,20,45,45,45,30,1,Placaje,1,Picadura,1,Poder Oculto,1,Protección,20,Disparo Demora,,,,,,,,,,,,,,,,,,,,,,,,,,,,,,,,,,,,,,,,,,,,,,,,,,,,,,,,,,,,,,,,,,,,,,,,,,,,,,,,,,,,,,,,,,,Protección,,,,,,,,,,,,,,,,,,,,,,,,,,,,,,,,,,,,,,,,,,,,,,,,,,,,,,,,,,,,,,,,,,,,,,,,,,,,,,,,,,,,,,,,,,,,,,,,,,,,,,,,,,,,,,,,,,,,,,,,,,,,,,,,,,,,,,,,,,,,,,,,,,,,,,,,,,,,,,,,,,,,,,,,,,,,,,,,,,,,,,,,,,,,,,,,,,,,,,,,,,,,,,,,,,,,,,,,,,,,,,,,,,,,,,,,,,,,,,,,,,,,,,,,,,,,,,,Electrotela,,,,,,,,,,,,,,,,,,,,,,,,,,,,,,,,,,,,,,,,,,,,,,,,,,,,,,,,,,,,,,,,,,,,,,,,,,,,,,,,,,,,,,,,,,,,,,,,,,,
Wormadam,413,413,0,Bicho,Planta,Bug,Bug,Ningún objeto,Ningún objeto,Polvo Plata,Armadura Batalla,Anticipación,Funda,60,50,90,110,110,30,0,Danza Aleteo,1,Picadura,1,Placaje,1,Golpe Bajo,1,Poder Oculto,1,Danza Aleteo,18,Viento Plata,20,Disparo Demora,20,Hoja Afilada,23,Confusión,26,Zumbido,29,Desarrollo,32,Energibola,35,Acoso,35,Psicorrayo,38,Atracción,41,Psíquico,44,Azote,50,Lluevehojas,,,,,,,,,,,,,,,,,,,,,,,,,,,,,,,,,,,,,,,,,,,,,,,,,,,,,,,,,,,,,,,Tóxico,Semilladora,Día Soleado,Hiperrayo,Protección,Danza Lluvia,Gigadrenado,Velo Sagrado,Rayo Solar,Excavar,Psíquico,Bola Sombra,Doble Equipo,Atracción,Ladrón,Intercambio,Energibola,Zumbido,Gigaimpacto,Destello,Autosugestión,Brillo Mágico,Hierba Lazo,,,,,,,,,,,,,,,,,,,,,,,,,,,,,,,,,,,,,,,,,,,,,,,,,,,,,,,,,,,,,,,,,,,,,,,,,,,,,,,,,,,,,,,,,,,,,,,,,,,,,,,,,,,,,,,,,,,,,,,,,,,,,,,,,,,,,,,,,,,,,,,,,,,,,,,,,,,,,,,,,,,,,,,,,,,,,,,,,,,,,,,,,,,,,,,,,,,,,,,,,,,,,,,,,,,,,,,,,,,,,,,,,,,,,,,,,Ronquido,Terratemblor,Cambio de Banda,Electrotela,Abatidoras,Bofetón Lodo,Alboroto,Rayo Señal,Síntesis,Defensa Férrea,Levitón,Bomba Germen,Cabeza de Hierro,Golpe Bajo,Esfuerzo,Tierra Viva,Lanzamugre,,,,,,,,,,,,,,,,,,,,,,,,,,,,,,,,,,,,,,,,,,,,,,,,,,,,,,,,,,,,,,,,,,,,,,,,,,,,,,,,,,,
Mothim,414,414,0,Bicho,Volador,Bug,Bug,Ningún objeto,Ningún objeto,Polvo Plata,Cromolente,Enjambre,Velo Dulce,70,70,50,110,50,100,0,Danza Aleteo,1,Picadura,1,Placaje,1,Poder Oculto,1,Danza Aleteo,18,Viento Plata,20,Disparo Demora,20,Tornado,23,Confusión,26,Zumbido,29,Polvo Veneno,32,Aire Afilado,35,Respiro,35,Psicorrayo,38,Estoicismo,38,Tajo Aéreo,41,Psíquico,44,Azote,47,Plancha,50,Vendaval,50,Zumbido,,,,,,,,,,,,,,,,,,,,,,,,,,,,,,,,,,,,,,,,,,,,,,,,,,,,,,,,,,,Tóxico,Día Soleado,Hiperrayo,Protección,Danza Lluvia,Gigadrenado,Velo Sagrado,Rayo Solar,Psíquico,Bola Sombra,Doble Equipo,Golpe Aéreo,Atracción,Ladrón,Intercambio,Respiro,Energibola,Aguante,Zumbido,Gigaimpacto,Destello,Autosugestión,Brillo Mágico,Vendaval,Ida y Vuelta,Despejar,,,,,,,,,,,,,,,,,,,,,,,,,,,,,,,,,,,,,,,,,,,,,,,,,,,,,,,,,,,,,,,,,,,,,,,,,,,,,,,,,,,,,,,,,,,,,,,,,,,,,,,,,,,,,,,,,,,,,,,,,,,,,,,,,,,,,,,,,,,,,,,,,,,,,,,,,,,,,,,,,,,,,,,,,,,,,,,,,,,,,,,,,,,,,,,,,,,,,,,,,,,,,,,,,,,,,,,,,,,,,,,,,,,,,,Ronquido,Aire Afilado,Electrotela,Bofetón Lodo,Ala Bis,Rayo Señal,Viento Aciago,Viento Afín,Meteoros,Ciclón,,,,,,,,,,,,,,,,,,,,,,,,,,,,,,,,,,,,,,,,,,,,,,,,,,,,,,,,,,,,,,,,,,,,,,,,,,,,,,,,,,,,,,,,,,
Combee,415,415,0,Bicho,Volador,Bug,Bug,Ningún objeto,Ningún objeto,Miel,Entusiasmo,Recogemiel,Cobardía,30,30,42,30,42,70,1,Picadura,1,Estoicismo,1,Tornado,1,Dulce Aroma,,,,,,,,,,,,,,,,,,,,,,,,,,,,,,,,,,,,,,,,,,,,,,,,,,,,,,,,,,,,,,,,,,,,,,,,,,,,,,,,,,,,,,,,,,,,,Zumbido,,,,,,,,,,,,,,,,,,,,,,,,,,,,,,,,,,,,,,,,,,,,,,,,,,,,,,,,,,,,,,,,,,,,,,,,,,,,,,,,,,,,,,,,,,,,,,,,,,,,,,,,,,,,,,,,,,,,,,,,,,,,,,,,,,,,,,,,,,,,,,,,,,,,,,,,,,,,,,,,,,,,,,,,,,,,,,,,,,,,,,,,,,,,,,,,,,,,,,,,,,,,,,,,,,,,,,,,,,,,,,,,,,,,,,,,,,,,,,,,,,,,,,,,,,,,,,,Ronquido,Aire Afilado,Bofetón Lodo,Ala Bis,Viento Aciago,Viento Afín,Meteoros,Esfuerzo,,,,,,,,,,,,,,,,,,,,,,,,,,,,,,,,,,,,,,,,,,,,,,,,,,,,,,,,,,,,,,,,,,,,,,,,,,,,,,,,,,,,,,,,,,,,
Vespiquen,416,416,0,Bicho,Volador,Bug,Bug,Ningún objeto,Ningún objeto,Flecha Venenosa,Intimidación,Presión,Regia Presencia,96,80,102,80,102,40,0,Cuchillada,1,Rayo Confuso,1,Picotazo Veneno,1,Tornado,1,Dulce Aroma,1,Picadura,1,Estoicismo,1,Cuchillada,5,Corte Furia,8,Niebla Aromática,12,Aguijón Letal,13,Golpes Furia,17,Cuchillada,18,Viento Plata,21,A Defender,21,Al Ataque,24,Aromaterapia,25,Tajo Aéreo,29,Tóxico,29,Auxilio,33,Joya de Luz,41,Contoneo,45,Viento Afín,49,Mismo Destino,,,,,,,,,,,,,,,,,,,,,,,,,,,,,,,,,,,,,,,,,,,,,,,,,,,,,Tóxico,Día Soleado,Hiperrayo,Protección,Danza Lluvia,Doble Equipo,Bomba Lodo,Golpe Aéreo,Atracción,Ladrón,Respiro,Lanzamiento,Aguante,Zumbido,Gigaimpacto,Destello,Tijera X,Vendaval,Ida y Vuelta,Corte,Vuelo,Despejar,,,,,,,,,,,,,,,,,,,,,,,,,,,,,,,,,,,,,,,,,,,,,,,,,,,,,,,,,,,,,,,,,,,,,,,,,,,,,,,,,,,,,,,,,,,,,,,,,,,,,,,,,,,,,,,,,,,,,,,,,,,,,,,,,,,,,,,,,,,,,,,,,,,,,,,,,,,,,,,,,,,,,,,,,,,,,,,,,,,,,,,,,,,,,,,,,,,,,,,,,,,,,,,,,,,,,,,,,,,,,,,,,,,,,,,,,,Ronquido,Aire Afilado,Bofetón Lodo,Ala Bis,Aguzar,Corte Furia,Rayo Señal,Viento Aciago,Sísmico,Viento Afín,Meteoros,Esfuerzo,,,,,,,,,,,,,,,,,,,,,,,,,,,,,,,,,,,,,,,,,,,,,,,,,,,,,,,,,,,,,,,,,,,,,,,,,,,,,,,,,,,,,,,,
Pachirisu,417,417,0,Eléctrico,,Field,Fairy,Ningún objeto,Ningún objeto,Ningún objeto,Absorbe Elec,Bromista,Electrogénesis,60,45,80,80,90,95,1,Ojitos Tiernos,1,Gruñido,5,Ataque Rápido,9,Encanto,13,Chispa,15,Aguante,17,Rayo Carga,19,Moflete Estático,23,Meteoros,25,Chispazo,25,Bola Voltio,27,Alboroto,29,Beso Dulce,33,Onda Trueno,35,Rayo,37,Llanto Falso,39,Superdiente,43,Trueno,45,Última Baza,49,Hipercolmillo,,,,,,,,,,,,,,,,,,,,,,,,,,,,,,,,,,,,,,,,,,,,,,,,,,,,,,,,,,,,,Tóxico,Pantalla de Luz,Protección,Danza Lluvia,Cola Férrea,Rayo,Trueno,Excavar,Doble Equipo,Onda Voltio,Voltiocambio,Atracción,Lanzamiento,Voltio Cruel,Destello,Onda Trueno,Hierba Lazo,Ida y Vuelta,Corte,,,,,,,,,,,,,,,,,,,,,,,,,,,,,,,,,,,,,,,,,,,,,,,,,,,,,,,,,,,,,,,,,,,,,,,,,,,,,,,,,,,,,,,,,,,,,,,,,,,,,,,,,,,,,,,,,,,,,,,,,,,,,,,,,,,,,,,,,Antojo,Mordisco,Llanto Falso,Rizo Defensa,Rodar,Camelo,Azote,Látigo,Señuelo,Carga,Ojitos Tiernos,,,,,,,,,,,,,,,,,,,,,,,,,,,,,,,,,,,,,,,,,,,,,,,,,,,,,,,,,,,,,,,,,,,,,,,,,,,,,,,,,,,,,,,,,,Ronquido,Antojo,Rodar,Electrotela,Bofetón Lodo,Aguzar,Alboroto,Puño Trueno,Levitón,Bomba Germen,Meteoros,Electrocañón,Última Baza,Superdiente,Lanzamugre,,,,,,,,,,,,,,,,,,,,,,,,,,,,,,,,,,,,,,,,,,,,,,,,,,,,,,,,,,,,,,,,,,,,,,,,,,,,,,,,,,,,,
Buizel,418,418,0,Agua,,Water 1,Field,Ningún objeto,Ningún objeto,Ningún objeto,Nado Rápido,Velo Agua,Hélice Caudal,55,65,35,60,30,85,1,Placaje,4,Gruñido,7,Látigo,7,Pistola Agua,10,Ataque Rápido,16,Acua Jet,18,Mordisco,22,Meteoros,25,Acua Cola,28,Doble Golpe,31,Torbellino,35,Cascada,35,Viento Cortante,37,Agilidad,43,Hidrobomba,,,,,,,,,,,,,,,,,,,,,,,,,,,,,,,,,,,,,,,,,,,,,,,,,,,,,,,,,,,,,,,,,,,,,,,Puño Certero,Hidropulso,Tóxico,Granizo,Corpulencia,Rayo Hielo,Ventisca,Protección,Danza Lluvia,Cola Férrea,Excavar,Demolición,Doble Equipo,Tumba Rocas,Atracción,Salmuera,Escaldar,Surf,Fuerza,Golpe Roca,Cascada,,,,,,,,,,,,,,,,,,,,,,,,,,,,,,,,,,,,,,,,,,,,,,,,,,,,,,,,,,,,,,,,,,,,,,,,,,,,,,,,,,,,,,,,,,,,,,,,,,,,,,,,,,,,,,,,,,,,,,,,,,,,,,,,,,,,,,,Bofetón Lodo,Golpe Cabeza,Golpes Furia,Cuchillada,Corte Furia,Relevo,Acua Cola,Acua Aro,Trapicheo,Empapar,Refuerzo,Doble Bofetón,,,,,,,,,,,,,,,,,,,,,,,,,,,,,,,,,,,,,,,,,,,,,,,,,,,,,,,,,,,,,,,,,,,,,,,,,,,,,,,,,,,,,,,,,Ronquido,Bofetón Lodo,Puño Hielo,Sísmico,Buceo,Meteoros,Acua Cola,Puño Incremento,Viento Hielo,,,,,,,,,,,,,,,,,,,,,,,,,,,,,,,,,,,,,,,,,,,,,,,,,,,,,,,,,,,,,,,,,,,,,,,,,,,,,,,,,,,,,,,,,,,
Floatzel,419,419,0,Agua,,Water 1,Field,Ningún objeto,Ningún objeto,Ningún objeto,Nado Rápido,Velo Agua,Hélice Caudal,85,105,55,85,50,115,1,Ataque Rápido,1,Gruñido,1,Placaje,4,Gruñido,7,Látigo,7,Pistola Agua,10,Ataque Rápido,16,Acua Jet,18,Mordisco,22,Meteoros,25,Acua Cola,26,Triturar,29,Doble Golpe,33,Colmillo Hielo,35,Torbellino,41,Cascada,41,Viento Cortante,41,Agilidad,49,Hidrobomba,,,,,,,,,,,,,,,,,,,,,,,,,,,,,,,,,,,,,,,,,,,,,,,,,,,,,,,,,,,,,,,Puño Certero,Hidropulso,Rugido,Tóxico,Granizo,Corpulencia,Mofa,Rayo Hielo,Ventisca,Hiperrayo,Protección,Danza Lluvia,Cola Férrea,Excavar,Demolición,Doble Equipo,Tumba Rocas,Tormento,Atracción,Salmuera,Onda Certera,Escaldar,Vendetta,Gigaimpacto,Surf,Fuerza,Golpe Roca,Cascada,,,,,,,,,,,,,,,,,,,,,,,,,,,,,,,,,,,,,,,,,,,,,,,,,,,,,,,,,,,,,,,,,,,,,,,,,,,,,,,,,,,,,,,,,,,,,,,,,,,,,,,,,,,,,,,,,,,,,,,,,,,,,,,,Bofetón Lodo,Golpe Cabeza,Golpes Furia,Cuchillada,Corte Furia,Relevo,Acua Cola,Acua Aro,Trapicheo,Empapar,Refuerzo,Doble Bofetón,,,,,,,,,,,,,,,,,,,,,,,,,,,,,,,,,,,,,,,,,,,,,,,,,,,,,,,,,,,,,,,,,,,,,,,,,,,,,,,,,,,,,,,,,Ronquido,Bofetón Lodo,Puño Hielo,Sísmico,Buceo,Meteoros,Patada Baja,Acua Cola,Puño Incremento,Viento Hielo,Hidroariete,,,,,,,,,,,,,,,,,,,,,,,,,,,,,,,,,,,,,,,,,,,,,,,,,,,,,,,,,,,,,,,,,,,,,,,,,,,,,,,,,,,,,,,,,
Cherubi,420,420,0,Planta,,Fairy,Grass,Ningún objeto,Ningún objeto,Semilla Milagro,Clorofila,Clorofila,Clorofila,45,35,45,62,53,35,1,Placaje,1,Sol Matinal,5,Follaje,7,Desarrollo,10,Drenadoras,13,Refuerzo,16,Hoja Mágica,19,Abatidoras,22,Día Soleado,25,Gigadrenado,28,Derribo,31,Tormenta Floral,34,Energibola,40,Deseo Cura,43,Rayo Solar,,,,,,,,,,,,,,,,,,,,,,,,,,,,,,,,,,,,,,,,,,,,,,,,,,,,,,,,,,,,,,,,,,,,,,,Tóxico,Semilladora,Día Soleado,Protección,Gigadrenado,Velo Sagrado,Comesueños,Rayo Solar,Doble Equipo,Atracción,Energibola,Destello,Danza Espada,Hierba Lazo,,,,,,,,,,,,,,,,,,,,,,,,,,,,,,,,,,,,,,,,,,,,,,,,,,,,,,,,,,,,,,,,,,,,,,,,,,,,,,,,,,,,,,,,,,,,,,,,,,,,,,,,,,,,,,,,,,,,,,,,,,,,,,,,,,,,,,,,,,,,,,Hoja Afilada,Dulce Aroma,Cosquillas,Adaptación,Aromaterapia,Pulso Cura,Deseo Cura,Rizo Defensa,Defensa Floral,Rodar,Meteorobola,Bomba Germen,Campo de Hierba,Silbato,,,,,,,,,,,,,,,,,,,,,,,,,,,,,,,,,,,,,,,,,,,,,,,,,,,,,,,,,,,,,,,,,,,,,,,,,,,,,,,,,,,,,,,Ronquido,Refuerzo,Rodar,Abatidoras,Síntesis,Bomba Germen,,,,,,,,,,,,,,,,,,,,,,,,,,,,,,,,,,,,,,,,,,,,,,,,,,,,,,,,,,,,,,,,,,,,,,,,,,,,,,,,,,,,,,,,,,,,,,
Cherrim,421,421,0,Planta,,Fairy,Grass,Ningún objeto,Ningún objeto,Semilla Milagro,Don Floral,Don Floral,Don Floral,70,45,70,107,83,90,0,Día Soleado,1,Follaje,1,Placaje,1,Sol Matinal,1,Defensa Floral,1,Meteorobola,7,Desarrollo,10,Drenadoras,13,Refuerzo,16,Hoja Mágica,19,Abatidoras,22,Día Soleado,25,Danza Pétalo,26,Gigadrenado,30,Derribo,38,Tormenta Floral,41,Energibola,46,Deseo Cura,50,Rayo Solar,,,,,,,,,,,,,,,,,,,,,,,,,,,,,,,,,,,,,,,,,,,,,,,,,,,,,,,,,,,,,,,Tóxico,Semilladora,Día Soleado,Hiperrayo,Protección,Gigadrenado,Velo Sagrado,Comesueños,Rayo Solar,Doble Equipo,Atracción,Energibola,Gigaimpacto,Destello,Danza Espada,Hierba Lazo,,,,,,,,,,,,,,,,,,,,,,,,,,,,,,,,,,,,,,,,,,,,,,,,,,,,,,,,,,,,,,,,,,,,,,,,,,,,,,,,,,,,,,,,,,,,,,,,,,,,,,,,,,,,,,,,,,,,,,,,,,,,,,,,,,,,,,,,,,,,Hoja Afilada,Dulce Aroma,Cosquillas,Adaptación,Aromaterapia,Pulso Cura,Deseo Cura,Rizo Defensa,Defensa Floral,Rodar,Meteorobola,Bomba Germen,Campo de Hierba,Silbato,,,,,,,,,,,,,,,,,,,,,,,,,,,,,,,,,,,,,,,,,,,,,,,,,,,,,,,,,,,,,,,,,,,,,,,,,,,,,,,,,,,,,,,Ronquido,Refuerzo,Rodar,Abatidoras,Aguzar,Síntesis,Bomba Germen,,,,,,,,,,,,,,,,,,,,,,,,,,,,,,,,,,,,,,,,,,,,,,,,,,,,,,,,,,,,,,,,,,,,,,,,,,,,,,,,,,,,,,,,,,,,,
Shellos,422,422,0,Agua,,Water 1,Amorphous,Ningún objeto,Ningún objeto,Ningún objeto,Viscosidad,Colector,Poder Arena,76,48,48,57,62,34,1,Bofetón Lodo,1,Pistola Agua,7,Fortaleza,10,Hidropulso,13,Bomba Fango,16,Poder Oculto,19,Residuos,20,Poder Pasado,22,Torbellino,25,Danza Lluvia,28,Tierra Viva,31,Agua Lodosa,34,Golpe Cuerpo,37,Contraataque,37,Manto Espejo,40,Amnesia,40,Armadura Ácida,43,Recuperación,45,Legado,,,,,,,,,,,,,,,,,,,,,,,,,,,,,,,,,,,,,,,,,,,,,,,,,,,,,,,,,,,,,,,Hidropulso,Tóxico,Granizo,Rayo Hielo,Ventisca,Protección,Danza Lluvia,Doble Equipo,Atracción,Salmuera,Escaldar,Surf,,,,,,,,,,,,,,,,,,,,,,,,,,,,,,,,,,,,,,,,,,,,,,,,,,,,,,,,,,,,,,,,,,,,,,,,,,,,,,,,,,,,,,,,,,,,,,,,,,,,,,,,,,,,,,,,,,,,,,,,,,,,,,,,,,,,,,,,,,,,,,,,Contraataque,Manto Espejo,Reserva,Tragar,Escupir,Bostezo,Maldición,Residuos,Niebla Clara,Neblina,Armadura Ácida,Legado,Amnesia,Fisura,,,,,,,,,,,,,,,,,,,,,,,,,,,,,,,,,,,,,,,,,,,,,,,,,,,,,,,,,,,,,,,,,,,,,,,,,,,,,,,,,,,,,,,Ronquido,Bofetón Lodo,Poder Pasado,Buceo,Divide Dolor,Viento Hielo,Tierra Viva,,,,,,,,,,,,,,,,,,,,,,,,,,,,,,,,,,,,,,,,,,,,,,,,,,,,,,,,,,,,,,,,,,,,,,,,,,,,,,,,,,,,,,,,,,,,,
Gastrodon,423,423,0,Agua,Tierra,Water 1,Amorphous,Ningún objeto,Ningún objeto,Ningún objeto,Viscosidad,Colector,Poder Arena,111,83,68,92,82,39,1,Recuperación,1,Fortaleza,1,Bofetón Lodo,1,Pistola Agua,7,Fortaleza,10,Hidropulso,13,Bomba Fango,16,Poder Oculto,19,Residuos,20,Poder Pasado,22,Torbellino,25,Danza Lluvia,28,Tierra Viva,30,Bomba Lodo,32,Agua Lodosa,36,Golpe Cuerpo,40,Contraataque,40,Manto Espejo,44,Amnesia,44,Armadura Ácida,48,Recuperación,53,Legado,,,,,,,,,,,,,,,,,,,,,,,,,,,,,,,,,,,,,,,,,,,,,,,,,,,,,,,,,Hidropulso,Tóxico,Granizo,Rayo Hielo,Ventisca,Hiperrayo,Protección,Danza Lluvia,Terremoto,Excavar,Doble Equipo,Bomba Lodo,Tormenta Arena,Tumba Rocas,Atracción,Salmuera,Escaldar,Gigaimpacto,Destello,Roca Afilada,Avalancha,Vozarrón,Surf,Fuerza,Golpe Roca,Cascada,,,,,,,,,,,,,,,,,,,,,,,,,,,,,,,,,,,,,,,,,,,,,,,,,,,,,,,,,,,,,,,,,,,,,,,,,,,,,,,,,,,,,,,,,,,,,,,,,,,,,,,,,,,,,,,,,,,,,,,,,,,,,,,,,,Contraataque,Manto Espejo,Reserva,Tragar,Escupir,Bostezo,Maldición,Residuos,Niebla Clara,Neblina,Armadura Ácida,Legado,Amnesia,Fisura,,,,,,,,,,,,,,,,,,,,,,,,,,,,,,,,,,,,,,,,,,,,,,,,,,,,,,,,,,,,,,,,,,,,,,,,,,,,,,,,,,,,,,,Ronquido,Terratemblor,Bofetón Lodo,Bloqueo,Pataleta,Poder Pasado,Buceo,Divide Dolor,Viento Hielo,Tierra Viva,,,,,,,,,,,,,,,,,,,,,,,,,,,,,,,,,,,,,,,,,,,,,,,,,,,,,,,,,,,,,,,,,,,,,,,,,,,,,,,,,,,,,,,,,,
Ambipom,424,424,0,Normal,,Field,Field,Ningún objeto,Ningún objeto,Ningún objeto,Experto,Recogida,Encadenado,75,100,66,90,66,115,1,Ataque Arena,1,Látigo,1,Arañazo,1,Golpe Bis,5,Impresionar,8,Cosquillas,11,Relevo,17,Golpes Furia,18,Bomba Fango,20,Antojo,23,Meteoros,26,Chirrido,29,Agilidad,32,Doble Golpe,35,Sorpresa,38,Lanzamiento,41,Bote,44,Maquinación,47,Trapicheo,50,Última Baza,,,,,,,,,,,,,,,,,,,,,,,,,,,,,,,,,,,,,,,,,,,,,,,,,,,,,,,,,,,,,Puño Certero,Hidropulso,Tóxico,Poder Oculto,Día Soleado,Mofa,Hiperrayo,Protección,Danza Lluvia,Rayo Solar,Cola Férrea,Rayo,Trueno,Puntapié,Excavar,Bola Sombra,Demolición,Doble Equipo,Onda Voltio,Golpe Aéreo,Atracción,Ladrón,Lanzamiento,Maquinación,Garra Umbría,Vendetta,Gigaimpacto,Onda Trueno,Brillo Mágico,Hierba Lazo,Ida y Vuelta,Corte,Fuerza,Golpe Roca,,,,,,,,,,,,,,,,,,,,,,,,,,,,,,,,,,,,,,,,,,,,,,,,,,,,,,,,,,,,,,,,,,,,,,,,,,,,,,,,,,,,,,,,,,,,,,,,,,,,,,,,,,,,,,,,,,,,,,,,,,Contraataque,Chirrido,Agilidad,Rencor,Atizar,Paliza,Sorpresa,Antojo,Bote,Desquite,Trapicheo,Anticipo,Doble Bofetón,,,,,,,,,,,,,,,,,,,,,,,,,,,,,,,,,,,,,,,,,,,,,,,,,,,,,,,,,,,,,,,,,,,,,,,,,,,,,,,,,,,,,,,,Ronquido,Antojo,Bofetón Lodo,Aguzar,Corte Furia,Rencor,Alboroto,Puño Fuego,Puño Hielo,Puño Trueno,Sísmico,Bote,Imitación,Bomba Germen,Meteoros,Patada Baja,Puño Incremento,Desarme,Electrocañón,Última Baza,Juego Sucio,Lanzamugre,,,,,,,,,,,,,,,,,,,,,,,,,,,,,,,,,,,,,,,,,,,,,,,,,,,,,,,,,,,,,,,,,,,,,,,,,,,,,,
Drifloon,425,425,0,Fantasma,Volador,Amorphous,Amorphous,Ningún objeto,Ningún objeto,Ningún objeto,Liviano,Detonación,Ímpetu Ardiente,90,50,34,60,44,70,1,Impresionar,1,Restricción,4,Reducción,7,Tornado,10,Foco Energía,13,Vendetta,16,Infortunio,19,Aire Afilado,20,Viento Aciago,22,Escupir,22,Tragar,22,Reserva,25,Bola Sombra,28,Amnesia,29,Autodestrucción,31,Tajo Aéreo,32,Mismo Destino,34,Hipnosis,37,Relevo,40,Meteorobola,40,Viento Afín,43,Vendaval,46,Explosión,56,Absorbefuerza,,,,,,,,,,,,,,,,,,,,,,,,,,,,,,,,,,,,,,,,,,,,,,,,,,,,,Paz Mental,Tóxico,Día Soleado,Protección,Danza Lluvia,Rayo,Trueno,Psíquico,Bola Sombra,Doble Equipo,Onda Voltio,Atracción,Ladrón,Intercambio,Voltio Cruel,Aguante,Fuego Fatuo,Explosión,Vendetta,Reciclaje,Destello,Onda Trueno,Giro Bola,Autosugestión,Brillo Mágico,Vendaval,Corte,Despejar,,,,,,,,,,,,,,,,,,,,,,,,,,,,,,,,,,,,,,,,,,,,,,,,,,,,,,,,,,,,,,,,,,,,,,,,,,,,,,,,,,,,,,,,,,,,,,,,,,,,,,,,,,,,,,,,,,,,,,,,,,,,,,,,Legado,Anulación,Niebla,Hipnosis,Niebla Clara,Golpe Cuerpo,Mismo Destino,Meteorobola,Viento Afín,,,,,,,,,,,,,,,,,,,,,,,,,,,,,,,,,,,,,,,,,,,,,,,,,,,,,,,,,,,,,,,,,,,,,,,,,,,,,,,,,,,,,,,,,,,,Ronquido,Atadura,Cambio de Banda,Aire Afilado,Rodar,Bofetón Lodo,Autodestrucción,Rencor,Viento Aciago,Sísmico,Viento Afín,Capa Mágica,Divide Dolor,Meteoros,Truco,Viento Hielo,Desarme,Golpe Bajo,,,,,,,,,,,,,,,,,,,,,,,,,,,,,,,,,,,,,,,,,,,,,,,,,,,,,,,,,,,,,,,,,,,,,,,,,,,,,,,,,,
Drifblim,426,426,0,Fantasma,Volador,Amorphous,Amorphous,Ningún objeto,Ningún objeto,Ningún objeto,Liviano,Detonación,Ímpetu Ardiente,150,80,54,90,54,80,0,Golpe Fantasma,1,Impresionar,1,Golpe Fantasma,1,Mismo Destino,1,Restricción,4,Reducción,7,Tornado,10,Foco Energía,13,Vendetta,16,Infortunio,19,Aire Afilado,20,Viento Aciago,22,Reserva,22,Tragar,22,Escupir,25,Bola Sombra,29,Amnesia,31,Autodestrucción,33,Tajo Aéreo,37,Hipnosis,41,Relevo,45,Meteorobola,48,Viento Afín,49,Vendaval,53,Explosión,63,Absorbefuerza,,,,,,,,,,,,,,,,,,,,,,,,,,,,,,,,,,,,,,,,,,,,,,,,,Paz Mental,Tóxico,Día Soleado,Hiperrayo,Protección,Danza Lluvia,Rayo,Trueno,Psíquico,Bola Sombra,Doble Equipo,Onda Voltio,Lanzallamas,Atracción,Ladrón,Intercambio,Voltio Cruel,Aguante,Fuego Fatuo,Explosión,Vendetta,Reciclaje,Gigaimpacto,Destello,Onda Trueno,Giro Bola,Autosugestión,Brillo Mágico,Vendaval,Corte,Vuelo,Despejar,,,,,,,,,,,,,,,,,,,,,,,,,,,,,,,,,,,,,,,,,,,,,,,,,,,,,,,,,,,,,,,,,,,,,,,,,,,,,,,,,,,,,,,,,,,,,,,,,,,,,,,,,,,,,,,,,,,,,,,,,,,,Legado,Anulación,Niebla,Hipnosis,Niebla Clara,Golpe Cuerpo,Mismo Destino,Meteorobola,Viento Afín,,,,,,,,,,,,,,,,,,,,,,,,,,,,,,,,,,,,,,,,,,,,,,,,,,,,,,,,,,,,,,,,,,,,,,,,,,,,,,,,,,,,,,,,,,,,Ronquido,Atadura,Cambio de Banda,Aire Afilado,Rodar,Bofetón Lodo,Autodestrucción,Rencor,Viento Aciago,Sísmico,Viento Afín,Capa Mágica,Divide Dolor,Meteoros,Truco,Viento Hielo,Desarme,Golpe Bajo,,,,,,,,,,,,,,,,,,,,,,,,,,,,,,,,,,,,,,,,,,,,,,,,,,,,,,,,,,,,,,,,,,,,,,,,,,,,,,,,,,
Buneary,427,427,0,Normal,,Field,Human-Like,Ningún objeto,Ningún objeto,Ningún objeto,Flexibilidad,Fuga,Adaptable,55,66,44,44,56,85,1,Destructor,1,Salpicadura,1,Rizo Defensa,1,Frustración,7,Aguante,8,Ojitos Tiernos,10,Ataque Rápido,12,Cede Paso,19,Sorpresa,20,Doble Patada,22,Relevo,25,Patada Salto,28,Agilidad,31,Trapicheo,32,Golpe Cabeza,34,Encanto,36,Puño Mareo,37,Azote,40,Bote,40,Danza Amiga,43,Puño Certero,44,Camelo,46,Deseo Cura,,,,,,,,,,,,,,,,,,,,,,,,,,,,,,,,,,,,,,,,,,,,,,,,,,,,,,,Puño Certero,Hidropulso,Tóxico,Poder Oculto,Día Soleado,Rayo Hielo,Protección,Danza Lluvia,Rayo Solar,Cola Férrea,Rayo,Puntapié,Excavar,Bola Sombra,Doble Equipo,Onda Voltio,Descanso,Atracción,Lanzamiento,Voltio Cruel,Puño Drenaje,Vendetta,Onda Trueno,Hierba Lazo,Corte,Golpe Roca,,,,,,,,,,,,,,,,,,,,,,,,,,,,,,,,,,,,,,,,,,,,,,,,,,,,,,,,,,,,,,,,,,,,,,,,,,,,,,,,,,,,,,,,,,,,,,,,,,,,,,,,,,,,,,,,,,,,,,,,,,,,,,,,,,Llave Giro,Copión,Doble Golpe,Sorpresa,Azote,Beso Dulce,Trapicheo,Danza Caos,Llanto Falso,Otra Vez,Patada Baja,Puño Trueno,Puño Hielo,Puño Fuego,Masa Cósmica,Puño Incremento,Gancho Alto,,,,,,,,,,,,,,,,,,,,,,,,,,,,,,,,,,,,,,,,,,,,,,,,,,,,,,,,,,,,,,,,,,,,,,,,,,,,,,,,,,,,Ronquido,Refuerzo,Antojo,Cede Paso,Bofetón Lodo,Cascabel Cura,Alboroto,Puño Fuego,Puño Hielo,Puño Trueno,Sísmico,Bote,Capa Mágica,Meteoros,Patada Baja,Puño Incremento,Última Baza,Esfuerzo,,,,,,,,,,,,,,,,,,,,,,,,,,,,,,,,,,,,,,,,,,,,,,,,,,,,,,,,,,,,,,,,,,,,,,,,,,,,,,,,,,
Lopunny,428,428,0,Normal,Lucha,Field,Human-Like,Ningún objeto,Ningún objeto,Ningún objeto,Intrépido,Gran Encanto,Adaptable,65,106,84,44,96,105,0,Retribución,1,Ojitos Tiernos,1,Rizo Defensa,1,Destructor,1,Salpicadura,1,Capa Mágica,1,Manto Espejo,1,Patada Ígnea,1,Megapatada,1,Retribución,7,Aguante,10,Ataque Rápido,12,Cede Paso,19,Sorpresa,20,Doble Patada,22,Relevo,25,Patada Salto,28,Agilidad,31,Trapicheo,32,Golpe Cabeza,34,Encanto,36,Puño Mareo,37,Azote,40,Bote,40,Danza Amiga,43,Puño Certero,44,Camelo,46,Deseo Cura,49,Pat. Salto Alta,,,,,,,,,,,,,,,,,,,,,,,,,,,,,,,,,,,,,,,,,,,Puño Certero,Hidropulso,Tóxico,Poder Oculto,Día Soleado,Rayo Hielo,Ventisca,Hiperrayo,Protección,Danza Lluvia,Rayo Solar,Cola Férrea,Rayo,Trueno,Puntapié,Excavar,Bola Sombra,Doble Equipo,Onda Voltio,Descanso,Atracción,Onda Certera,Lanzamiento,Voltio Cruel,Puño Drenaje,Vendetta,Gigaimpacto,Onda Trueno,Hierba Lazo,Ida y Vuelta,Corte,Fuerza,Golpe Roca,,,,,,,,,,,,,,,,,,,,,,,,,,,,,,,,,,,,,,,,,,,,,,,,,,,,,,,,,,,,,,,,,,,,,,,,,,,,,,,,,,,,,,,,,,,,,,,,,,,,,,,,,,,,,,,,,,,,,,,,,,,Llave Giro,Copión,Doble Golpe,Sorpresa,Azote,Beso Dulce,Trapicheo,Danza Caos,Llanto Falso,Otra Vez,Patada Baja,Puño Trueno,Puño Hielo,Puño Fuego,Masa Cósmica,Puño Incremento,Gancho Alto,,,,,,,,,,,,,,,,,,,,,,,,,,,,,,,,,,,,,,,,,,,,,,,,,,,,,,,,,,,,,,,,,,,,,,,,,,,,,,,,,,,,Ronquido,Refuerzo,Antojo,Cede Paso,Bofetón Lodo,Aguzar,Corte Furia,Cascabel Cura,Alboroto,Puño Fuego,Puño Hielo,Puño Trueno,Sísmico,Bote,Capa Mágica,Meteoros,Patada Baja,Puño Incremento,Última Baza,Esfuerzo,,,,,,,,,,,,,,,,,,,,,,,,,,,,,,,,,,,,,,,,,,,,,,,,,,,,,,,,,,,,,,,,,,,,,,,,,,,,,,,,
Mismagius,429,429,0,Fantasma,Hada,Amorphous,Amorphous,Ningún objeto,Ningún objeto,Ningún objeto,Levitación,Levitación,Bromista,60,60,60,105,105,105,1,Confusión,1,Gruñido,1,Vendetta,5,Rencor,10,Impresionar,15,Sombra Vil,15,Infortunio,20,Psicorrayo,25,Rayo Confuso,25,Beso Drenaje,30,Divide Dolor,35,Bola Sombra,35,Llama Embrujada,40,Mal de Ojo,45,Canto Mortal,45,Joya de Luz,50,Fuerza Lunar,55,Hipnosis,55,Rabia,60,Mismo Destino,65,Vozarrón,,,,,,,,,,,,,,,,,,,,,,,,,,,,,,,,,,,,,,,,,,,,,,,,,,,,,,,,,,,Paz Mental,Tóxico,Día Soleado,Mofa,Hiperrayo,Protección,Danza Lluvia,Comesueños,Rayo,Trueno,Psíquico,Bola Sombra,Doble Equipo,Onda Voltio,Golpe Aéreo,Tormento,Atracción,Ladrón,Intercambio,Energibola,Voltio Cruel,Fuego Fatuo,Maquinación,Vendetta,Gigaimpacto,Destello,Onda Trueno,Autosugestión,Pulso Umbrío,Brillo Mágico,Espacio Raro,,,,,,,,,,,,,,,,,,,,,,,,,,,,,,,,,,,,,,,,,,,,,,,,,,,,,,,,,,,,,,,,,,,,,,,,,,,,,,,,,,,,,,,,,,,,,,,,,,,,,,,,,,,,,,,,,,,,,,,,,,,,,Chirrido,Mismo Destino,Sellar,Legado,Golpe Bajo,Sombra Vil,Maldición,Rencor,Zona Extraña,Viento Aciago,,,,,,,,,,,,,,,,,,,,,,,,,,,,,,,,,,,,,,,,,,,,,,,,,,,,,,,,,,,,,,,,,,,,,,,,,,,,,,,,,,,,,,,,,,,Ronquido,Cambio de Banda,Aguzar,Rencor,Alboroto,Viento Aciago,Zona Mágica,Zona Extraña,Capa Mágica,Divide Dolor,Meteoros,Truco,Viento Hielo,Golpe Bajo,Electrocañón,Juego Sucio,,,,,,,,,,,,,,,,,,,,,,,,,,,,,,,,,,,,,,,,,,,,,,,,,,,,,,,,,,,,,,,,,,,,,,,,,,,,,,,,,,,,
Honchkrow,430,430,0,Siniestro,Volador,Flying,Flying,Ningún objeto,Ningún objeto,Ningún objeto,Afortunado,Insomnio,Autoestima,100,125,52,115,52,71,1,Impresionar,1,Picotazo,1,Tajo Umbrío,5,Tornado,10,Niebla,15,Ataque Ala,20,Buena Baza,20,Tinieblas,25,Mofa,30,Mal de Ojo,35,Golpe Bajo,40,Viento Afín,40,Aire Afilado,41,Tajo Umbrío,45,Finta,50,Pulso Umbrío,50,Tormento,55,Pájaro Osado,60,Juego Sucio,60,Onda Ígnea,65,Último Lugar,65,Último Lugar,,,,,,,,,,,,,,,,,,,,,,,,,,,,,,,,,,,,,,,,,,,,,,,,,,,,,,,,,Paz Mental,Tóxico,Día Soleado,Mofa,Hiperrayo,Protección,Danza Lluvia,Psíquico,Bola Sombra,Doble Equipo,Golpe Aéreo,Tormento,Atracción,Ladrón,Ala de Acero,Respiro,Aguante,Maquinación,Vendetta,Gigaimpacto,Onda Trueno,Autosugestión,Alarido,Pulso Umbrío,Brillo Mágico,Vendaval,Vuelo,Despejar,,,,,,,,,,,,,,,,,,,,,,,,,,,,,,,,,,,,,,,,,,,,,,,,,,,,,,,,,,,,,,,,,,,,,,,,,,,,,,,,,,,,,,,,,,,,,,,,,,,,,,,,,,,,,,,,,,,,,,,,,,,,,,,,Remolino,Pico Taladro,Ataque Ala,Ataque Aéreo,Rayo Confuso,Danza Pluma,Canto Mortal,Psicocambio,Chirrido,Pájaro Osado,Buena Baza,Camelo,Finta,,,,,,,,,,,,,,,,,,,,,,,,,,,,,,,,,,,,,,,,,,,,,,,,,,,,,,,,,,,,,,,,,,,,,,,,,,,,,,,,,,,,,,,,Ronquido,Aire Afilado,Bofetón Lodo,Rencor,Alboroto,Viento Aciago,Ataque Aéreo,Viento Afín,Meteoros,Taladradora,Viento Hielo,Onda Ígnea,Fuerza Bruta,Golpe Bajo,Juego Sucio,Ciclón,,,,,,,,,,,,,,,,,,,,,,,,,,,,,,,,,,,,,,,,,,,,,,,,,,,,,,,,,,,,,,,,,,,,,,,,,,,,,,,,,,,,
Glameow,431,431,0,Normal,,Field,Field,Ningún objeto,Ningún objeto,Ningún objeto,Flexibilidad,Vista Lince,Gran Encanto,50,65,45,45,40,90,1,Sorpresa,1,Ataque Rápido,1,Arañazo,1,Gruñido,7,Golpes Furia,10,Hipnosis,13,Antojo,17,Golpe Aéreo,17,Finta,19,Encanto,22,Cuchillada,28,Desarme,29,Mofa,32,Represalia,37,Carantoña,40,Atracción,43,Golpe Bajo,46,Azote,48,Afilagarras,49,Última Baza,,,,,,,,,,,,,,,,,,,,,,,,,,,,,,,,,,,,,,,,,,,,,,,,,,,,,,,,,,,,,Hidropulso,Tóxico,Poder Oculto,Día Soleado,Mofa,Protección,Danza Lluvia,Cola Férrea,Rayo,Trueno,Excavar,Bola Sombra,Doble Equipo,Onda Voltio,Golpe Aéreo,Tormento,Atracción,Ladrón,Garra Umbría,Vendetta,Destello,Autosugestión,Brillo Mágico,Ida y Vuelta,Corte,,,,,,,,,,,,,,,,,,,,,,,,,,,,,,,,,,,,,,,,,,,,,,,,,,,,,,,,,,,,,,,,,,,,,,,,,,,,,,,,,,,,,,,,,,,,,,,,,,,,,,,,,,,,,,,,,,,,,,,,,,,,,,,,,,,Mordisco,Látigo,Ataque Rápido,Ataque Arena,Llanto Falso,Buena Baza,Azote,Última Baza,,,,,,,,,,,,,,,,,,,,,,,,,,,,,,,,,,,,,,,,,,,,,,,,,,,,,,,,,,,,,,,,,,,,,,,,,,,,,,,,,,,,,,,,,,,,,Ronquido,Antojo,Bofetón Lodo,Corte Furia,Meteoros,Desarme,Golpe Bajo,Última Baza,Juego Sucio,Superdiente,,,,,,,,,,,,,,,,,,,,,,,,,,,,,,,,,,,,,,,,,,,,,,,,,,,,,,,,,,,,,,,,,,,,,,,,,,,,,,,,,,,,,,,,,,
Purugly,432,432,0,Normal,,Field,Field,Ningún objeto,Ningún objeto,Ningún objeto,Sebo,Competitivo,Pelaje Recio,90,95,70,80,60,115,0,Contoneo,1,Golpe Bajo,1,Gruñido,1,Arañazo,1,Sorpresa,1,Ataque Rápido,7,Golpes Furia,10,Hipnosis,13,Antojo,17,Golpe Aéreo,17,Finta,19,Encanto,22,Cuchillada,28,Desarme,29,Mofa,32,Represalia,32,Contoneo,39,Carantoña,43,Atracción,47,Golpe Cuerpo,51,Azote,55,Última Baza,60,Afilagarras,,,,,,,,,,,,,,,,,,,,,,,,,,,,,,,,,,,,,,,,,,,,,,,,,,,,,,,Hidropulso,Rugido,Tóxico,Poder Oculto,Día Soleado,Mofa,Hiperrayo,Protección,Danza Lluvia,Cola Férrea,Rayo,Trueno,Excavar,Bola Sombra,Doble Equipo,Onda Voltio,Golpe Aéreo,Tormento,Atracción,Ladrón,Garra Umbría,Vendetta,Gigaimpacto,Destello,Autosugestión,Vozarrón,Brillo Mágico,Ida y Vuelta,Corte,,,,,,,,,,,,,,,,,,,,,,,,,,,,,,,,,,,,,,,,,,,,,,,,,,,,,,,,,,,,,,,,,,,,,,,,,,,,,,,,,,,,,,,,,,,,,,,,,,,,,,,,,,,,,,,,,,,,,,,,,,,,,,,Mordisco,Látigo,Ataque Rápido,Ataque Arena,Llanto Falso,Buena Baza,Azote,Última Baza,,,,,,,,,,,,,,,,,,,,,,,,,,,,,,,,,,,,,,,,,,,,,,,,,,,,,,,,,,,,,,,,,,,,,,,,,,,,,,,,,,,,,,,,,,,,,Ronquido,Antojo,Terratemblor,Rodar,Bofetón Lodo,Corte Furia,Pataleta,Meteoros,Desarme,Golpe Bajo,Última Baza,Juego Sucio,Superdiente,,,,,,,,,,,,,,,,,,,,,,,,,,,,,,,,,,,,,,,,,,,,,,,,,,,,,,,,,,,,,,,,,,,,,,,,,,,,,,,,,,,,,,,
Chingling,433,433,0,Psíquico,,No Eggs,No Eggs,Ningún objeto,Ningún objeto,Amuleto,Levitación,Muro Mágico,Simbiosis,45,50,50,80,60,45,1,Constricción,1,Confusión,4,Gruñido,7,Impresionar,11,Viento Aciago,13,Bostezo,16,Última Baza,16,Paranormal,19,Danza Amiga,19,Derribo,22,Alboroto,,,,,,,,,,,,,,,,,,,,,,,,,,,,,,,,,,,,,,,,,,,,,,,,,,,,,,,,,,,,,,,,,,,,,,,,,,,,,,,Paz Mental,Tóxico,Día Soleado,Mofa,Pantalla de Luz,Protección,Danza Lluvia,Velo Sagrado,Comesueños,Psíquico,Bola Sombra,Doble Equipo,Reflejo,Onda Voltio,Tormento,Atracción,Intercambio,Voltio Cruel,Reciclaje,Destello,Onda Trueno,Autosugestión,Brillo Mágico,Hierba Lazo,Espacio Raro,,,,,,,,,,,,,,,,,,,,,,,,,,,,,,,,,,,,,,,,,,,,,,,,,,,,,,,,,,,,,,,,,,,,,,,,,,,,,,,,,,,,,,,,,,,,,,,,,,,,,,,,,,,,,,,,,,,,,,,,,,,,,,,,,,,Anulación,Maldición,Hipnosis,Deseo,Premonición,Recuperación,Poder Reserva,Masa Cósmica,,,,,,,,,,,,,,,,,,,,,,,,,,,,,,,,,,,,,,,,,,,,,,,,,,,,,,,,,,,,,,,,,,,,,,,,,,,,,,,,,,,,,,,,,,,,,Ronquido,Atadura,Cambio de Banda,Rodar,Cascabel Cura,Alboroto,Rayo Señal,Viento Aciago,Cabezazo Zen,Capa Mágica,Meteoros,Truco,Gravedad,Viento Hielo,Desarme,Última Baza,,,,,,,,,,,,,,,,,,,,,,,,,,,,,,,,,,,,,,,,,,,,,,,,,,,,,,,,,,,,,,,,,,,,,,,,,,,,,,,,,,,,
Stunky,434,434,0,Veneno,Siniestro,Field,Field,Ningún objeto,Ningún objeto,Ningún objeto,Detonación,Hedor,Ímpetu Ardiente,65,65,50,40,40,75,1,Arañazo,1,Foco Energía,4,Gas Venenoso,7,Chirrido,9,Bomba Ácida,10,Mordisco,13,Golpes Furia,16,Polución,19,Pantalla de Humo,21,Carga Tóxica,22,Cuchillada,22,Tajo Umbrío,25,Amago,28,Tóxico,31,Puya Nociva,34,Legado,37,Triturar,39,Eructo,40,Bomba Lodo,42,Trampa Venenosa,43,Carantoña,46,Golpe Bajo,49,Lanzamugre,52,Explosión,,,,,,,,,,,,,,,,,,,,,,,,,,,,,,,,,,,,,,,,,,,,,,,,,,,,,Rugido,Tóxico,Día Soleado,Mofa,Protección,Danza Lluvia,Cola Férrea,Excavar,Bola Sombra,Doble Equipo,Lanzallamas,Bomba Lodo,Llamarada,Tormento,Atracción,Ladrón,Maquinación,Explosión,Garra Umbría,Vendetta,Alarido,Pulso Umbrío,Puya Nociva,Corte,Despejar,Golpe Roca,,,,,,,,,,,,,,,,,,,,,,,,,,,,,,,,,,,,,,,,,,,,,,,,,,,,,,,,,,,,,,,,,,,,,,,,,,,,,,,,,,,,,,,,,,,,,,,,,,,,,,,,,,,,,,,,,,,,,,,,,,,,,,,,,,Malicioso,Polución,Doble Filo,Impresionar,Niebla,Cuchillada,Triturar,Cara Susto,Juego Sucio,Carantoña,,,,,,,,,,,,,,,,,,,,,,,,,,,,,,,,,,,,,,,,,,,,,,,,,,,,,,,,,,,,,,,,,,,,,,,,,,,,,,,,,,,,,,,,,,,Ronquido,Bofetón Lodo,Corte Furia,Meteoros,Golpe Bajo,Juego Sucio,,,,,,,,,,,,,,,,,,,,,,,,,,,,,,,,,,,,,,,,,,,,,,,,,,,,,,,,,,,,,,,,,,,,,,,,,,,,,,,,,,,,,,,,,,,,,,
Skuntank,435,435,0,Veneno,Siniestro,Field,Field,Ningún objeto,Ningún objeto,Ningún objeto,Detonación,Hedor,Ímpetu Ardiente,115,95,70,85,60,85,0,Lanzallamas,1,Arañazo,1,Foco Energía,1,Lanzallamas,4,Gas Venenoso,7,Chirrido,9,Bomba Ácida,10,Mordisco,13,Golpes Furia,16,Polución,19,Pantalla de Humo,21,Carga Tóxica,22,Tajo Umbrío,22,Cuchillada,25,Amago,28,Tóxico,31,Puya Nociva,32,Lanzallamas,35,Legado,39,Triturar,43,Eructo,43,Bomba Lodo,47,Carantoña,48,Trampa Venenosa,51,Golpe Bajo,55,Lanzamugre,59,Explosión,,,,,,,,,,,,,,,,,,,,,,,,,,,,,,,,,,,,,,,,,,,,,,,Rugido,Tóxico,Día Soleado,Mofa,Hiperrayo,Protección,Danza Lluvia,Cola Férrea,Excavar,Bola Sombra,Doble Equipo,Lanzallamas,Bomba Lodo,Llamarada,Tormento,Atracción,Ladrón,Maquinación,Explosión,Garra Umbría,Vendetta,Gigaimpacto,Alarido,Pulso Umbrío,Puya Nociva,Corte,Fuerza,Despejar,Golpe Roca,,,,,,,,,,,,,,,,,,,,,,,,,,,,,,,,,,,,,,,,,,,,,,,,,,,,,,,,,,,,,,,,,,,,,,,,,,,,,,,,,,,,,,,,,,,,,,,,,,,,,,,,,,,,,,,,,,,,,,,,,,,,,,,Malicioso,Polución,Doble Filo,Impresionar,Niebla,Cuchillada,Triturar,Cara Susto,Juego Sucio,Carantoña,,,,,,,,,,,,,,,,,,,,,,,,,,,,,,,,,,,,,,,,,,,,,,,,,,,,,,,,,,,,,,,,,,,,,,,,,,,,,,,,,,,,,,,,,,,Ronquido,Bofetón Lodo,Corte Furia,Meteoros,Golpe Bajo,Juego Sucio,,,,,,,,,,,,,,,,,,,,,,,,,,,,,,,,,,,,,,,,,,,,,,,,,,,,,,,,,,,,,,,,,,,,,,,,,,,,,,,,,,,,,,,,,,,,,,
Bronzor,436,436,0,Acero,Psíquico,Mineral,Mineral,Ningún objeto,Ningún objeto,Revest. Metálico,Levitación,Ignífugo,Metal Pesado,57,24,86,24,86,23,1,Confusión,1,Placaje,1,Legado,1,Teletransporte,5,Sellar,9,Rayo Confuso,15,Hipnosis,17,Paranormal,21,Finta,23,Giro Bola,25,Defensa Férrea,27,Cabezazo Zen,30,Velo Sagrado,32,Cuerpo Pesado,33,Foco Resplandor,36,Premonición,39,Eco Metálico,42,Vendetta,,,,,,,,,,,,,,,,,,,,,,,,,,,,,,,,,,,,,,,,,,,,,,,,,,,,,,,,,,,,,,,,,Paz Mental,Tóxico,Día Soleado,Pantalla de Luz,Protección,Danza Lluvia,Velo Sagrado,Rayo Solar,Terremoto,Psíquico,Bola Sombra,Doble Equipo,Reflejo,Tormenta Arena,Tumba Rocas,Intercambio,Voltio Cruel,Vendetta,Reciclaje,Pulimento,Destello,Giro Bola,Trampa Rocas,Autosugestión,Avalancha,Vozarrón,Brillo Mágico,Hierba Lazo,Foco Resplandor,Espacio Raro,,,,,,,,,,,,,,,,,,,,,,,,,,,,,,,,,,,,,,,,,,,,,,,,,,,,,,,,,,,,,,,,,,,,,,,,,,,,,,,,,,,,,,,,,,,,,,,,,,,,,,,,,,,,,,,,,,,,,,,,,,,,,,,,,,,,,,,,,,,,,,,,,,,,,,,,,,,,,,,,,,,,,,,,,,,,,,,,,,,,,,,,,,,,,,,,,,,,,,,,,,,,,,,,,,,,,,,,,,,,,,,,,,Ronquido,Terratemblor,Cambio de Banda,Rodar,Autodestrucción,Rayo Señal,Poder Pasado,Defensa Férrea,Zona Extraña,Truco,Gravedad,,,,,,,,,,,,,,,,,,,,,,,,,,,,,,,,,,,,,,,,,,,,,,,,,,,,,,,,,,,,,,,,,,,,,,,,,,,,,,,,,,,,,,,,,
Bronzong,437,437,0,Acero,Psíquico,Mineral,Mineral,Ningún objeto,Ningún objeto,Revest. Metálico,Levitación,Ignífugo,Metal Pesado,69,89,116,79,116,33,0,Bloqueo,1,Confusión,1,Placaje,1,Meteorobola,1,Legado,1,Teletransporte,1,Bloqueo,5,Sellar,9,Rayo Confuso,15,Hipnosis,17,Paranormal,21,Finta,23,Giro Bola,25,Defensa Férrea,27,Cabezazo Zen,30,Velo Sagrado,32,Cuerpo Pesado,33,Bloqueo,34,Foco Resplandor,38,Premonición,42,Eco Metálico,46,Vendetta,,,,,,,,,,,,,,,,,,,,,,,,,,,,,,,,,,,,,,,,,,,,,,,,,,,,,,,,,Paz Mental,Tóxico,Día Soleado,Hiperrayo,Pantalla de Luz,Protección,Danza Lluvia,Velo Sagrado,Rayo Solar,Terremoto,Psíquico,Bola Sombra,Doble Equipo,Reflejo,Tormenta Arena,Tumba Rocas,Intercambio,Voltio Cruel,Explosión,Vendetta,Reciclaje,Gigaimpacto,Pulimento,Destello,Giro Bola,Trampa Rocas,Autosugestión,Avalancha,Vozarrón,Brillo Mágico,Hierba Lazo,Foco Resplandor,Espacio Raro,Vuelo,Fuerza,Golpe Roca,,,,,,,,,,,,,,,,,,,,,,,,,,,,,,,,,,,,,,,,,,,,,,,,,,,,,,,,,,,,,,,,,,,,,,,,,,,,,,,,,,,,,,,,,,,,,,,,,,,,,,,,,,,,,,,,,,,,,,,,,,,,,,,,,,,,,,,,,,,,,,,,,,,,,,,,,,,,,,,,,,,,,,,,,,,,,,,,,,,,,,,,,,,,,,,,,,,,,,,,,,,,,,,,,,,,,,,,,,,,Ronquido,Terratemblor,Cambio de Banda,Rodar,Bloqueo,Autodestrucción,Rayo Señal,Poder Pasado,Defensa Férrea,Zona Extraña,Cabezazo Zen,Cabeza de Hierro,Truco,Gravedad,,,,,,,,,,,,,,,,,,,,,,,,,,,,,,,,,,,,,,,,,,,,,,,,,,,,,,,,,,,,,,,,,,,,,,,,,,,,,,,,,,,,,,
Bonsly,438,438,0,Roca,,No Eggs,No Eggs,Ningún objeto,Ningún objeto,Ningún objeto,Cabeza Roca,Robustez,Cobardía,60,85,95,10,55,10,1,Copión,1,Llanto Falso,1,Rizo Defensa,1,Lanzarrocas,6,Azote,9,Antojo,12,Patada Baja,15,Tumba Rocas,18,Mimético,21,Finta,24,Ojos Llorosos,24,Rodar,27,Avalancha,30,Bloqueo,33,Contraataque,36,Golpe Bajo,39,Doble Filo,,,,,,,,,,,,,,,,,,,,,,,,,,,,,,,,,,,,,,,,,,,,,,,,,,,,,,,,,,,,,,,,,,,Paz Mental,Tóxico,Día Soleado,Protección,Excavar,Demolición,Doble Equipo,Tormenta Arena,Tumba Rocas,Atracción,Ladrón,Explosión,Pulimento,Trampa Rocas,Autosugestión,Avalancha,,,,,,,,,,,,,,,,,,,,,,,,,,,,,,,,,,,,,,,,,,,,,,,,,,,,,,,,,,,,,,,,,,,,,,,,,,,,,,,,,,,,,,,,,,,,,,,,,,,,,,,,,,,,,,,,,,,,,,,,,,,,,,,,,,,,,,,,,,,,Golpe Cabeza,Fortaleza,Rizo Defensa,Maldición,Rodar,Autodestrucción,Bucle Arena,,,,,,,,,,,,,,,,,,,,,,,,,,,,,,,,,,,,,,,,,,,,,,,,,,,,,,,,,,,,,,,,,,,,,,,,,,,,,,,,,,,,,,,,,,,,,,Ronquido,Refuerzo,Antojo,Cede Paso,Rodar,Bloqueo,Autodestrucción,Alboroto,Pataleta,Sísmico,Imitación,Patada Baja,Golpe Bajo,Juego Sucio,Tierra Viva,,,,,,,,,,,,,,,,,,,,,,,,,,,,,,,,,,,,,,,,,,,,,,,,,,,,,,,,,,,,,,,,,,,,,,,,,,,,,,,,,,,,,
Mime Jr.,439,439,0,Psíquico,Hada,No Eggs,No Eggs,Ningún objeto,Ningún objeto,Ningún objeto,Filtro,Experto,Nebulogénesis,20,15,45,90,65,65,1,Destructor,1,Cosquillas,1,Barrera,1,Confusión,6,Copión,8,Meditación,9,Doble Bofetón,15,Otra Vez,18,Mimético,20,Protección,21,Psicorrayo,24,Reciclaje,24,Pantalla de Luz,24,Reflejo,27,Brillo Mágico,30,Sustituto,33,Psíquico,36,Truco,39,Maquinación,40,Golpe Bajo,42,Imitación,45,Relevo,48,Velo Sagrado,52,Danza Caos,,,,,,,,,,,,,,,,,,,,,,,,,,,,,,,,,,,,,,,,,,,,,,,,,,,,,Puño Certero,Paz Mental,Tóxico,Día Soleado,Mofa,Pantalla de Luz,Protección,Danza Lluvia,Velo Sagrado,Comesueños,Rayo Solar,Rayo,Trueno,Psíquico,Bola Sombra,Demolición,Doble Equipo,Reflejo,Onda Voltio,Tormento,Atracción,Ladrón,Intercambio,Lanzamiento,Voltio Cruel,Puño Drenaje,Maquinación,Reciclaje,Destello,Onda Trueno,Autosugestión,Brillo Mágico,Hierba Lazo,Espacio Raro,,,,,,,,,,,,,,,,,,,,,,,,,,,,,,,,,,,,,,,,,,,,,,,,,,,,,,,,,,,,,,,,,,,,,,,,,,,,,,,,,,,,,,,,,,,,,,,,,,,,,,,,,,,,,,,,,,,,,,,,,,Hipnosis,Sorpresa,Rayo Confuso,Isofuerza,Cosquillas,Premonición,Mimético,Truco,Danza Caos,Deseo Cura,Encanto,Zona Mágica,Viento Hielo,,,,,,,,,,,,,,,,,,,,,,,,,,,,,,,,,,,,,,,,,,,,,,,,,,,,,,,,,,,,,,,,,,,,,,,,,,,,,,,,,,,,,,,,Ronquido,Refuerzo,Antojo,Cambio de Banda,Bofetón Lodo,Alboroto,Rayo Señal,Zona Mágica,Zona Extraña,Sísmico,Imitación,Cabezazo Zen,Capa Mágica,Truco,Viento Hielo,Electrocañón,,,,,,,,,,,,,,,,,,,,,,,,,,,,,,,,,,,,,,,,,,,,,,,,,,,,,,,,,,,,,,,,,,,,,,,,,,,,,,,,,,,,
Happiny,440,440,0,Normal,,No Eggs,No Eggs,Piedra Oval,Ningún objeto,Ningún objeto,Dicha,Cura Natural,Compiescolta,100,5,5,15,65,30,1,Destructor,1,Reducción,1,Encanto,1,Alboroto,4,Rizo Defensa,4,Copión,10,Beso Dulce,12,Voz Cautivadora,16,Antojo,,,,,,,,,,,,,,,,,,,,,,,,,,,,,,,,,,,,,,,,,,,,,,,,,,,,,,,,,,,,,,,,,,,,,,,,,,,,,,,,,,,Hidropulso,Tóxico,Granizo,Poder Oculto,Día Soleado,Pantalla de Luz,Protección,Danza Lluvia,Velo Sagrado,Rayo Solar,Psíquico,Bola Sombra,Doble Equipo,Onda Voltio,Lanzallamas,Llamarada,Descanso,Atracción,Lanzamiento,Puño Drenaje,Reciclaje,Destello,Onda Trueno,Autosugestión,Brillo Mágico,Hierba Lazo,,,,,,,,,,,,,,,,,,,,,,,,,,,,,,,,,,,,,,,,,,,,,,,,,,,,,,,,,,,,,,,,,,,,,,,,,,,,,,,,,,,,,,,,,,,,,,,,,,,,,,,,,,,,,,,,,,,,,,,,,,,,,,,,,,Aromaterapia,Gravedad,Presente,Sísmico,Metrónomo,Cascabel Cura,Contraataque,Refuerzo,Última Baza,Bomba Fango,,,,,,,,,,,,,,,,,,,,,,,,,,,,,,,,,,,,,,,,,,,,,,,,,,,,,,,,,,,,,,,,,,,,,,,,,,,,,,,,,,,,,,,,,,,Ronquido,Refuerzo,Antojo,Rodar,Bofetón Lodo,Cascabel Cura,Alboroto,Sísmico,Cabezazo Zen,Gravedad,Viento Hielo,Electrocañón,Última Baza,Esfuerzo,,,,,,,,,,,,,,,,,,,,,,,,,,,,,,,,,,,,,,,,,,,,,,,,,,,,,,,,,,,,,,,,,,,,,,,,,,,,,,,,,,,,,,
Chatot,441,441,0,Normal,Volador,Flying,Flying,Ningún objeto,Ningún objeto,Metrónomo,Insonorizar,Tumbos,Sacapecho,75,45,55,110,55,110,1,Confidencia,1,Mofa,1,Supersónico,1,Picotazo,6,Gruñido,9,Ataque Furia,13,Aire Afilado,17,Canto,21,Mofa,24,Alboroto,27,Mimético,29,Canon,30,Cháchara,33,Respiro,36,Agilidad,37,Eco Voz,39,Vozarrón,42,Danza Pluma,45,Maquinación,48,Vendaval,49,Última Palabra,,,,,,,,,,,,,,,,,,,,,,,,,,,,,,,,,,,,,,,,,,,,,,,,,,,,,,,,,,,Tóxico,Poder Oculto,Día Soleado,Mofa,Protección,Danza Lluvia,Doble Equipo,Golpe Aéreo,Tormento,Atracción,Ladrón,Ala de Acero,Respiro,Aguante,Zumbido,Maquinación,Vendaval,Ida y Vuelta,Vuelo,Despejar,,,,,,,,,,,,,,,,,,,,,,,,,,,,,,,,,,,,,,,,,,,,,,,,,,,,,,,,,,,,,,,,,,,,,,,,,,,,,,,,,,,,,,,,,,,,,,,,,,,,,,,,,,,,,,,,,,,,,,,,,,,,,,,,,,,,,,,,Otra Vez,Tinieblas,Agilidad,Supersónico,Aire Afilado,Estruendo,,,,,,,,,,,,,,,,,,,,,,,,,,,,,,,,,,,,,,,,,,,,,,,,,,,,,,,,,,,,,,,,,,,,,,,,,,,,,,,,,,,,,,,,,,,,,,,Ronquido,Aire Afilado,Bofetón Lodo,Ala Bis,Alboroto,Viento Aciago,Ataque Aéreo,Imitación,Viento Afín,Meteoros,Onda Ígnea,Ciclón,,,,,,,,,,,,,,,,,,,,,,,,,,,,,,,,,,,,,,,,,,,,,,,,,,,,,,,,,,,,,,,,,,,,,,,,,,,,,,,,,,,,,,,,
Spiritomb,442,442,0,Fantasma,Siniestro,Amorphous,Amorphous,Bola de Humo,Bola de Humo,Bola de Humo,Presión,Cuerpo Maldito,Allanamiento,50,92,108,92,108,35,1,Rayo Confuso,1,Tinieblas,1,Rencor,1,Sombra Vil,7,Vendetta,7,Finta,10,Hipnosis,13,Comesueños,16,Fuego Fatuo,19,Infortunio,25,Anulación,25,Viento Aciago,25,Maldición,28,Bola Sombra,31,Pulso Umbrío,34,Golpe Bajo,37,Maquinación,40,Legado,43,Divide Dolor,46,Mismo Destino,49,Absorbefuerza,,,,,,,,,,,,,,,,,,,,,,,,,,,,,,,,,,,,,,,,,,,,,,,,,,,,,,,,,,,Hidropulso,Paz Mental,Tóxico,Día Soleado,Mofa,Hiperrayo,Protección,Danza Lluvia,Psíquico,Bola Sombra,Doble Equipo,Onda Voltio,Tumba Rocas,Tormento,Atracción,Ladrón,Fuego Fatuo,Maquinación,Vendetta,Gigaimpacto,Destello,Autosugestión,Alarido,Pulso Umbrío,Brillo Mágico,,,,,,,,,,,,,,,,,,,,,,,,,,,,,,,,,,,,,,,,,,,,,,,,,,,,,,,,,,,,,,,,,,,,,,,,,,,,,,,,,,,,,,,,,,,,,,,,,,,,,,,,,,,,,,,,,,,,,,,,,,,,,,,,,,,Mismo Destino,Rabia,Divide Dolor,Pantalla de Humo,Anulación,Sellar,Sombra Vil,Juego Sucio,,,,,,,,,,,,,,,,,,,,,,,,,,,,,,,,,,,,,,,,,,,,,,,,,,,,,,,,,,,,,,,,,,,,,,,,,,,,,,,,,,,,,,,,,,,,,Ronquido,Cambio de Banda,Autodestrucción,Rencor,Alboroto,Viento Aciago,Zona Extraña,Divide Dolor,Truco,Viento Hielo,Golpe Bajo,Juego Sucio,,,,,,,,,,,,,,,,,,,,,,,,,,,,,,,,,,,,,,,,,,,,,,,,,,,,,,,,,,,,,,,,,,,,,,,,,,,,,,,,,,,,,,,,
Gible,443,443,0,Dragón,Tierra,Monster,Dragon,Ningún objeto,Ningún objeto,Ningún objeto,Piel Tosca,Velo Arena,Presión,58,70,45,40,45,42,1,Placaje,1,Bucle Arena,1,Ataque Arena,7,Dragoaliento,10,Terratemblor,13,Derribo,19,Tormenta Arena,22,Excavar,25,Cuchillada,25,Mordisco,28,Garra Dragón,31,Cara Susto,34,Avalancha,37,Terremoto,40,Carga Dragón,43,Cabeza de Hierro,46,Roca Afilada,49,Enfado,,,,,,,,,,,,,,,,,,,,,,,,,,,,,,,,,,,,,,,,,,,,,,,,,,,,,,,,,,,,,,,,,Garra Dragón,Rugido,Tóxico,Día Soleado,Protección,Danza Lluvia,Cola Férrea,Terremoto,Excavar,Doble Equipo,Lanzallamas,Tormenta Arena,Llamarada,Tumba Rocas,Golpe Aéreo,Atracción,Pulso Dragón,Garra Umbría,Roca Afilada,Trampa Rocas,Avalancha,Vozarrón,Corte,Fuerza,Golpe Roca,Treparrocas,,,,,,,,,,,,,,,,,,,,,,,,,,,,,,,,,,,,,,,,,,,,,,,,,,,,,,,,,,,,,,,,,,,,,,,,,,,,,,,,,,,,,,,,,,,,,,,,,,,,,,,,,,,,,,,,,,,,,,,,,,,,,,,,,,Golpe,Garra Metal,Doble Filo,Ciclón,Dragoaliento,Enfado,Cara Susto,Bucle Arena,Golpe Cuerpo,Cabeza de Hierro,Disparo Lodo,,,,,,,,,,,,,,,,,,,,,,,,,,,,,,,,,,,,,,,,,,,,,,,,,,,,,,,,,,,,,,,,,,,,,,,,,,,,,,,,,,,,,,,,,,Ronquido,Terratemblor,Bofetón Lodo,Corte Furia,Meteoros,Cabeza de Hierro,Arenas Ardientes,Cometa Draco,Enfado,Ciclón,Tierra Viva,,,,,,,,,,,,,,,,,,,,,,,,,,,,,,,,,,,,,,,,,,,,,,,,,,,,,,,,,,,,,,,,,,,,,,,,,,,,,,,,,,,,,,,,,
Gabite,444,444,0,Dragón,Tierra,Monster,Dragon,Ningún objeto,Ningún objeto,Ningún objeto,Piel Tosca,Velo Arena,Presión,68,90,65,50,55,82,1,Ataque Arena,1,Placaje,1,Bucle Arena,1,Golpe Bis,7,Dragoaliento,10,Terratemblor,13,Derribo,19,Tormenta Arena,22,Excavar,26,Cuchillada,27,Mordisco,30,Garra Dragón,34,Cara Susto,38,Avalancha,42,Terremoto,46,Carga Dragón,50,Cabeza de Hierro,54,Roca Afilada,58,Enfado,,,,,,,,,,,,,,,,,,,,,,,,,,,,,,,,,,,,,,,,,,,,,,,,,,,,,,,,,,,,,,,Garra Dragón,Rugido,Tóxico,Día Soleado,Protección,Danza Lluvia,Cola Férrea,Terremoto,Excavar,Doble Equipo,Lanzallamas,Tormenta Arena,Llamarada,Tumba Rocas,Golpe Aéreo,Atracción,Pulso Dragón,Garra Umbría,Roca Afilada,Trampa Rocas,Avalancha,Vozarrón,Corte,Fuerza,Golpe Roca,Treparrocas,,,,,,,,,,,,,,,,,,,,,,,,,,,,,,,,,,,,,,,,,,,,,,,,,,,,,,,,,,,,,,,,,,,,,,,,,,,,,,,,,,,,,,,,,,,,,,,,,,,,,,,,,,,,,,,,,,,,,,,,,,,,,,,,,,Golpe,Garra Metal,Doble Filo,Ciclón,Dragoaliento,Enfado,Cara Susto,Bucle Arena,Golpe Cuerpo,Cabeza de Hierro,Disparo Lodo,,,,,,,,,,,,,,,,,,,,,,,,,,,,,,,,,,,,,,,,,,,,,,,,,,,,,,,,,,,,,,,,,,,,,,,,,,,,,,,,,,,,,,,,,,Ronquido,Terratemblor,Bofetón Lodo,Aguzar,Corte Furia,Meteoros,Cabeza de Hierro,Golpe Bis,Arenas Ardientes,Cometa Draco,Enfado,Ciclón,Tierra Viva,,,,,,,,,,,,,,,,,,,,,,,,,,,,,,,,,,,,,,,,,,,,,,,,,,,,,,,,,,,,,,,,,,,,,,,,,,,,,,,,,,,,,,,
Garchomp,445,445,0,Dragón,Tierra,Monster,Dragon,Ningún objeto,Ningún objeto,Ningún objeto,Piel Tosca,Velo Arena,Presión,108,130,95,80,85,102,0,Triturar,1,Colmillo Ígneo,1,Ataque Arena,1,Placaje,1,Bucle Arena,1,Golpe Bis,1,Triturar,7,Dragoaliento,10,Terratemblor,13,Derribo,19,Tormenta Arena,22,Excavar,26,Cuchillada,27,Mordisco,30,Garra Dragón,34,Cara Susto,38,Avalancha,42,Terremoto,46,Carga Dragón,48,Triturar,52,Cabeza de Hierro,58,Roca Afilada,64,Enfado,70,Veloc. Extrema,,,,,,,,,,,,,,,,,,,,,,,,,,,,,,,,,,,,,,,,,,,,,,,,,,,,,Garra Dragón,Rugido,Tóxico,Día Soleado,Hiperrayo,Protección,Danza Lluvia,Cola Férrea,Terremoto,Excavar,Demolición,Doble Equipo,Lanzallamas,Tormenta Arena,Llamarada,Tumba Rocas,Golpe Aéreo,Atracción,Falso Tortazo,Lanzamiento,Pulso Dragón,Garra Umbría,Gigaimpacto,Roca Afilada,Danza Espada,Trampa Rocas,Avalancha,Vozarrón,Puya Nociva,Corte,Vuelo,Surf,Fuerza,Golpe Roca,Treparrocas,,,,,,,,,,,,,,,,,,,,,,,,,,,,,,,,,,,,,,,,,,,,,,,,,,,,,,,,,,,,,,,,,,,,,,,,,,,,,,,,,,,,,,,,,,,,,,,,,,,,,,,,,,,,,,,,,,,,,,,,,Golpe,Garra Metal,Doble Filo,Ciclón,Dragoaliento,Enfado,Cara Susto,Bucle Arena,Golpe Cuerpo,Cabeza de Hierro,Disparo Lodo,,,,,,,,,,,,,,,,,,,,,,,,,,,,,,,,,,,,,,,,,,,,,,,,,,,,,,,,,,,,,,,,,,,,,,,,,,,,,,,,,,,,,,,,,,Ronquido,Terratemblor,Bofetón Lodo,Aguzar,Corte Furia,Pataleta,Meteoros,Cabeza de Hierro,Golpe Bis,Arenas Ardientes,Acua Cola,Cometa Draco,Enfado,Ciclón,Tierra Viva,,,,,,,,,,,,,,,,,,,,,,,,,,,,,,,,,,,,,,,,,,,,,,,,,,,,,,,,,,,,,,,,,,,,,,,,,,,,,,,,,,,,,
Munchlax,446,446,0,Normal,,No Eggs,No Eggs,Restos,Restos,Restos,Sebo,Recogida,Gula,135,85,40,40,85,5,1,Placaje,1,Metrónomo,1,Rizo Defensa,9,Amnesia,12,Antojo,12,Lengüetazo,15,Reciclaje,16,Mordisco,18,Chirrido,21,Golpe Cuerpo,24,Reserva,27,Tragar,30,Rodar,33,Cabezazo Zen,39,Lanzamiento,42,Tambor,44,Azote,45,Doble Filo,51,Última Baza,,,,,,,,,,,,,,,,,,,,,,,,,,,,,,,,,,,,,,,,,,,,,,,,,,,,,,,,,,,,,,,Puño Certero,Hidropulso,Tóxico,Poder Oculto,Día Soleado,Rayo Hielo,Ventisca,Protección,Danza Lluvia,Rayo Solar,Rayo,Trueno,Terremoto,Psíquico,Bola Sombra,Demolición,Doble Equipo,Onda Voltio,Lanzallamas,Tormenta Arena,Llamarada,Tumba Rocas,Descanso,Atracción,Lanzamiento,Reciclaje,Avalancha,Vozarrón,Surf,Fuerza,Golpe Roca,Treparrocas,,,,,,,,,,,,,,,,,,,,,,,,,,,,,,,,,,,,,,,,,,,,,,,,,,,,,,,,,,,,,,,,,,,,,,,,,,,,,,,,,,,,,,,,,,,,,,,,,,,,,,,,,,,,,,,,,,,,,,,,,,,,Doble Filo,Maldición,Fisura,Contraataque,Eructo,Lengüetazo,Encanto,Remolino,Cabezazo Zen,Cede Paso,Autodestrucción,,,,,,,,,,,,,,,,,,,,,,,,,,,,,,,,,,,,,,,,,,,,,,,,,,,,,,,,,,,,,,,,,,,,,,,,,,,,,,,,,,,,,,,,,,Ronquido,Antojo,Cede Paso,Terratemblor,Rodar,Bofetón Lodo,Autodestrucción,Alboroto,Pataleta,Puño Fuego,Puño Hielo,Puño Trueno,Sísmico,Cabezazo Zen,Bomba Germen,Puño Incremento,Viento Hielo,Fuerza Bruta,Electrocañón,Última Baza,Lanzamugre,,,,,,,,,,,,,,,,,,,,,,,,,,,,,,,,,,,,,,,,,,,,,,,,,,,,,,,,,,,,,,,,,,,,,,,,,,,,,,,
Riolu,447,447,0,Lucha,,No Eggs,No Eggs,Ningún objeto,Ningún objeto,Ningún objeto,Impasible,Foco Interno,Bromista,40,70,40,35,40,60,1,Ataque Rápido,1,Patada Baja,4,Mordisco,7,Contraataque,8,Garra Metal,10,Palmeo,13,Amago,16,Avivar,16,Copión,19,Chirrido,20,Golpe Roca,22,Inversión,25,Triturar,26,Esfera Aural,28,Maquinación,31,Tajo Cruzado,32,Anticipo,40,Danza Espada,44,Refuerzo,52,Sacrificio,,,,,,,,,,,,,,,,,,,,,,,,,,,,,,,,,,,,,,,,,,,,,,,,,,,,,,,,,,,,,Puño Certero,Rugido,Tóxico,Corpulencia,Poder Oculto,Día Soleado,Protección,Danza Lluvia,Cola Férrea,Terremoto,Puntapié,Excavar,Demolición,Doble Equipo,Tumba Rocas,Atracción,Onda Certera,Lanzamiento,Puño Drenaje,Maquinación,Garra Umbría,Vendetta,Danza Espada,Avalancha,Vozarrón,Puya Nociva,Fuerza,Golpe Roca,,,,,,,,,,,,,,,,,,,,,,,,,,,,,,,,,,,,,,,,,,,,,,,,,,,,,,,,,,,,,,,,,,,,,,,,,,,,,,,,,,,,,,,,,,,,,,,,,,,,,,,,,,,,,,,,,,,,,,,,,,,,,,,,Tajo Cruzado,Detección,Mordisco,Telépata,Pat. Salto Alta,Onda Vacío,Puño Bala,Llave Giro,Aullido,Agilidad,Triturar,Patada Baja,Defensa Férrea,Patada Ígnea,Señuelo,Puño Meteoro,Gancho Alto,,,,,,,,,,,,,,,,,,,,,,,,,,,,,,,,,,,,,,,,,,,,,,,,,,,,,,,,,,,,,,,,,,,,,,,,,,,,,,,,,,,,Ronquido,Refuerzo,Terratemblor,Bofetón Lodo,Aguzar,Corte Furia,Puño Hielo,Puño Trueno,Defensa Férrea,Levitón,Sísmico,Imitación,Cabezazo Zen,Meteoros,Patada Baja,Golpe Bis,Onda Vacío,Puño Incremento,,,,,,,,,,,,,,,,,,,,,,,,,,,,,,,,,,,,,,,,,,,,,,,,,,,,,,,,,,,,,,,,,,,,,,,,,,,,,,,,,,
Lucario,448,448,0,Lucha,Acero,Field,Human-Like,Ningún objeto,Ningún objeto,Ningún objeto,Adaptable,Foco Interno,Justiciero,70,110,70,115,70,90,0,Esfera Aural,1,Detección,1,Ataque Rápido,1,Patada Baja,1,Inversión,1,Sacrificio,1,Copión,1,Refuerzo,1,Chirrido,1,Gota Vital,1,Esfera Aural,1,Puño Bala,4,Garra Metal,7,Contraataque,10,Palmeo,13,Amago,16,Aguzar,16,Danza Espada,19,Eco Metálico,20,Puño Incremento,22,Ataque Óseo,25,Triturar,28,Paz Mental,31,Esfera Aural,32,Anticipo,34,Puño Trueno,34,Puño Hielo,37,Pulso Dragón,41,Patada Ígnea,44,Pulso Cura,45,A Bocajarro,49,Puño Meteoro,53,Pat. Salto Alta,57,Veloc. Extrema,,,,,,,,,,,,,,,,,,,,,,,,,,,,,,,,,Puño Certero,Hidropulso,Paz Mental,Rugido,Tóxico,Corpulencia,Poder Oculto,Día Soleado,Hiperrayo,Protección,Danza Lluvia,Cola Férrea,Terremoto,Puntapié,Excavar,Psíquico,Bola Sombra,Demolición,Doble Equipo,Tumba Rocas,Atracción,Onda Certera,Lanzamiento,Pulso Dragón,Puño Drenaje,Maquinación,Garra Umbría,Vendetta,Gigaimpacto,Roca Afilada,Danza Espada,Pulso Umbrío,Avalancha,Vozarrón,Puya Nociva,Foco Resplandor,Fuerza,Golpe Roca,Treparrocas,,,,,,,,,,,,,,,,,,,,,,,,,,,,,,,,,,,,,,,,,,,,,,,,,,,,,,,,,,,,,,,,,,,,,,,,,,,,,,,,,,,,,,,,,,,,,,,,,,,,,,,,,,,,,,,,,,,,,Tajo Cruzado,Detección,Mordisco,Telépata,Pat. Salto Alta,Onda Vacío,Puño Bala,Llave Giro,Aullido,Agilidad,Triturar,Patada Baja,Defensa Férrea,Patada Ígnea,Señuelo,Puño Meteoro,Gancho Alto,,,,,,,,,,,,,,,,,,,,,,,,,,,,,,,,,,,,,,,,,,,,,,,,,,,,,,,,,,,,,,,,,,,,,,,,,,,,,,,,,,,,Ronquido,Refuerzo,Terratemblor,Bofetón Lodo,Aguzar,Corte Furia,Puño Hielo,Puño Trueno,Defensa Férrea,Levitón,Sísmico,Imitación,Cabezazo Zen,Meteoros,Patada Baja,Golpe Bis,Onda Vacío,Puño Incremento,,,,,,,,,,,,,,,,,,,,,,,,,,,,,,,,,,,,,,,,,,,,,,,,,,,,,,,,,,,,,,,,,,,,,,,,,,,,,,,,,,
Hippopotas,449,449,0,Tierra,,Field,Field,Ningún objeto,Ningún objeto,Ningún objeto,Chorro Arena,Poder Arena,Mandíbula Fuerte,68,72,78,38,42,32,1,Ataque Arena,1,Placaje,1,Maldición,7,Mordisco,11,Bostezo,12,Bucle Arena,15,Terratemblor,18,Bomba Fango,19,Derribo,23,Excavar,24,Tormenta Arena,27,Triturar,31,Golpe Cuerpo,32,Rugido,35,Relajo,36,Descanso,39,Terremoto,43,Trampa Rocas,47,Doble Filo,51,Fisura,55,Fuerza Bruta,,,,,,,,,,,,,,,,,,,,,,,,,,,,,,,,,,,,,,,,,,,,,,,,,,,,,,,,,,,Hidropulso,Rugido,Tóxico,Día Soleado,Protección,Cola Férrea,Terremoto,Excavar,Doble Equipo,Tormenta Arena,Tumba Rocas,Atracción,Trampa Rocas,Avalancha,Vozarrón,Fuerza,Golpe Roca,,,,,,,,,,,,,,,,,,,,,,,,,,,,,,,,,,,,,,,,,,,,,,,,,,,,,,,,,,,,,,,,,,,,,,,,,,,,,,,,,,,,,,,,,,,,,,,,,,,,,,,,,,,,,,,,,,,,,,,,,,,,,,,,,,,,,,,,,,,Reserva,Tragar,Escupir,Maldición,Remolino,Relajo,Golpe Cuerpo,Bucle Arena,Desquite,,,,,,,,,,,,,,,,,,,,,,,,,,,,,,,,,,,,,,,,,,,,,,,,,,,,,,,,,,,,,,,,,,,,,,,,,,,,,,,,,,,,,,,,,,,,Ronquido,Terratemblor,Bofetón Lodo,Pataleta,Arenas Ardientes,Fuerza Bruta,Tierra Viva,,,,,,,,,,,,,,,,,,,,,,,,,,,,,,,,,,,,,,,,,,,,,,,,,,,,,,,,,,,,,,,,,,,,,,,,,,,,,,,,,,,,,,,,,,,,,
Hippowdon,450,450,0,Tierra,,Field,Field,Ningún objeto,Ningún objeto,Ningún objeto,Chorro Arena,Poder Arena,Mandíbula Fuerte,108,112,118,68,72,47,1,Ataque Arena,1,Placaje,1,Colmillo Rayo,1,Colmillo Ígneo,1,Colmillo Hielo,1,Maldición,7,Mordisco,11,Bostezo,12,Bucle Arena,15,Terratemblor,18,Bomba Fango,19,Derribo,23,Excavar,24,Tormenta Arena,27,Triturar,31,Golpe Cuerpo,32,Rugido,36,Relajo,38,Descanso,41,Terremoto,46,Trampa Rocas,51,Doble Filo,56,Fisura,61,Fuerza Bruta,,,,,,,,,,,,,,,,,,,,,,,,,,,,,,,,,,,,,,,,,,,,,,,,,,,,,Hidropulso,Rugido,Tóxico,Día Soleado,Hiperrayo,Protección,Cola Férrea,Terremoto,Excavar,Doble Equipo,Tormenta Arena,Tumba Rocas,Atracción,Gigaimpacto,Roca Afilada,Trampa Rocas,Avalancha,Vozarrón,Fuerza,Golpe Roca,,,,,,,,,,,,,,,,,,,,,,,,,,,,,,,,,,,,,,,,,,,,,,,,,,,,,,,,,,,,,,,,,,,,,,,,,,,,,,,,,,,,,,,,,,,,,,,,,,,,,,,,,,,,,,,,,,,,,,,,,,,,,,,,,,,,,,,,Reserva,Tragar,Escupir,Maldición,Remolino,Relajo,Golpe Cuerpo,Bucle Arena,Desquite,,,,,,,,,,,,,,,,,,,,,,,,,,,,,,,,,,,,,,,,,,,,,,,,,,,,,,,,,,,,,,,,,,,,,,,,,,,,,,,,,,,,,,,,,,,,Ronquido,Terratemblor,Bofetón Lodo,Pataleta,Cabeza de Hierro,Arenas Ardientes,Fuerza Bruta,Tierra Viva,,,,,,,,,,,,,,,,,,,,,,,,,,,,,,,,,,,,,,,,,,,,,,,,,,,,,,,,,,,,,,,,,,,,,,,,,,,,,,,,,,,,,,,,,,,,
Skorupi,451,451,0,Veneno,Bicho,Bug,Water 3,Ningún objeto,Ningún objeto,Flecha Venenosa,Armadura Batalla,Francotirador,Vista Lince,40,50,90,30,55,65,1,Malicioso,1,Picotazo Veneno,1,Mordisco,3,Afilagarras,6,Aguijón Letal,6,Desarme,9,Pin Misil,12,Acupresión,15,Picadura,18,Colmillo Veneno,21,Carga Tóxica,24,Púas Tóxicas,27,Tijera X,30,Danza Espada,33,Puya Nociva,33,Tóxico,36,Tajo Umbrío,39,Cara Susto,42,Triturar,45,Veneno X,,,,,,,,,,,,,,,,,,,,,,,,,,,,,,,,,,,,,,,,,,,,,,,,,,,,,,,,,,,,,Tóxico,Día Soleado,Mofa,Protección,Danza Lluvia,Cola Férrea,Excavar,Bola Sombra,Demolición,Doble Equipo,Bomba Lodo,Tumba Rocas,Golpe Aéreo,Tormento,Atracción,Ladrón,Falso Tortazo,Lanzamiento,Zumbido,Vendetta,Destello,Danza Espada,Pulso Umbrío,Tijera X,Puya Nociva,Corte,Fuerza,Golpe Roca,,,,,,,,,,,,,,,,,,,,,,,,,,,,,,,,,,,,,,,,,,,,,,,,,,,,,,,,,,,,,,,,,,,,,,,,,,,,,,,,,,,,,,,,,,,,,,,,,,,,,,,,,,,,,,,,,,,,,,,,,,,,,,,,Ataque Arena,Cuchillada,Rayo Confuso,Remolino,Chirrido,Agilidad,Tajo Umbrío,Cola Veneno,Doble Ataque,Finta,,,,,,,,,,,,,,,,,,,,,,,,,,,,,,,,,,,,,,,,,,,,,,,,,,,,,,,,,,,,,,,,,,,,,,,,,,,,,,,,,,,,,,,,,,,Ronquido,Bofetón Lodo,Corte Furia,Acua Cola,Desarme,,,,,,,,,,,,,,,,,,,,,,,,,,,,,,,,,,,,,,,,,,,,,,,,,,,,,,,,,,,,,,,,,,,,,,,,,,,,,,,,,,,,,,,,,,,,,,,
Drapion,452,452,0,Veneno,Siniestro,Bug,Water 3,Ningún objeto,Ningún objeto,Flecha Venenosa,Armadura Batalla,Francotirador,Ensañamiento,70,90,110,60,85,95,1,Aguijón Letal,1,Afilagarras,1,Malicioso,1,Picotazo Veneno,1,Colmillo Ígneo,1,Colmillo Hielo,1,Colmillo Rayo,1,Mordisco,6,Desarme,9,Pin Misil,12,Acupresión,15,Picadura,18,Colmillo Veneno,21,Carga Tóxica,24,Púas Tóxicas,27,Tijera X,31,Danza Espada,33,Tóxico,35,Puya Nociva,39,Tajo Umbrío,43,Cara Susto,47,Triturar,51,Veneno X,54,Última Palabra,,,,,,,,,,,,,,,,,,,,,,,,,,,,,,,,,,,,,,,,,,,,,,,,,,,,,Rugido,Tóxico,Día Soleado,Mofa,Hiperrayo,Protección,Danza Lluvia,Cola Férrea,Terremoto,Excavar,Bola Sombra,Demolición,Doble Equipo,Bomba Lodo,Tumba Rocas,Golpe Aéreo,Tormento,Atracción,Ladrón,Falso Tortazo,Lanzamiento,Zumbido,Vendetta,Gigaimpacto,Destello,Danza Espada,Alarido,Pulso Umbrío,Avalancha,Tijera X,Vozarrón,Puya Nociva,Corte,Fuerza,Golpe Roca,Treparrocas,,,,,,,,,,,,,,,,,,,,,,,,,,,,,,,,,,,,,,,,,,,,,,,,,,,,,,,,,,,,,,,,,,,,,,,,,,,,,,,,,,,,,,,,,,,,,,,,,,,,,,,,,,,,,,,,,,,,,,,,Ataque Arena,Cuchillada,Rayo Confuso,Remolino,Chirrido,Agilidad,Tajo Umbrío,Cola Veneno,Doble Ataque,Finta,,,,,,,,,,,,,,,,,,,,,,,,,,,,,,,,,,,,,,,,,,,,,,,,,,,,,,,,,,,,,,,,,,,,,,,,,,,,,,,,,,,,,,,,,,,Ronquido,Terratemblor,Bofetón Lodo,Corte Furia,Pataleta,Acua Cola,Chupavidas,Desarme,,,,,,,,,,,,,,,,,,,,,,,,,,,,,,,,,,,,,,,,,,,,,,,,,,,,,,,,,,,,,,,,,,,,,,,,,,,,,,,,,,,,,,,,,,,,
Croagunk,453,453,0,Veneno,Lucha,Human-Like,Human-Like,Ningún objeto,Ningún objeto,Lodo Negro,Piel Seca,Anticipación,Toque Tóxico,48,61,40,61,40,50,1,Impresionar,1,Mofa,1,Sorpresa,4,Bofetón Lodo,7,Picotazo Veneno,10,Tormento,16,Finta,19,Desquite,20,Carga Tóxica,22,Contoneo,28,Puya Nociva,29,Bomba Fango,31,Puño Drenaje,34,Maquinación,36,Tóxico,37,Golpe Bajo,40,Tajo Cruzado,43,Bomba Lodo,46,Camelo,48,Eructo,49,Lanzamugre,,,,,,,,,,,,,,,,,,,,,,,,,,,,,,,,,,,,,,,,,,,,,,,,,,,,,,,,,,,Puño Certero,Tóxico,Corpulencia,Poder Oculto,Día Soleado,Mofa,Protección,Danza Lluvia,Terremoto,Puntapié,Excavar,Bola Sombra,Demolición,Doble Equipo,Bomba Lodo,Tumba Rocas,Tormento,Atracción,Ladrón,Onda Certera,Lanzamiento,Puño Drenaje,Maquinación,Vendetta,Pulso Umbrío,Avalancha,Tijera X,Vozarrón,Puya Nociva,Fuerza,Golpe Roca,Treparrocas,,,,,,,,,,,,,,,,,,,,,,,,,,,,,,,,,,,,,,,,,,,,,,,,,,,,,,,,,,,,,,,,,,,,,,,,,,,,,,,,,,,,,,,,,,,,,,,,,,,,,,,,,,,,,,,,,,,,,,,,,,,,Amago,Puño Dinámico,Golpe Cabeza,Onda Vacío,Sorpresa,Tajo Cruzado,Puño Bala,Contraataque,Anticipo,Acupresión,Meditación,,,,,,,,,,,,,,,,,,,,,,,,,,,,,,,,,,,,,,,,,,,,,,,,,,,,,,,,,,,,,,,,,,,,,,,,,,,,,,,,,,,,,,,,,,Ronquido,Refuerzo,Terratemblor,Bofetón Lodo,Corte Furia,Rencor,Puño Hielo,Puño Trueno,Sísmico,Bote,Imitación,Patada Baja,Golpe Bis,Onda Vacío,Puño Incremento,Viento Hielo,Desarme,Golpe Bajo,Juego Sucio,Superdiente,Tierra Viva,Lanzamugre,,,,,,,,,,,,,,,,,,,,,,,,,,,,,,,,,,,,,,,,,,,,,,,,,,,,,,,,,,,,,,,,,,,,,,,,,,,,,,
Toxicroak,454,454,0,Veneno,Lucha,Human-Like,Human-Like,Ningún objeto,Ningún objeto,Lodo Negro,Piel Seca,Anticipación,Toque Tóxico,83,106,65,86,65,98,1,Impresionar,1,Mofa,1,Onda Vacío,1,Sorpresa,4,Bofetón Lodo,7,Picotazo Veneno,10,Tormento,16,Finta,19,Desquite,20,Carga Tóxica,22,Contoneo,28,Puya Nociva,29,Bomba Fango,31,Puño Drenaje,35,Maquinación,36,Tóxico,39,Golpe Bajo,43,Tajo Cruzado,47,Bomba Lodo,51,Camelo,54,Eructo,55,Lanzamugre,,,,,,,,,,,,,,,,,,,,,,,,,,,,,,,,,,,,,,,,,,,,,,,,,,,,,,,,,Puño Certero,Tóxico,Corpulencia,Poder Oculto,Día Soleado,Mofa,Hiperrayo,Protección,Danza Lluvia,Terremoto,Puntapié,Excavar,Bola Sombra,Demolición,Doble Equipo,Bomba Lodo,Tumba Rocas,Tormento,Atracción,Ladrón,Onda Certera,Lanzamiento,Puño Drenaje,Maquinación,Vendetta,Gigaimpacto,Roca Afilada,Danza Espada,Pulso Umbrío,Avalancha,Tijera X,Vozarrón,Puya Nociva,Corte,Fuerza,Golpe Roca,Treparrocas,,,,,,,,,,,,,,,,,,,,,,,,,,,,,,,,,,,,,,,,,,,,,,,,,,,,,,,,,,,,,,,,,,,,,,,,,,,,,,,,,,,,,,,,,,,,,,,,,,,,,,,,,,,,,,,,,,,,,,,Amago,Puño Dinámico,Golpe Cabeza,Onda Vacío,Sorpresa,Tajo Cruzado,Puño Bala,Contraataque,Anticipo,Acupresión,Meditación,,,,,,,,,,,,,,,,,,,,,,,,,,,,,,,,,,,,,,,,,,,,,,,,,,,,,,,,,,,,,,,,,,,,,,,,,,,,,,,,,,,,,,,,,,Ronquido,Refuerzo,Terratemblor,Bofetón Lodo,Corte Furia,Rencor,Puño Hielo,Puño Trueno,Sísmico,Bote,Imitación,Patada Baja,Golpe Bis,Onda Vacío,Puño Incremento,Viento Hielo,Desarme,Golpe Bajo,Juego Sucio,Superdiente,Tierra Viva,Lanzamugre,,,,,,,,,,,,,,,,,,,,,,,,,,,,,,,,,,,,,,,,,,,,,,,,,,,,,,,,,,,,,,,,,,,,,,,,,,,,,,
Carnivine,455,455,0,Planta,Acero,Grass,Grass,Ningún objeto,Ningún objeto,Ningún objeto,Levitación,Tumbos,Experto,74,110,72,100,72,36,1,Desarrollo,1,Atadura,1,Mordisco,6,Látigo Cepa,9,Picadura,12,Dulce Aroma,15,Hoja Afilada,15,Garra Metal,18,Arraigo,21,Hierba Lazo,24,Paralizador,27,Somnífero,27,Desarme,30,Bomba Germen,31,Ciclón de Hojas,33,Reserva,33,Escupir,33,Tragar,36,Triturar,36,Cabeza de Hierro,39,Energibola,42,Drenadoras,45,Latigazo,,,,,,,,,,,,,,,,,,,,,,,,,,,,,,,,,,,,,,,,,,,,,,,,,,,,,,,Tóxico,Semilladora,Día Soleado,Hiperrayo,Protección,Gigadrenado,Rayo Solar,Doble Equipo,Bomba Lodo,Atracción,Ladrón,Energibola,Lanzamiento,Vendetta,Gigaimpacto,Destello,Giro Bola,Danza Espada,Pulso Umbrío,Tijera X,Hierba Lazo,Ida y Vuelta,Corte,,,,,,,,,,,,,,,,,,,,,,,,,,,,,,,,,,,,,,,,,,,,,,,,,,,,,,,,,,,,,,,,,,,,,,,,,,,,,,,,,,,,,,,,,,,,,,,,,,,,,,,,,,,,,,,,,,,,,,,,,,,,,,,,,,,,,Somnífero,Paralizador,Hoja Afilada,Atizar,Síntesis,Hoja Mágica,Drenadoras,Abatidoras,Polvo Ira,Bomba Ácida,Silbato,,,,,,,,,,,,,,,,,,,,,,,,,,,,,,,,,,,,,,,,,,,,,,,,,,,,,,,,,,,,,,,,,,,,,,,,,,,,,,,,,,,,,,,,,,Ronquido,Atadura,Abatidoras,Bofetón Lodo,Corte Furia,Bilis,Síntesis,Bomba Germen,Chupavidas,Desarme,,,,,,,,,,,,,,,,,,,,,,,,,,,,,,,,,,,,,,,,,,,,,,,,,,,,,,,,,,,,,,,,,,,,,,,,,,,,,,,,,,,,,,,,,,
Finneon,456,456,0,Agua,,Water 2,Water 2,Ningún objeto,Ningún objeto,Ningún objeto,Nado Rápido,Colector,Hidratación,50,30,60,60,60,70,1,Destructor,1,Encanto,6,Pistola Agua,9,Atracción,12,Danza Lluvia,15,Tornado,18,Hidropulso,18,Viento Plata,21,Psicorrayo,26,Azote,27,Velo Sagrado,30,Acua Cola,36,Acua Aro,39,Torbellino,42,Ida y Vuelta,45,Bote,48,Hidrobomba,49,Viento Afín,54,Empapar,,,,,,,,,,,,,,,,,,,,,,,,,,,,,,,,,,,,,,,,,,,,,,,,,,,,,,,,,,,,,,,Hidropulso,Tóxico,Granizo,Rayo Hielo,Ventisca,Protección,Danza Lluvia,Velo Sagrado,Comesueños,Doble Equipo,Descanso,Atracción,Salmuera,Escaldar,Aguante,Vendetta,Destello,Autosugestión,Vendaval,Ida y Vuelta,Surf,Despejar,Cascada,,,,,,,,,,,,,,,,,,,,,,,,,,,,,,,,,,,,,,,,,,,,,,,,,,,,,,,,,,,,,,,,,,,,,,,,,,,,,,,,,,,,,,,,,,,,,,,,,,,,,,,,,,,,,,,,,,,,,,,,,,,,,,,,,,,,,Beso Dulce,Encanto,Azote,Acua Cola,Salpicadura,Psicorrayo,Cosquillas,Agilidad,Rayo Aurora,Rayo Confuso,Rayo Señal,,,,,,,,,,,,,,,,,,,,,,,,,,,,,,,,,,,,,,,,,,,,,,,,,,,,,,,,,,,,,,,,,,,,,,,,,,,,,,,,,,,,,,,,,,Ronquido,Aire Afilado,Rayo Señal,Viento Aciago,Buceo,Bote,Viento Afín,Meteoros,Acua Cola,Viento Hielo,Ciclón,,,,,,,,,,,,,,,,,,,,,,,,,,,,,,,,,,,,,,,,,,,,,,,,,,,,,,,,,,,,,,,,,,,,,,,,,,,,,,,,,,,,,,,,,
Lumineon,457,457,0,Agua,,Water 2,Water 2,Ningún objeto,Ningún objeto,Ningún objeto,Nado Rápido,Colector,Hidratación,70,40,75,105,90,105,1,Pistola Agua,1,Destructor,1,Tornado,1,Empapar,1,Encanto,1,Hidrobomba,1,Viento Hielo,6,Pistola Agua,9,Atracción,12,Danza Lluvia,15,Tornado,18,Viento Plata,18,Hidropulso,21,Psicorrayo,26,Azote,27,Velo Sagrado,30,Acua Cola,38,Acua Aro,42,Torbellino,46,Ida y Vuelta,50,Bote,54,Hidrobomba,59,Viento Afín,66,Empapar,,,,,,,,,,,,,,,,,,,,,,,,,,,,,,,,,,,,,,,,,,,,,,,,,,,,,Hidropulso,Tóxico,Granizo,Rayo Hielo,Ventisca,Hiperrayo,Protección,Danza Lluvia,Velo Sagrado,Comesueños,Doble Equipo,Descanso,Atracción,Salmuera,Escaldar,Aguante,Vendetta,Gigaimpacto,Destello,Autosugestión,Vendaval,Ida y Vuelta,Surf,Despejar,Cascada,,,,,,,,,,,,,,,,,,,,,,,,,,,,,,,,,,,,,,,,,,,,,,,,,,,,,,,,,,,,,,,,,,,,,,,,,,,,,,,,,,,,,,,,,,,,,,,,,,,,,,,,,,,,,,,,,,,,,,,,,,,,,,,,,,,Beso Dulce,Encanto,Azote,Acua Cola,Salpicadura,Psicorrayo,Cosquillas,Agilidad,Rayo Aurora,Rayo Confuso,Rayo Señal,,,,,,,,,,,,,,,,,,,,,,,,,,,,,,,,,,,,,,,,,,,,,,,,,,,,,,,,,,,,,,,,,,,,,,,,,,,,,,,,,,,,,,,,,,Ronquido,Aire Afilado,Rayo Señal,Viento Aciago,Buceo,Bote,Viento Afín,Meteoros,Acua Cola,Viento Hielo,Ciclón,,,,,,,,,,,,,,,,,,,,,,,,,,,,,,,,,,,,,,,,,,,,,,,,,,,,,,,,,,,,,,,,,,,,,,,,,,,,,,,,,,,,,,,,,
Mantyke,458,458,0,Agua,Volador,No Eggs,No Eggs,Ningún objeto,Ningún objeto,Ningún objeto,Nado Rápido,Absorbe Agua,Velo Agua,45,20,50,60,120,50,1,Pistola Agua,1,Placaje,1,Aire Afilado,4,Supersónico,7,Rayo Confuso,10,Hidropulso,13,Ataque Ala,16,Golpe Cabeza,16,Vasta Guardia,19,Rayo Burbuja,25,Derribo,28,Agilidad,31,Tajo Aéreo,34,Acua Aro,37,Manto Espejo,40,Bote,43,Viento Afín,46,Hidrobomba,,,,,,,,,,,,,,,,,,,,,,,,,,,,,,,,,,,,,,,,,,,,,,,,,,,,,,,,,,,,,,,,,Hidropulso,Tóxico,Granizo,Rayo Hielo,Ventisca,Protección,Danza Lluvia,Terremoto,Doble Equipo,Golpe Aéreo,Atracción,Salmuera,Avalancha,Vozarrón,Ida y Vuelta,Surf,Cascada,,,,,,,,,,,,,,,,,,,,,,,,,,,,,,,,,,,,,,,,,,,,,,,,,,,,,,,,,,,,,,,,,,,,,,,,,,,,,,,,,,,,,,,,,,,,,,,,,,,,,,,,,,,,,,,,,,,,,,,,,,,,,,,,,,,,,,,,,,,Ciclón,Niebla,Atizar,Manto Espejo,Salpicadura,Viento Afín,Rayo Confuso,Hidrobomba,Vasta Guardia,Amnesia,Rayo Señal,,,,,,,,,,,,,,,,,,,,,,,,,,,,,,,,,,,,,,,,,,,,,,,,,,,,,,,,,,,,,,,,,,,,,,,,,,,,,,,,,,,,,,,,,,Ronquido,Refuerzo,Terratemblor,Aire Afilado,Bofetón Lodo,Rayo Señal,Buceo,Bote,Viento Afín,Meteoros,Viento Hielo,,,,,,,,,,,,,,,,,,,,,,,,,,,,,,,,,,,,,,,,,,,,,,,,,,,,,,,,,,,,,,,,,,,,,,,,,,,,,,,,,,,,,,,,,
Snover,459,459,0,Planta,Hielo,Monster,Grass,Ningún objeto,Ningún objeto,Antiderretir,Nevada,Insonorizar,Sebo,60,62,50,62,60,40,1,Malicioso,1,Nieve Polvo,1,Follaje,5,Hoja Afilada,7,Viento Hielo,13,Contoneo,13,Silbato,16,Semilladora,19,Esquirla Helada,22,Drenadoras,25,Alud,28,Bomba Germen,31,Arraigo,34,Mazazo,37,Neblina,40,Chuzos,43,Ventisca,46,Frío Polar,,,,,,,,,,,,,,,,,,,,,,,,,,,,,,,,,,,,,,,,,,,,,,,,,,,,,,,,,,,,,,,,,Hidropulso,Tóxico,Granizo,Semilladora,Rayo Hielo,Ventisca,Pantalla de Luz,Protección,Danza Lluvia,Gigadrenado,Velo Sagrado,Rayo Solar,Cola Férrea,Bola Sombra,Doble Equipo,Atracción,Energibola,Destello,Alud,Danza Espada,Hierba Lazo,,,,,,,,,,,,,,,,,,,,,,,,,,,,,,,,,,,,,,,,,,,,,,,,,,,,,,,,,,,,,,,,,,,,,,,,,,,,,,,,,,,,,,,,,,,,,,,,,,,,,,,,,,,,,,,,,,,,,,,,,,,,,,,,,,,,,,,Drenadoras,Desarrollo,Doble Filo,Pisotón,Cabezazo,Hoja Mágica,Bomba Germen,Neblina,,,,,,,,,,,,,,,,,,,,,,,,,,,,,,,,,,,,,,,,,,,,,,,,,,,,,,,,,,,,,,,,,,,,,,,,,,,,,,,,,,,,,,,,,,,,,Ronquido,Abatidoras,Bofetón Lodo,Síntesis,Puño Hielo,Sísmico,Imitación,Bomba Germen,Viento Hielo,,,,,,,,,,,,,,,,,,,,,,,,,,,,,,,,,,,,,,,,,,,,,,,,,,,,,,,,,,,,,,,,,,,,,,,,,,,,,,,,,,,,,,,,,,,
Abomasnow,460,460,0,Planta,Hielo,Monster,Grass,Ningún objeto,Ningún objeto,Antiderretir,Nevada,Insonorizar,Sebo,90,92,75,92,85,60,0,Puño Hielo,1,Neblina,1,Follaje,1,Malicioso,1,Nieve Polvo,1,Velo Aurora,1,Puño Hielo,1,Hoja Afilada,7,Viento Hielo,13,Contoneo,13,Silbato,16,Semilladora,19,Esquirla Helada,22,Drenadoras,25,Alud,28,Bomba Germen,31,Arraigo,34,Mazazo,37,Neblina,41,Chuzos,45,Ventisca,49,Frío Polar,,,,,,,,,,,,,,,,,,,,,,,,,,,,,,,,,,,,,,,,,,,,,,,,,,,,,,,,,Puño Certero,Hidropulso,Tóxico,Granizo,Semilladora,Rayo Hielo,Ventisca,Hiperrayo,Pantalla de Luz,Protección,Danza Lluvia,Gigadrenado,Velo Sagrado,Rayo Solar,Cola Férrea,Terremoto,Bola Sombra,Demolición,Doble Equipo,Tumba Rocas,Atracción,Onda Certera,Energibola,Lanzamiento,Gigaimpacto,Destello,Alud,Danza Espada,Avalancha,Vozarrón,Hierba Lazo,Fuerza,Golpe Roca,Treparrocas,,,,,,,,,,,,,,,,,,,,,,,,,,,,,,,,,,,,,,,,,,,,,,,,,,,,,,,,,,,,,,,,,,,,,,,,,,,,,,,,,,,,,,,,,,,,,,,,,,,,,,,,,,,,,,,,,,,,,,,,,,Drenadoras,Desarrollo,Doble Filo,Pisotón,Cabezazo,Hoja Mágica,Bomba Germen,Neblina,,,,,,,,,,,,,,,,,,,,,,,,,,,,,,,,,,,,,,,,,,,,,,,,,,,,,,,,,,,,,,,,,,,,,,,,,,,,,,,,,,,,,,,,,,,,,Ronquido,Terratemblor,Abatidoras,Bofetón Lodo,Bloqueo,Pataleta,Síntesis,Puño Hielo,Sísmico,Imitación,Bomba Germen,Viento Hielo,Enfado,,,,,,,,,,,,,,,,,,,,,,,,,,,,,,,,,,,,,,,,,,,,,,,,,,,,,,,,,,,,,,,,,,,,,,,,,,,,,,,,,,,,,,,
Weavile,461,461,0,Siniestro,Hielo,Field,Field,Ningún objeto,Ningún objeto,Garra Rápida,Experto,Presión,Hurto,70,120,65,45,85,125,1,Esquirla Helada,1,Malicioso,1,Embargo,1,Arañazo,1,Cuchillada,1,Agilidad,1,Paliza,1,Mofa,1,Buena Baza,1,Desquite,1,Patada Baja,7,Ataque Rápido,10,Viento Hielo,10,Finta,16,Golpes Furia,19,Esquirla Helada,22,Garra Metal,25,Maquinación,28,Lanzamiento,31,Tajo Umbrío,34,Chirrido,36,Afilagarras,37,Chuzos,46,Pulso Umbrío,48,Golpe Mordaza,,,,,,,,,,,,,,,,,,,,,,,,,,,,,,,,,,,,,,,,,,,,,,,,,,,Puño Certero,Paz Mental,Tóxico,Granizo,Día Soleado,Mofa,Rayo Hielo,Ventisca,Hiperrayo,Protección,Danza Lluvia,Cola Férrea,Puntapié,Excavar,Bola Sombra,Demolición,Doble Equipo,Reflejo,Golpe Aéreo,Tormento,Atracción,Ladrón,Onda Certera,Falso Tortazo,Lanzamiento,Maquinación,Garra Umbría,Vendetta,Gigaimpacto,Alud,Danza Espada,Autosugestión,Alarido,Pulso Umbrío,Tijera X,Puya Nociva,Brillo Mágico,Corte,Surf,Fuerza,Golpe Roca,,,,,,,,,,,,,,,,,,,,,,,,,,,,,,,,,,,,,,,,,,,,,,,,,,,,,,,,,,,,,,,,,,,,,,,,,,,,,,,,,,,,,,,,,,,,,,,,,,,,,,,,,,,,,,,,,,,Contraataque,Rencor,Mordisco,Sorpresa,Doble Golpe,Esquirla Helada,Amago,Chuzos,Garra Brutal,Puño Hielo,Golpe Mordaza,Carámbano,,,,,,,,,,,,,,,,,,,,,,,,,,,,,,,,,,,,,,,,,,,,,,,,,,,,,,,,,,,,,,,,,,,,,,,,,,,,,,,,,,,,,,,,,Ronquido,Bofetón Lodo,Aguzar,Corte Furia,Rencor,Puño Hielo,Meteoros,Patada Baja,Puño Incremento,Viento Hielo,Desarme,Juego Sucio,,,,,,,,,,,,,,,,,,,,,,,,,,,,,,,,,,,,,,,,,,,,,,,,,,,,,,,,,,,,,,,,,,,,,,,,,,,,,,,,,,,,,,,,
Magnezone,462,462,0,Eléctrico,Acero,Mineral,Mineral,Ningún objeto,Ningún objeto,Revest. Metálico,Imán,Levitación,Cálculo Final,70,70,115,130,90,60,1,Supersónico,1,Placaje,1,Impactrueno,1,Manto Espejo,1,Aura Magnética,1,Barrera,1,Campo Eléctrico,1,Triataque,4,Onda Trueno,7,Bomba Imán,10,Chispa,13,Bola Voltio,16,Pantalla de Luz,19,Rayo Carga,22,Disparo Espejo,25,Eco Metálico,28,Chispazo,33,Foco Resplandor,37,Chirrido,41,Rayo,45,Fijar Blanco,49,Levitón,53,Giro Bola,57,Electrocañón,,,,,,,,,,,,,,,,,,,,,,,,,,,,,,,,,,,,,,,,,,,,,,,,,,,,,Tóxico,Día Soleado,Hiperrayo,Pantalla de Luz,Protección,Danza Lluvia,Rayo,Trueno,Doble Equipo,Reflejo,Onda Voltio,Imagen,Voltiocambio,Voltio Cruel,Zumbido,Explosión,Reciclaje,Gigaimpacto,Destello,Onda Trueno,Giro Bola,Autosugestión,Foco Resplandor,,,,,,,,,,,,,,,,,,,,,,,,,,,,,,,,,,,,,,,,,,,,,,,,,,,,,,,,,,,,,,,,,,,,,,,,,,,,,,,,,,,,,,,,,,,,,,,,,,,,,,,,,,,,,,,,,,,,,,,,,,,,,,,,,,,,,,,,,,,,,,,,,,,,,,,,,,,,,,,,,,,,,,,,,,,,,,,,,,,,,,,,,,,,,,,,,,,,,,,,,,,,,,,,,,,,,,,,,,,,,,,,,,,,,,,,,Ronquido,Cambio de Banda,Rodar,Electrotela,Autodestrucción,Rayo Señal,Defensa Férrea,Levitón,Capa Mágica,Meteoros,Cabeza de Hierro,Gravedad,Electrocañón,,,,,,,,,,,,,,,,,,,,,,,,,,,,,,,,,,,,,,,,,,,,,,,,,,,,,,,,,,,,,,,,,,,,,,,,,,,,,,,,,,,,,,,
Lickilicky,463,463,0,Normal,,Monster,Monster,Ningún objeto,Ningún objeto,Cola Plúmbea,Despiste,Gula,Aclimatación,110,100,95,80,95,50,1,Lengüetazo,4,Supersónico,7,Rizo Defensa,10,Constricción,13,Anulación,16,Pisotón,19,Desarme,22,Amnesia,25,Atizar,33,Rodar,34,Cabezazo Zen,37,Golpe Cuerpo,43,Golpe,46,Chirrido,49,Machada,52,Latigazo,58,Giro Bola,60,Tambor,,,,,,,,,,,,,,,,,,,,,,,,,,,,,,,,,,,,,,,,,,,,,,,,,,,,,,,,,,,,,,,,,Puño Certero,Hidropulso,Tóxico,Poder Oculto,Día Soleado,Rayo Hielo,Ventisca,Hiperrayo,Protección,Danza Lluvia,Rayo Solar,Cola Férrea,Rayo,Trueno,Terremoto,Excavar,Bola Sombra,Demolición,Doble Equipo,Onda Voltio,Lanzallamas,Tormenta Arena,Llamarada,Tumba Rocas,Atracción,Ladrón,Onda Certera,Lanzamiento,Explosión,Gigaimpacto,Giro Bola,Danza Espada,Autosugestión,Avalancha,Vozarrón,Brillo Mágico,Corte,Surf,Fuerza,Golpe Roca,Treparrocas,,,,,,,,,,,,,,,,,,,,,,,,,,,,,,,,,,,,,,,,,,,,,,,,,,,,,,,,,,,,,,,,,,,,,,,,,,,,,,,,,,,,,,,,,,,,,,,,,,,,,,,,,,,,,,,,,,,Eructo,Maldición,Machada,Golpe,Tambor,Golpe Cuerpo,Ronquido,Amnesia,Agua Lodosa,Cabezazo Zen,Doble Bofetón,Magnitud,,,,,,,,,,,,,,,,,,,,,,,,,,,,,,,,,,,,,,,,,,,,,,,,,,,,,,,,,,,,,,,,,,,,,,,,,,,,,,,,,,,,,,,,,Ronquido,Atadura,Refuerzo,Terratemblor,Rodar,Bofetón Lodo,Bloqueo,Autodestrucción,Pataleta,Puño Fuego,Puño Hielo,Puño Trueno,Sísmico,Cabezazo Zen,Acua Cola,Puño Incremento,Viento Hielo,Desarme,,,,,,,,,,,,,,,,,,,,,,,,,,,,,,,,,,,,,,,,,,,,,,,,,,,,,,,,,,,,,,,,,,,,,,,,,,,,,,,,,,
Rhyperior,464,464,0,Tierra,Roca,Monster,Field,Ningún objeto,Ningún objeto,Ningún objeto,Roca Sólida,Audaz,Potencia Bruta,115,140,130,55,55,40,1,Antiaéreo,1,Látigo,1,Placaje,1,Machada,1,Colmillo Rayo,1,Cornada,4,Ataque Furia,7,Cara Susto,10,Terratemblor,13,Pisotón,16,Pedrada,22,Derribo,25,Taladradora,28,Triturar,31,Avalancha,34,Puya Nociva,36,Machada,38,Megacuerno,42,Terremoto,46,Roca Afilada,50,Carga Dragón,54,Fuerza Bruta,58,Romperrocas,68,Perforador,,,,,,,,,,,,,,,,,,,,,,,,,,,,,,,,,,,,,,,,,,,,,,,,,,,,,Puño Certero,Rugido,Tóxico,Día Soleado,Rayo Hielo,Ventisca,Hiperrayo,Protección,Danza Lluvia,Cola Férrea,Rayo,Trueno,Terremoto,Excavar,Demolición,Doble Equipo,Onda Voltio,Lanzallamas,Tormenta Arena,Llamarada,Tumba Rocas,Atracción,Ladrón,Onda Certera,Lanzamiento,Pulso Dragón,Garra Umbría,Vendetta,Gigaimpacto,Pulimento,Roca Afilada,Alud,Danza Espada,Trampa Rocas,Avalancha,Vozarrón,Puya Nociva,Foco Resplandor,Corte,Surf,Fuerza,Golpe Roca,Treparrocas,,,,,,,,,,,,,,,,,,,,,,,,,,,,,,,,,,,,,,,,,,,,,,,,,,,,,,,,,,,,,,,,,,,,,,,,,,,,,,,,,,,,,,,,,,,,,,,,,,,,,,,,,,,,,,,,,Contraataque,Maldición,Carga Dragón,Cabezazo,Represión Metal,Isoguardia,Triturar,Inversión,Garra Brutal,Colmillo Hielo,Colmillo Ígneo,Colmillo Rayo,Magnitud,,,,,,,,,,,,,,,,,,,,,,,,,,,,,,,,,,,,,,,,,,,,,,,,,,,,,,,,,,,,,,,,,,,,,,,,,,,,,,,,,,,,,,,,Ronquido,Refuerzo,Terratemblor,Rodar,Bofetón Lodo,Bloqueo,Corte Furia,Rencor,Alboroto,Pataleta,Poder Pasado,Puño Fuego,Puño Hielo,Puño Trueno,Sísmico,Cabeza de Hierro,Taladradora,Arenas Ardientes,Acua Cola,Puño Incremento,Viento Hielo,Fuerza Bruta,Electrocañón,Esfuerzo,Enfado,Tierra Viva,,,,,,,,,,,,,,,,,,,,,,,,,,,,,,,,,,,,,,,,,,,,,,,,,,,,,,,,,,,,,,,,,,,,,,,,,,
Tangrowth,465,465,0,Planta,,Grass,Grass,Ningún objeto,Ningún objeto,Ningún objeto,Clorofila,Defensa Hoja,Regeneración,100,100,125,110,50,50,1,Desarrollo,1,Absorber,1,Bloqueo,1,Restricción,4,Arraigo,7,Látigo Cepa,10,Atadura,13,Paralizador,13,Somnífero,13,Polvo Veneno,16,Megaagotar,22,Desarme,25,Adaptación,28,Gigadrenado,34,Poder Pasado,37,Atizar,40,Cosquillas,46,Latigazo,49,Lluevehojas,56,Campo de Hierba,,,,,,,,,,,,,,,,,,,,,,,,,,,,,,,,,,,,,,,,,,,,,,,,,,,,,,,,,,,,,Tóxico,Semilladora,Día Soleado,Hiperrayo,Protección,Gigadrenado,Rayo Solar,Terremoto,Demolición,Doble Equipo,Reflejo,Onda Voltio,Bomba Lodo,Tumba Rocas,Golpe Aéreo,Atracción,Ladrón,Onda Certera,Energibola,Lanzamiento,Vendetta,Gigaimpacto,Destello,Danza Espada,Autosugestión,Avalancha,Vozarrón,Puya Nociva,Hierba Lazo,Corte,Fuerza,Golpe Roca,,,,,,,,,,,,,,,,,,,,,,,,,,,,,,,,,,,,,,,,,,,,,,,,,,,,,,,,,,,,,,,,,,,,,,,,,,,,,,,,,,,,,,,,,,,,,,,,,,,,,,,,,,,,,,,,,,,,,,,,,,,,Confusión,Esfuerzo,Azote,Drenadoras,Adaptación,Polvo Ira,Megaagotar,Amnesia,Lluevehojas,Cambiafuerza,,,,,,,,,,,,,,,,,,,,,,,,,,,,,,,,,,,,,,,,,,,,,,,,,,,,,,,,,,,,,,,,,,,,,,,,,,,,,,,,,,,,,,,,,,,Ronquido,Atadura,Terratemblor,Abatidoras,Bofetón Lodo,Bloqueo,Pataleta,Síntesis,Poder Pasado,Bomba Germen,Divide Dolor,Desarme,Esfuerzo,,,,,,,,,,,,,,,,,,,,,,,,,,,,,,,,,,,,,,,,,,,,,,,,,,,,,,,,,,,,,,,,,,,,,,,,,,,,,,,,,,,,,,,
Electivire,466,466,0,Eléctrico,Lucha,Human-Like,Human-Like,Ningún objeto,Ningún objeto,Electrizador,Electromotor,Espíritu Vital,Puño Férreo,75,123,67,95,85,95,1,Carga,1,Impactrueno,1,Malicioso,1,Ataque Rápido,1,Voltio Cruel,1,Machada,1,Puño Fuego,1,Puño Hielo,7,Patada Baja,10,Meteoros,13,Onda Voltio,16,Onda Trueno,19,Puño Trueno,22,Pantalla de Luz,25,Demolición,28,Chispazo,33,Chirrido,37,Tajo Cruzado,41,Rayo,45,Voltio Cruel,49,A Bocajarro,53,Trueno,57,Gigaimpacto,,,,,,,,,,,,,,,,,,,,,,,,,,,,,,,,,,,,,,,,,,,,,,,,,,,,,,,Puño Certero,Tóxico,Mofa,Hiperrayo,Pantalla de Luz,Protección,Danza Lluvia,Cola Férrea,Rayo,Trueno,Terremoto,Puntapié,Excavar,Psíquico,Demolición,Doble Equipo,Onda Voltio,Lanzallamas,Tumba Rocas,Tormento,Imagen,Voltiocambio,Atracción,Ladrón,Onda Certera,Lanzamiento,Voltio Cruel,Puño Drenaje,Gigaimpacto,Destello,Onda Trueno,Avalancha,Vozarrón,Fuerza,Golpe Roca,Treparrocas,,,,,,,,,,,,,,,,,,,,,,,,,,,,,,,,,,,,,,,,,,,,,,,,,,,,,,,,,,,,,,,,,,,,,,,,,,,,,,,,,,,,,,,,,,,,,,,,,,,,,,,,,,,,,,,,,,,,,,,,Tajo Cruzado,Puño Dinámico,Machada,Amago,Puño Fuego,Puño Hielo,Patada Giro,Meditación,Golpe Kárate,,,,,,,,,,,,,,,,,,,,,,,,,,,,,,,,,,,,,,,,,,,,,,,,,,,,,,,,,,,,,,,,,,,,,,,,,,,,,,,,,,,,,,,,,,,,Ronquido,Refuerzo,Antojo,Terratemblor,Electrotela,Bofetón Lodo,Alboroto,Rayo Señal,Pataleta,Puño Fuego,Puño Hielo,Puño Trueno,Levitón,Sísmico,Meteoros,Patada Baja,Golpe Bis,Puño Incremento,Electrocañón,,,,,,,,,,,,,,,,,,,,,,,,,,,,,,,,,,,,,,,,,,,,,,,,,,,,,,,,,,,,,,,,,,,,,,,,,,,,,,,,,
Magmortar,467,467,0,Fuego,,Human-Like,Human-Like,Ningún objeto,Ningún objeto,Magmatizador,Cuerpo Llama,Absorbe Fuego,Megadisparador,75,95,67,125,95,83,1,Pantalla de Humo,1,Ascuas,1,Malicioso,1,Polución,1,Puño Trueno,7,Pantalla de Humo,12,Niebla Clara,12,Finta,13,Giro Fuego,16,Rueda Fuego,16,Fuego Fatuo,19,Puño Fuego,22,Rayo Confuso,24,Cara Susto,25,Demolición,28,Humareda,33,Día Soleado,37,Tajo Cruzado,40,Patada Baja,41,Lanzallamas,45,Envite Ígneo,49,Esfera Aural,53,Llamarada,57,Hiperrayo,61,Lluvia Ígnea,,,,,,,,,,,,,,,,,,,,,,,,,,,,,,,,,,,,,,,,,,,,,,,,,,,Puño Certero,Tóxico,Día Soleado,Mofa,Hiperrayo,Protección,Rayo Solar,Cola Férrea,Rayo,Terremoto,Puntapié,Psíquico,Demolición,Doble Equipo,Lanzallamas,Llamarada,Tumba Rocas,Tormento,Atracción,Ladrón,Salmuera,Sofoco,Onda Certera,Lanzamiento,Pulso Dragón,Fuego Fatuo,Gigaimpacto,Pulso Umbrío,Avalancha,Vozarrón,Fuerza,Golpe Roca,Treparrocas,,,,,,,,,,,,,,,,,,,,,,,,,,,,,,,,,,,,,,,,,,,,,,,,,,,,,,,,,,,,,,,,,,,,,,,,,,,,,,,,,,,,,,,,,,,,,,,,,,,,,,,,,,,,,,,,,,,,,,,,,,,Eructo,Puño Dinámico,Ultrapuño,Tajo Cruzado,Megapuño,Chirrido,Puño Trueno,Envite Ígneo,Tambor,Foco Energía,Cambiafuerza,Golpe Kárate,,,,,,,,,,,,,,,,,,,,,,,,,,,,,,,,,,,,,,,,,,,,,,,,,,,,,,,,,,,,,,,,,,,,,,,,,,,,,,,,,,,,,,,,,Ronquido,Refuerzo,Antojo,Terratemblor,Bofetón Lodo,Alboroto,Pataleta,Puño Fuego,Puño Trueno,Sísmico,Patada Baja,Golpe Bis,Arenas Ardientes,Puño Incremento,Onda Ígnea,Electrocañón,,,,,,,,,,,,,,,,,,,,,,,,,,,,,,,,,,,,,,,,,,,,,,,,,,,,,,,,,,,,,,,,,,,,,,,,,,,,,,,,,,,,
Togekiss,468,468,0,Hada,Volador,Flying,Fairy,Ningún objeto,Ningún objeto,Ningún objeto,Afortunado,Dicha,Piel Feérica,85,50,95,120,115,80,0,Tajo Aéreo,1,Tajo Aéreo,1,Gota Vital,1,Destructor,1,Gruñido,1,Paranormal,1,Voz Cautivadora,1,Hoja Mágica,1,Encanto,1,Viento Feérico,5,Metrónomo,10,Otra Vez,15,Beso Drenaje,20,Señuelo,25,Deseo,30,Aire Afilado,32,Triataque,35,Velo Sagrado,40,Poder Pasado,42,Ataque Aéreo,45,Ovocuración,50,Relevo,52,Esfera Aural,55,Cede Paso,60,Fuerza Lunar,62,Veloc. Extrema,65,Maquinación,70,Doble Filo,75,Última Baza,,,,,,,,,,,,,,,,,,,,,,,,,,,,,,,,,,,,,,,,,,,Puño Certero,Hidropulso,Tóxico,Poder Oculto,Día Soleado,Hiperrayo,Pantalla de Luz,Protección,Danza Lluvia,Velo Sagrado,Comesueños,Rayo Solar,Psíquico,Bola Sombra,Demolición,Doble Equipo,Reflejo,Onda Voltio,Lanzallamas,Llamarada,Golpe Aéreo,Descanso,Atracción,Ala de Acero,Respiro,Lanzamiento,Aguante,Puño Drenaje,Maquinación,Gigaimpacto,Destello,Onda Trueno,Autosugestión,Brillo Mágico,Hierba Lazo,Vendaval,Vuelo,Despejar,Golpe Roca,,,,,,,,,,,,,,,,,,,,,,,,,,,,,,,,,,,,,,,,,,,,,,,,,,,,,,,,,,,,,,,,,,,,,,,,,,,,,,,,,,,,,,,,,,,,,,,,,,,,,,,,,,,,,,,,,,,,,Presente,Picotazo,Psicocambio,Paranormal,Sol Matinal,Premonición,Poder Reserva,,,,,,,,,,,,,,,,,,,,,,,,,,,,,,,,,,,,,,,,,,,,,,,,,,,,,,,,,,,,,,,,,,,,,,,,,,,,,,,,,,,,,,,,,,,,,,Ronquido,Refuerzo,Antojo,Cede Paso,Cambio de Banda,Aire Afilado,Rodar,Bofetón Lodo,Ala Bis,Aguzar,Cascabel Cura,Alboroto,Rayo Señal,Poder Pasado,Viento Aciago,Sísmico,Ataque Aéreo,Viento Afín,Cabezazo Zen,Capa Mágica,Meteoros,Truco,Onda Ígnea,Electrocañón,Última Baza,Esfuerzo,Ciclón,,,,,,,,,,,,,,,,,,,,,,,,,,,,,,,,,,,,,,,,,,,,,,,,,,,,,,,,,,,,,,,,,,,,,,,,,
Yanmega,469,469,0,Bicho,Volador,Bug,Bug,Ningún objeto,Ningún objeto,Lupa,Impulso,Cromolente,Cacheo,86,76,86,116,76,95,1,Ataque Ala,1,Hipnosis,1,Ataque Rápido,1,Tornado,1,Placaje,1,Picadura,1,Tajo Umbrío,6,Doble Equipo,11,Viento Plata,13,Cuchillada,14,Golpe Aéreo,17,Detección,19,Aire Afilado,23,Supersónico,27,Alboroto,29,Tajo Aéreo,30,Disparo Demora,33,Poder Pasado,35,Amago,39,Ida y Vuelta,43,Chirrido,45,Zumbido,,,,,,,,,,,,,,,,,,,,,,,,,,,,,,,,,,,,,,,,,,,,,,,,,,,,,,,,,Tóxico,Día Soleado,Hiperrayo,Protección,Gigadrenado,Rayo Solar,Psíquico,Bola Sombra,Doble Equipo,Golpe Aéreo,Atracción,Ladrón,Ala de Acero,Respiro,Aguante,Zumbido,Gigaimpacto,Destello,Danza Espada,Autosugestión,Brillo Mágico,Vendaval,Ida y Vuelta,Vuelo,Despejar,,,,,,,,,,,,,,,,,,,,,,,,,,,,,,,,,,,,,,,,,,,,,,,,,,,,,,,,,,,,,,,,,,,,,,,,,,,,,,,,,,,,,,,,,,,,,,,,,,,,,,,,,,,,,,,,,,,,,,,,,,,,,,,,,,,Remolino,Inversión,Chupavidas,Amago,Doble Filo,Finta,Rayo Señal,Viento Plata,,,,,,,,,,,,,,,,,,,,,,,,,,,,,,,,,,,,,,,,,,,,,,,,,,,,,,,,,,,,,,,,,,,,,,,,,,,,,,,,,,,,,,,,,,,,,Ronquido,Aire Afilado,Bofetón Lodo,Aguzar,Alboroto,Rayo Señal,Poder Pasado,Viento Aciago,Viento Afín,Meteoros,Chupavidas,,,,,,,,,,,,,,,,,,,,,,,,,,,,,,,,,,,,,,,,,,,,,,,,,,,,,,,,,,,,,,,,,,,,,,,,,,,,,,,,,,,,,,,,,
Leafeon,470,470,0,Planta,,Field,Field,Ningún objeto,Ningún objeto,Ningún objeto,Defensa Hoja,Clorofila,Manto Frondoso,65,110,130,60,65,95,0,Hoja Afilada,1,Látigo,1,Gruñido,1,Placaje,1,Refuerzo,1,Doble Filo,1,Encanto,1,Derribo,1,Relevo,1,Copión,1,Mordisco,1,Meteoros,1,Antojo,1,Hoja Afilada,1,Látigo Cepa,7,Ataque Arena,10,Ataque Rápido,13,Síntesis,15,Ojitos Tiernos,16,Hoja Afilada,17,Silbato,19,Hoja Mágica,20,Drenadoras,25,Bomba Germen,28,Tajo Umbrío,31,Danza Espada,34,Hoja Aguda,37,Psicocorte,40,Gigadrenado,40,Última Baza,43,Latigazo,,,,,,,,,,,,,,,,,,,,,,,,,,,,,,,,,,,,,,,Rugido,Tóxico,Semilladora,Poder Oculto,Día Soleado,Hiperrayo,Protección,Danza Lluvia,Gigadrenado,Rayo Solar,Cola Férrea,Excavar,Bola Sombra,Doble Equipo,Golpe Aéreo,Descanso,Atracción,Energibola,Gigaimpacto,Destello,Danza Espada,Tijera X,Hierba Lazo,Corte,Fuerza,Golpe Roca,,,,,,,,,,,,,,,,,,,,,,,,,,,,,,,,,,,,,,,,,,,,,,,,,,,,,,,,,,,,,,,,,,,,,,,,,,,,,,,,,,,,,,,,,,,,,,,,,,,,,,,,,,,,,,,,,,,,,,,,,,,,,,,,,,Azote,Maldición,Cosquillas,Bostezo,Detección,Doble Patada,Bofetón Lodo,Deseo,Encanto,Llanto Falso,Antojo,Poder Reserva,,,,,,,,,,,,,,,,,,,,,,,,,,,,,,,,,,,,,,,,,,,,,,,,,,,,,,,,,,,,,,,,,,,,,,,,,,,,,,,,,,,,,,,,,Ronquido,Refuerzo,Antojo,Abatidoras,Bofetón Lodo,Aguzar,Corte Furia,Cascabel Cura,Síntesis,Bomba Germen,Meteoros,Desarme,Electrocañón,Última Baza,,,,,,,,,,,,,,,,,,,,,,,,,,,,,,,,,,,,,,,,,,,,,,,,,,,,,,,,,,,,,,,,,,,,,,,,,,,,,,,,,,,,,,
Glaceon,471,471,0,Hielo,,Field,Field,Ningún objeto,Ningún objeto,Ningún objeto,Manto Níveo,Gélido,Quitanieves,65,60,110,130,65,95,0,Viento Hielo,1,Látigo,1,Gruñido,1,Placaje,1,Refuerzo,1,Doble Filo,1,Encanto,1,Derribo,1,Relevo,1,Copión,1,Meteoros,1,Antojo,1,Mordisco,1,Nieve Polvo,1,Viento Hielo,7,Ataque Arena,10,Ataque Rápido,13,Manto Espejo,15,Ojitos Tiernos,16,Viento Hielo,19,Esquirla Helada,22,Colmillo Hielo,25,Rayo Aurora,25,Barrera,28,Paranormal,34,Rayo Hielo,37,Tierra Viva,40,Liofilización,40,Última Baza,43,Ventisca,,,,,,,,,,,,,,,,,,,,,,,,,,,,,,,,,,,,,,,,,Hidropulso,Rugido,Tóxico,Granizo,Poder Oculto,Día Soleado,Rayo Hielo,Ventisca,Hiperrayo,Protección,Danza Lluvia,Comesueños,Cola Férrea,Excavar,Bola Sombra,Doble Equipo,Descanso,Atracción,Gigaimpacto,Alud,Hierba Lazo,Fuerza,Golpe Roca,,,,,,,,,,,,,,,,,,,,,,,,,,,,,,,,,,,,,,,,,,,,,,,,,,,,,,,,,,,,,,,,,,,,,,,,,,,,,,,,,,,,,,,,,,,,,,,,,,,,,,,,,,,,,,,,,,,,,,,,,,,,,,,,,,,,,Azote,Maldición,Cosquillas,Bostezo,Detección,Doble Patada,Bofetón Lodo,Deseo,Encanto,Llanto Falso,Antojo,Poder Reserva,,,,,,,,,,,,,,,,,,,,,,,,,,,,,,,,,,,,,,,,,,,,,,,,,,,,,,,,,,,,,,,,,,,,,,,,,,,,,,,,,,,,,,,,,Ronquido,Refuerzo,Antojo,Bofetón Lodo,Aguzar,Cascabel Cura,Rayo Señal,Meteoros,Acua Cola,Viento Hielo,Electrocañón,Última Baza,,,,,,,,,,,,,,,,,,,,,,,,,,,,,,,,,,,,,,,,,,,,,,,,,,,,,,,,,,,,,,,,,,,,,,,,,,,,,,,,,,,,,,,,
Gliscor,472,472,0,Tierra,Volador,Bug,Bug,Ningún objeto,Ningún objeto,Ningún objeto,Antídoto,Corte Fuerte,Velo Arena,75,95,125,45,75,95,1,Cuchillada,1,Picotazo Veneno,1,Puya Nociva,1,Fortaleza,1,Ataque Arena,1,Colmillo Ígneo,1,Colmillo Hielo,1,Colmillo Rayo,4,Ataque Rápido,7,Corte Furia,10,Desarme,13,Ataque Ala,16,Terratemblor,18,Bofetón Lodo,19,Finta,19,Bomba Fango,22,Tajo Umbrío,22,Acróbata,25,Ida y Vuelta,28,Veneno X,31,Chirrido,34,Tijera X,37,Terremoto,43,Danza Espada,45,Gancho Alto,46,Guillotina,,,,,,,,,,,,,,,,,,,,,,,,,,,,,,,,,,,,,,,,,,,,,,,,,Tóxico,Día Soleado,Mofa,Hiperrayo,Protección,Danza Lluvia,Cola Férrea,Terremoto,Excavar,Demolición,Doble Equipo,Bomba Lodo,Tormenta Arena,Tumba Rocas,Golpe Aéreo,Tormento,Atracción,Ladrón,Ala de Acero,Respiro,Falso Tortazo,Lanzamiento,Zumbido,Vendetta,Gigaimpacto,Pulimento,Roca Afilada,Danza Espada,Trampa Rocas,Pulso Umbrío,Avalancha,Tijera X,Vozarrón,Puya Nociva,Ida y Vuelta,Corte,Vuelo,Fuerza,Despejar,Golpe Roca,Treparrocas,,,,,,,,,,,,,,,,,,,,,,,,,,,,,,,,,,,,,,,,,,,,,,,,,,,,,,,,,,,,,,,,,,,,,,,,,,,,,,,,,,,,,,,,,,,,,,,,,,,,,,,,,,,,,,,,,,,Garra Metal,Ataque Ala,Contraataque,Bucle Arena,Agilidad,Relevo,Doble Filo,Amago,Tajo Umbrío,Veneno X,Truco Fuerza,Cola Veneno,Viento Cortante,,,,,,,,,,,,,,,,,,,,,,,,,,,,,,,,,,,,,,,,,,,,,,,,,,,,,,,,,,,,,,,,,,,,,,,,,,,,,,,,,,,,,,,,Ronquido,Terratemblor,Bofetón Lodo,Corte Furia,Ataque Aéreo,Viento Afín,Meteoros,Acua Cola,Desarme,Tierra Viva,,,,,,,,,,,,,,,,,,,,,,,,,,,,,,,,,,,,,,,,,,,,,,,,,,,,,,,,,,,,,,,,,,,,,,,,,,,,,,,,,,,,,,,,,,
Mamoswine,473,473,0,Hielo,Tierra,Field,Field,Ningún objeto,Ningún objeto,Ningún objeto,Sebo,Despiste,Pies Rápidos,110,130,80,70,60,80,0,Doble Golpe,1,Azote,1,Placaje,1,Poder Pasado,1,Colmillo Hielo,1,Ataque Furia,1,Picotazo,1,Doble Golpe,4,Bofetón Lodo,10,Nieve Polvo,13,Colmillo Hielo,15,Esquirla Helada,16,Terratemblor,18,Bomba Fango,19,Aguante,25,Alud,28,Derribo,30,Viento Hielo,31,Neblina,33,Doble Golpe,35,Terremoto,37,Amnesia,39,Golpe,43,Chuzos,47,Cara Susto,51,Ventisca,,,,,,,,,,,,,,,,,,,,,,,,,,,,,,,,,,,,,,,,,,,,,,,,,Rugido,Tóxico,Granizo,Rayo Hielo,Ventisca,Hiperrayo,Pantalla de Luz,Protección,Danza Lluvia,Terremoto,Excavar,Doble Equipo,Reflejo,Tormenta Arena,Tumba Rocas,Atracción,Gigaimpacto,Roca Afilada,Alud,Trampa Rocas,Avalancha,Vozarrón,Fuerza,Golpe Roca,Treparrocas,,,,,,,,,,,,,,,,,,,,,,,,,,,,,,,,,,,,,,,,,,,,,,,,,,,,,,,,,,,,,,,,,,,,,,,,,,,,,,,,,,,,,,,,,,,,,,,,,,,,,,,,,,,,,,,,,,,,,,,,,,,,,,,,,,,Mordisco,Poder Pasado,Doble Filo,Fisura,Maldición,Chuzos,Liofilización,Derribo,Golpe Cuerpo,Disparo Lodo,Carámbano,,,,,,,,,,,,,,,,,,,,,,,,,,,,,,,,,,,,,,,,,,,,,,,,,,,,,,,,,,,,,,,,,,,,,,,,,,,,,,,,,,,,,,,,,,Ronquido,Terratemblor,Bofetón Lodo,Bloqueo,Corte Furia,Pataleta,Poder Pasado,Cabeza de Hierro,Viento Hielo,Fuerza Bruta,Desarme,Esfuerzo,Tierra Viva,,,,,,,,,,,,,,,,,,,,,,,,,,,,,,,,,,,,,,,,,,,,,,,,,,,,,,,,,,,,,,,,,,,,,,,,,,,,,,,,,,,,,,,
Porygon-Z,474,474,0,Normal,,Mineral,Mineral,Ningún objeto,Ningún objeto,Ningún objeto,Adaptable,Descarga,Cálculo Final,85,76,70,135,70,99,1,Levitón,1,Conversión,1,Placaje,1,Rizo Defensa,1,Conversión2,1,Alboroto,4,Afilar,7,Psicorrayo,10,Agilidad,13,Recuperación,15,Impactrueno,16,Rayo Carga,25,Triataque,28,Chispazo,29,Rayo Señal,31,Fijar Blanco,34,Capa Mágica,34,Embargo,37,Rayo,40,Espacio Raro,43,Psíquico,46,Electrocañón,49,Hiperrayo,,,,,,,,,,,,,,,,,,,,,,,,,,,,,,,,,,,,,,,,,,,,,,,,,,,,,,,Tóxico,Día Soleado,Rayo Hielo,Ventisca,Hiperrayo,Protección,Danza Lluvia,Rayo Solar,Cola Férrea,Rayo,Trueno,Psíquico,Bola Sombra,Doble Equipo,Onda Voltio,Lanzallamas,Llamarada,Golpe Aéreo,Ladrón,Voltio Cruel,Maquinación,Reciclaje,Gigaimpacto,Destello,Onda Trueno,Autosugestión,Pulso Umbrío,Brillo Mágico,Espacio Raro,,,,,,,,,,,,,,,,,,,,,,,,,,,,,,,,,,,,,,,,,,,,,,,,,,,,,,,,,,,,,,,,,,,,,,,,,,,,,,,,,,,,,,,,,,,,,,,,,,,,,,,,,,,,,,,,,,,,,,,,,,,,,,,,,,,,,,,,,,,,,,,,,,,,,,,,,,,,,,,,,,,,,,,,,,,,,,,,,,,,,,,,,,,,,,,,,,,,,,,,,,,,,,,,,,,,,,,,,,,,,,,,,,,Ronquido,Cambio de Banda,Electrotela,Alboroto,Rayo Señal,Zona Extraña,Levitón,Cabezazo Zen,Capa Mágica,Divide Dolor,Meteoros,Truco,Gravedad,Viento Hielo,Electrocañón,Última Baza,Juego Sucio,,,,,,,,,,,,,,,,,,,,,,,,,,,,,,,,,,,,,,,,,,,,,,,,,,,,,,,,,,,,,,,,,,,,,,,,,,,,,,,,,,,
Gallade,475,475,0,Psíquico,Lucha,Human-Like,Amorphous,Ningún objeto,Ningún objeto,Ningún objeto,Impasible,Justiciero,Foco Interno,68,125,65,65,115,80,0,Cuchillada,1,Confusión,1,Malicioso,1,Premonición,1,Encanto,1,Gota Vital,1,Psicorrayo,1,Sellar,1,Beso Drenaje,1,Hipnosis,1,Voz Cautivadora,1,Gruñido,1,Cuchillada,1,Teletransporte,1,Hoja Aguda,7,Cuchillada,10,Corte Furia,13,Psicocorte,16,Tajo Umbrío,19,Golpe Aéreo,23,Protección,27,Cabezazo Zen,32,Danza Espada,37,A Bocajarro,42,Refuerzo,47,Falso Tortazo,49,Pulso Cura,52,Amago,56,Vasta Guardia,56,Anticipo,57,Legado,,,,,,,,,,,,,,,,,,,,,,,,,,,,,,,,,,,,,,,Puño Certero,Paz Mental,Tóxico,Corpulencia,Poder Oculto,Día Soleado,Mofa,Hiperrayo,Pantalla de Luz,Protección,Danza Lluvia,Velo Sagrado,Comesueños,Rayo,Terremoto,Puntapié,Psíquico,Bola Sombra,Demolición,Doble Equipo,Reflejo,Onda Voltio,Tumba Rocas,Golpe Aéreo,Tormento,Descanso,Atracción,Ladrón,Intercambio,Onda Certera,Energibola,Falso Tortazo,Lanzamiento,Voltio Cruel,Puño Drenaje,Fuego Fatuo,Reciclaje,Gigaimpacto,Destello,Roca Afilada,Onda Trueno,Danza Espada,Autosugestión,Avalancha,Tijera X,Vozarrón,Puya Nociva,Brillo Mágico,Hierba Lazo,Espacio Raro,Corte,Fuerza,Golpe Roca,,,,,,,,,,,,,,,,,,,,,,,,,,,,,,,,,,,,,,,,,,,,,,,,,,,,,,,,,,,,,,,,,,,,,,,,,,,,,,,,,,,,,,,,,,,,,,,,,,,,,,,Anulación,Mal de Ojo,Legado,Mismo Destino,Rabia,Sombra Vil,Rayo Confuso,Desarme,Otra Vez,Campo de Niebla,Cambio de Banda,,,,,,,,,,,,,,,,,,,,,,,,,,,,,,,,,,,,,,,,,,,,,,,,,,,,,,,,,,,,,,,,,,,,,,,,,,,,,,,,,,,,,,,,,,Ronquido,Refuerzo,Terratemblor,Cambio de Banda,Bofetón Lodo,Aguzar,Corte Furia,Rayo Señal,Puño Fuego,Puño Hielo,Puño Trueno,Zona Mágica,Zona Extraña,Sísmico,Cabezazo Zen,Capa Mágica,Divide Dolor,Meteoros,Patada Baja,Truco,Golpe Bis,Onda Vacío,Puño Incremento,Desarme,,,,,,,,,,,,,,,,,,,,,,,,,,,,,,,,,,,,,,,,,,,,,,,,,,,,,,,,,,,,,,,,,,,,,,,,,,,,
Probopass,476,476,0,Roca,Acero,Mineral,Mineral,Ningún objeto,Ningún objeto,Imán,Robustez,Imán,Fuente Energía,60,45,145,85,150,40,0,Triataque,1,Fortaleza,1,Placaje,1,Vasta Guardia,1,Gravedad,1,Levitón,1,Aura Magnética,1,Triataque,4,Defensa Férrea,4,Bloqueo,7,Lanzarrocas,10,Onda Trueno,10,Antiaéreo,13,Chispa,16,Avalancha,19,Descanso,22,Joya de Luz,25,Chispazo,28,Pedrada,31,Tormenta Arena,34,Rayo,37,Tierra Viva,40,Roca Afilada,43,Electrocañón,43,Fijar Blanco,46,Testarazo,50,Plancha Corporal,,,,,,,,,,,,,,,,,,,,,,,,,,,,,,,,,,,,,,,,,,,,,,,Tóxico,Día Soleado,Mofa,Hiperrayo,Protección,Comesueños,Rayo,Trueno,Terremoto,Doble Equipo,Onda Voltio,Tormenta Arena,Tumba Rocas,Tormento,Voltiocambio,Atracción,Explosión,Gigaimpacto,Pulimento,Roca Afilada,Onda Trueno,Trampa Rocas,Avalancha,Vozarrón,Foco Resplandor,Fuerza,Golpe Roca,,,,,,,,,,,,,,,,,,,,,,,,,,,,,,,,,,,,,,,,,,,,,,,,,,,,,,,,,,,,,,,,,,,,,,,,,,,,,,,,,,,,,,,,,,,,,,,,,,,,,,,,,,,,,,,,,,,,,,,,,,,,,,,,,Rodar,Doble Filo,Bloqueo,Vasta Guardia,Magnitud,,,,,,,,,,,,,,,,,,,,,,,,,,,,,,,,,,,,,,,,,,,,,,,,,,,,,,,,,,,,,,,,,,,,,,,,,,,,,,,,,,,,,,,,,,,,,,,,Ronquido,Terratemblor,Cambio de Banda,Rodar,Bofetón Lodo,Bloqueo,Autodestrucción,Pataleta,Poder Pasado,Puño Fuego,Puño Hielo,Puño Trueno,Defensa Férrea,Levitón,Capa Mágica,Divide Dolor,Cabeza de Hierro,Gravedad,Electrocañón,Tierra Viva,,,,,,,,,,,,,,,,,,,,,,,,,,,,,,,,,,,,,,,,,,,,,,,,,,,,,,,,,,,,,,,,,,,,,,,,,,,,,,,,
Dusknoir,477,477,0,Fantasma,,Amorphous,Amorphous,Ningún objeto,Ningún objeto,Hechizo,Puño Férreo,Presión,Regeneración,45,100,135,65,135,45,1,Malicioso,1,Atadura,1,Gravedad,1,Puño Trueno,1,Puño Hielo,1,Puño Fuego,1,Tinieblas,7,Anulación,10,Impresionar,16,Sombra Vil,22,Fuego Fatuo,25,Vendetta,28,Maldición,31,Bola Sombra,32,Puño Sombra,32,Infortunio,35,Rayo Confuso,39,Mal de Ojo,43,Premonición,47,Mismo Destino,,,,,,,,,,,,,,,,,,,,,,,,,,,,,,,,,,,,,,,,,,,,,,,,,,,,,,,,,,,,,Puño Certero,Paz Mental,Tóxico,Día Soleado,Mofa,Rayo Hielo,Ventisca,Hiperrayo,Protección,Danza Lluvia,Terremoto,Psíquico,Bola Sombra,Demolición,Doble Equipo,Tumba Rocas,Tormento,Atracción,Ladrón,Intercambio,Onda Certera,Lanzamiento,Voltio Cruel,Puño Drenaje,Fuego Fatuo,Vendetta,Gigaimpacto,Destello,Autosugestión,Pulso Umbrío,Avalancha,Vozarrón,Brillo Mágico,Espacio Raro,Fuerza,Golpe Roca,,,,,,,,,,,,,,,,,,,,,,,,,,,,,,,,,,,,,,,,,,,,,,,,,,,,,,,,,,,,,,,,,,,,,,,,,,,,,,,,,,,,,,,,,,,,,,,,,,,,,,,,,,,,,,,,,,,,,,,,Divide Dolor,Rabia,Legado,Niebla,Sellar,Mismo Destino,Finta,Viento Aciago,,,,,,,,,,,,,,,,,,,,,,,,,,,,,,,,,,,,,,,,,,,,,,,,,,,,,,,,,,,,,,,,,,,,,,,,,,,,,,,,,,,,,,,,,,,,,Ronquido,Atadura,Refuerzo,Terratemblor,Cambio de Banda,Bofetón Lodo,Aguzar,Rencor,Viento Aciago,Puño Fuego,Puño Hielo,Puño Trueno,Zona Extraña,Sísmico,Divide Dolor,Truco,Chupavidas,Gravedad,Puño Incremento,Viento Hielo,Golpe Bajo,,,,,,,,,,,,,,,,,,,,,,,,,,,,,,,,,,,,,,,,,,,,,,,,,,,,,,,,,,,,,,,,,,,,,,,,,,,,,,,
Froslass,478,478,0,Hielo,Fantasma,Fairy,Mineral,Ningún objeto,Ningún objeto,Hechizo,Levitación,Manto Níveo,Cuerpo Maldito,70,70,70,110,70,110,0,Infortunio,0,Viento Aciago,1,Malicioso,1,Nieve Polvo,1,Triturar,1,Golpe Cabeza,1,Colmillo Hielo,1,Mordisco,1,Meteorobola,1,Infortunio,1,Viento Aciago,6,Doble Equipo,9,Esquirla Helada,12,Viento Hielo,15,Impresionar,18,Beso Drenaje,24,Fuego Fatuo,27,Alud,30,Vaho Gélido,32,Bola Sombra,34,Rayo Hielo,38,Rayo Confuso,42,Trapicheo,46,Granizo,50,Ventisca,54,Velo Aurora,54,Mismo Destino,,,,,,,,,,,,,,,,,,,,,,,,,,,,,,,,,,,,,,,,,,,,,,,Hidropulso,Tóxico,Granizo,Mofa,Rayo Hielo,Ventisca,Hiperrayo,Pantalla de Luz,Protección,Danza Lluvia,Velo Sagrado,Rayo,Trueno,Psíquico,Bola Sombra,Doble Equipo,Reflejo,Onda Voltio,Tormento,Atracción,Lanzamiento,Fuego Fatuo,Vendetta,Gigaimpacto,Destello,Alud,Onda Trueno,Autosugestión,Brillo Mágico,,,,,,,,,,,,,,,,,,,,,,,,,,,,,,,,,,,,,,,,,,,,,,,,,,,,,,,,,,,,,,,,,,,,,,,,,,,,,,,,,,,,,,,,,,,,,,,,,,,,,,,,,,,,,,,,,,,,,,,,,,,,,,,Bloqueo,Anulación,Trapicheo,Rodar,Chuzos,Púas,Meteorobola,Infortunio,Llanto Falso,,,,,,,,,,,,,,,,,,,,,,,,,,,,,,,,,,,,,,,,,,,,,,,,,,,,,,,,,,,,,,,,,,,,,,,,,,,,,,,,,,,,,,,,,,,,Ronquido,Cambio de Banda,Rodar,Bofetón Lodo,Púas,Aguzar,Bloqueo,Rencor,Rayo Señal,Viento Aciago,Puño Hielo,Divide Dolor,Truco,Viento Hielo,Golpe Bajo,,,,,,,,,,,,,,,,,,,,,,,,,,,,,,,,,,,,,,,,,,,,,,,,,,,,,,,,,,,,,,,,,,,,,,,,,,,,,,,,,,,,,
Rotom,479,479,0,Eléctrico,Fantasma,Amorphous,Amorphous,Barrita Plus,Barrita Plus,Barrita Plus,Levitación,Levitación,Levitación,50,50,77,95,77,101,1,Impresionar,1,Truco,4,Impactrueno,7,Rayo Confuso,10,Onda Voltio,13,Doble Equipo,19,Alboroto,20,Bola Voltio,22,Sustituto,25,Rayo Carga,28,Fuego Fatuo,28,Viento Aciago,31,Chispazo,34,Bola Sombra,35,Infortunio,37,Carga,40,Rayo,43,Pulso Umbrío,46,Divide Dolor,49,Trueno,,,,,,,,,,,,,,,,,,,,,,,,,,,,,,,,,,,,,,,,,,,,,,,,,,,,,,,,,,,,,Tóxico,Día Soleado,Pantalla de Luz,Protección,Danza Lluvia,Rayo,Trueno,Bola Sombra,Doble Equipo,Reflejo,Onda Voltio,Voltiocambio,Descanso,Ladrón,Voltio Cruel,Fuego Fatuo,Maquinación,Destello,Onda Trueno,Autosugestión,Pulso Umbrío,Brillo Mágico,,,,,,,,,,,,,,,,,,,,,,,,,,,,,,,,,,,,,,,,,,,,,,,,,,,,,,,,,,,,,,,,,,,,,,,,,,,,,,,,,,,,,,,,,,,,,,,,,,,,,,,,,,,,,,,,,,,,,,,,,,,,,,,,,,,,,,,,,,,,,,,,,,,,,,,,,,,,,,,,,,,,,,,,,,,,,,,,,,,,,,,,,,,,,,,,,,,,,,,,,,,,,,,,,,,,,,,,,,,,,,,,,,,,,,,,,,Ronquido,Refuerzo,Cambio de Banda,Electrotela,Bofetón Lodo,Rencor,Alboroto,Rayo Señal,Viento Aciago,Divide Dolor,Meteoros,Truco,Golpe Bajo,Electrocañón,Juego Sucio,,,,,,,,,,,,,,,,,,,,,,,,,,,,,,,,,,,,,,,,,,,,,,,,,,,,,,,,,,,,,,,,,,,,,,,,,,,,,,,,,,,,,
Uxie,480,480,0,Psíquico,Hada,No Eggs,No Eggs,Ningún objeto,Ningún objeto,Ningún objeto,Levitación,Levitación,Cálculo Final,75,75,130,75,130,95,1,Confusión,1,Fuerza Lunar,1,Legado,6,Sellar,10,Aguante,14,Meteoros,18,Bostezo,21,Psicorrayo,22,Premonición,26,Cabezazo Zen,34,Azote,38,Paranormal,42,Amnesia,46,Descanso,50,Psíquico,,,,,,,,,,,,,,,,,,,,,,,,,,,,,,,,,,,,,,,,,,,,,,,,,,,,,,,,,,,,,,,,,,,,,,,Hidropulso,Paz Mental,Tóxico,Día Soleado,Hiperrayo,Pantalla de Luz,Protección,Danza Lluvia,Gigadrenado,Velo Sagrado,Comesueños,Rayo Solar,Cola Férrea,Rayo,Trueno,Psíquico,Bola Sombra,Doble Equipo,Reflejo,Onda Voltio,Tormenta Arena,Intercambio,Energibola,Lanzamiento,Voltio Cruel,Puño Drenaje,Maquinación,Reciclaje,Gigaimpacto,Destello,Onda Trueno,Trampa Rocas,Autosugestión,Brillo Mágico,Hierba Lazo,Ida y Vuelta,Espacio Raro,,,,,,,,,,,,,,,,,,,,,,,,,,,,,,,,,,,,,,,,,,,,,,,,,,,,,,,,,,,,,,,,,,,,,,,,,,,,,,,,,,,,,,,,,,,,,,,,,,,,,,,,,,,,,,,,,,,,,,,,,,,,,,,,,,,,,,,,,,,,,,,,,,,,,,,,,,,,,,,,,,,,,,,,,,,,,,,,,,,,,,,,,,,,,,,,,,,,,,,,,,,,,,,,,,,,,,,,,,,Ronquido,Refuerzo,Cambio de Banda,Bofetón Lodo,Aguzar,Cascabel Cura,Rayo Señal,Puño Fuego,Puño Hielo,Puño Trueno,Zona Mágica,Zona Extraña,Sísmico,Imitación,Cabezazo Zen,Capa Mágica,Meteoros,Truco,Puño Incremento,Desarme,Juego Sucio,,,,,,,,,,,,,,,,,,,,,,,,,,,,,,,,,,,,,,,,,,,,,,,,,,,,,,,,,,,,,,,,,,,,,,,,,,,,,,,
Mesprit,481,481,0,Psíquico,Hada,No Eggs,No Eggs,Ningún objeto,Ningún objeto,Ningún objeto,Levitación,Levitación,Compiescolta,80,105,105,105,105,80,1,Confusión,1,Fuerza Lunar,1,Deseo Cura,6,Sellar,10,Protección,14,Meteoros,21,Psicorrayo,22,Premonición,26,Cabezazo Zen,34,Copión,38,Paranormal,42,Encanto,46,Descanso,50,Psíquico,56,Camelo,,,,,,,,,,,,,,,,,,,,,,,,,,,,,,,,,,,,,,,,,,,,,,,,,,,,,,,,,,,,,,,,,,,,,,,Hidropulso,Paz Mental,Tóxico,Día Soleado,Rayo Hielo,Ventisca,Hiperrayo,Pantalla de Luz,Protección,Danza Lluvia,Velo Sagrado,Comesueños,Cola Férrea,Rayo,Trueno,Psíquico,Bola Sombra,Doble Equipo,Reflejo,Onda Voltio,Tormenta Arena,Intercambio,Energibola,Lanzamiento,Voltio Cruel,Puño Drenaje,Maquinación,Reciclaje,Gigaimpacto,Destello,Onda Trueno,Trampa Rocas,Autosugestión,Brillo Mágico,Hierba Lazo,Ida y Vuelta,Espacio Raro,,,,,,,,,,,,,,,,,,,,,,,,,,,,,,,,,,,,,,,,,,,,,,,,,,,,,,,,,,,,,,,,,,,,,,,,,,,,,,,,,,,,,,,,,,,,,,,,,,,,,,,,,,,,,,,,,,,,,,,,,,,,,,,,,,,,,,,,,,,,,,,,,,,,,,,,,,,,,,,,,,,,,,,,,,,,,,,,,,,,,,,,,,,,,,,,,,,,,,,,,,,,,,,,,,,,,,,,,,,Ronquido,Refuerzo,Cambio de Banda,Bofetón Lodo,Aguzar,Rayo Señal,Puño Fuego,Puño Hielo,Puño Trueno,Zona Mágica,Zona Extraña,Imitación,Cabezazo Zen,Capa Mágica,Meteoros,Truco,Puño Incremento,Desarme,,,,,,,,,,,,,,,,,,,,,,,,,,,,,,,,,,,,,,,,,,,,,,,,,,,,,,,,,,,,,,,,,,,,,,,,,,,,,,,,,,
Azelf,482,482,0,Psíquico,Hada,No Eggs,No Eggs,Ningún objeto,Ningún objeto,Ningún objeto,Levitación,Levitación,Tenacidad,75,125,70,125,70,115,1,Confusión,1,Fuerza Lunar,6,Sellar,10,Detección,14,Meteoros,18,Alboroto,21,Psicorrayo,22,Premonición,26,Cabezazo Zen,34,Última Baza,38,Paranormal,42,Maquinación,46,Descanso,50,Psíquico,61,Explosión,,,,,,,,,,,,,,,,,,,,,,,,,,,,,,,,,,,,,,,,,,,,,,,,,,,,,,,,,,,,,,,,,,,,,,,Hidropulso,Paz Mental,Tóxico,Día Soleado,Mofa,Hiperrayo,Pantalla de Luz,Protección,Danza Lluvia,Velo Sagrado,Comesueños,Cola Férrea,Rayo,Trueno,Psíquico,Bola Sombra,Doble Equipo,Reflejo,Onda Voltio,Lanzallamas,Tormenta Arena,Llamarada,Tormento,Intercambio,Energibola,Lanzamiento,Voltio Cruel,Puño Drenaje,Maquinación,Explosión,Vendetta,Reciclaje,Gigaimpacto,Destello,Onda Trueno,Trampa Rocas,Autosugestión,Brillo Mágico,Hierba Lazo,Ida y Vuelta,Espacio Raro,,,,,,,,,,,,,,,,,,,,,,,,,,,,,,,,,,,,,,,,,,,,,,,,,,,,,,,,,,,,,,,,,,,,,,,,,,,,,,,,,,,,,,,,,,,,,,,,,,,,,,,,,,,,,,,,,,,,,,,,,,,,,,,,,,,,,,,,,,,,,,,,,,,,,,,,,,,,,,,,,,,,,,,,,,,,,,,,,,,,,,,,,,,,,,,,,,,,,,,,,,,,,,,,,,,,,,,Ronquido,Refuerzo,Cambio de Banda,Bofetón Lodo,Aguzar,Autodestrucción,Alboroto,Rayo Señal,Puño Fuego,Puño Hielo,Puño Trueno,Zona Mágica,Zona Extraña,Imitación,Cabezazo Zen,Capa Mágica,Meteoros,Truco,Puño Incremento,Desarme,Última Baza,,,,,,,,,,,,,,,,,,,,,,,,,,,,,,,,,,,,,,,,,,,,,,,,,,,,,,,,,,,,,,,,,,,,,,,,,,,,,,,
Dialga,483,483,0,Acero,Dragón,No Eggs,No Eggs,Ningún objeto,Ningún objeto,Ningún objeto,Presión,Guardia Metálica,Telepatía,100,120,120,150,100,90,1,Cara Susto,1,Dragoaliento,6,Garra Metal,10,Poder Pasado,14,Cuchillada,18,Joya de Luz,22,Represión Metal,26,Garra Dragón,30,Pulso Dragón,34,Cola Férrea,38,Esfera Aural,42,Tierra Viva,46,Foco Resplandor,50,Distorsión,,,,,,,,,,,,,,,,,,,,,,,,,,,,,,,,,,,,,,,,,,,,,,,,,,,,,,,,,,,,,,,,,,,,,,,,,Garra Dragón,Rugido,Tóxico,Corpulencia,Día Soleado,Rayo Hielo,Ventisca,Hiperrayo,Protección,Danza Lluvia,Velo Sagrado,Cola Férrea,Rayo,Trueno,Terremoto,Demolición,Doble Equipo,Onda Voltio,Lanzallamas,Tormenta Arena,Llamarada,Tumba Rocas,Golpe Aéreo,Descanso,Sofoco,Pulso Dragón,Garra Umbría,Gigaimpacto,Destello,Roca Afilada,Onda Trueno,Trampa Rocas,Autosugestión,Avalancha,Vozarrón,Foco Resplandor,Espacio Raro,Corte,Fuerza,Golpe Roca,,,,,,,,,,,,,,,,,,,,,,,,,,,,,,,,,,,,,,,,,,,,,,,,,,,,,,,,,,,,,,,,,,,,,,,,,,,,,,,,,,,,,,,,,,,,,,,,,,,,,,,,,,,,,,,,,,,,,,,,,,,,,,,,,,,,,,,,,,,,,,,,,,,,,,,,,,,,,,,,,,,,,,,,,,,,,,,,,,,,,,,,,,,,,,,,,,,,,,,,,,,,,,,,,,,,,,,,Ronquido,Terratemblor,Bofetón Lodo,Corte Furia,Pataleta,Poder Pasado,Defensa Férrea,Levitón,Meteoros,Cabeza de Hierro,Gravedad,Cometa Draco,Enfado,Ciclón,Tierra Viva,,,,,,,,,,,,,,,,,,,,,,,,,,,,,,,,,,,,,,,,,,,,,,,,,,,,,,,,,,,,,,,,,,,,,,,,,,,,,,,,,,,,,
Palkia,484,484,0,Agua,Dragón,No Eggs,No Eggs,Ningún objeto,Ningún objeto,Ningún objeto,Presión,Cuerpo Puro,Telepatía,90,120,100,150,120,100,1,Cara Susto,1,Dragoaliento,6,Hidropulso,10,Poder Pasado,14,Cuchillada,18,Joya de Luz,22,Acua Aro,26,Garra Dragón,30,Pulso Dragón,34,Acua Cola,38,Esfera Aural,42,Tierra Viva,46,Hidrobomba,50,Corte Vacío,,,,,,,,,,,,,,,,,,,,,,,,,,,,,,,,,,,,,,,,,,,,,,,,,,,,,,,,,,,,,,,,,,,,,,,,,Puño Certero,Garra Dragón,Hidropulso,Rugido,Tóxico,Granizo,Corpulencia,Día Soleado,Rayo Hielo,Ventisca,Hiperrayo,Protección,Danza Lluvia,Velo Sagrado,Rayo,Trueno,Terremoto,Demolición,Doble Equipo,Onda Voltio,Lanzallamas,Tormenta Arena,Llamarada,Tumba Rocas,Golpe Aéreo,Descanso,Onda Certera,Escaldar,Lanzamiento,Pulso Dragón,Garra Umbría,Gigaimpacto,Roca Afilada,Alud,Onda Trueno,Autosugestión,Avalancha,Vozarrón,Espacio Raro,Corte,Surf,Fuerza,Golpe Roca,,,,,,,,,,,,,,,,,,,,,,,,,,,,,,,,,,,,,,,,,,,,,,,,,,,,,,,,,,,,,,,,,,,,,,,,,,,,,,,,,,,,,,,,,,,,,,,,,,,,,,,,,,,,,,,,,,,,,,,,,,,,,,,,,,,,,,,,,,,,,,,,,,,,,,,,,,,,,,,,,,,,,,,,,,,,,,,,,,,,,,,,,,,,,,,,,,,,,,,,,,,,,,,,,,,,,Ronquido,Terratemblor,Bofetón Lodo,Ala Bis,Corte Furia,Pataleta,Poder Pasado,Buceo,Meteoros,Acua Cola,Gravedad,Cometa Draco,Hidroariete,Enfado,Ciclón,Tierra Viva,,,,,,,,,,,,,,,,,,,,,,,,,,,,,,,,,,,,,,,,,,,,,,,,,,,,,,,,,,,,,,,,,,,,,,,,,,,,,,,,,,,,
Heatran,485,485,0,Fuego,Acero,No Eggs,No Eggs,Ningún objeto,Ningún objeto,Ningún objeto,Absorbe Fuego,Cuerpo Llama,Caparazón,91,90,106,130,106,77,1,Estallido,1,Poder Pasado,6,Garra Metal,6,Malicioso,10,Colmillo Ígneo,14,Eco Metálico,18,Triturar,22,Cara Susto,26,Humareda,30,Giro Fuego,34,Cabeza de Hierro,38,Tierra Viva,42,Onda Ígnea,46,Roca Afilada,50,Lluvia Ígnea,,,,,,,,,,,,,,,,,,,,,,,,,,,,,,,,,,,,,,,,,,,,,,,,,,,,,,,,,,,,,,,,,,,,,,,Rugido,Tóxico,Día Soleado,Mofa,Hiperrayo,Protección,Rayo Solar,Terremoto,Excavar,Doble Equipo,Lanzallamas,Llamarada,Tumba Rocas,Tormento,Atracción,Sofoco,Pulso Dragón,Fuego Fatuo,Explosión,Vendetta,Gigaimpacto,Roca Afilada,Trampa Rocas,Pulso Umbrío,Avalancha,Vozarrón,Foco Resplandor,Fuerza,Golpe Roca,Treparrocas,,,,,,,,,,,,,,,,,,,,,,,,,,,,,,,,,,,,,,,,,,,,,,,,,,,,,,,,,,,,,,,,,,,,,,,,,,,,,,,,,,,,,,,,,,,,,,,,,,,,,,,,,,,,,,,,,,,,,,,,,,,,,,,,,,,,,,,,,,,,,,,,,,,,,,,,,,,,,,,,,,,,,,,,,,,,,,,,,,,,,,,,,,,,,,,,,,,,,,,,,,,,,,,,,,,,,,,,,,,,,,,,,,Ronquido,Terratemblor,Bofetón Lodo,Autodestrucción,Alboroto,Pataleta,Poder Pasado,Defensa Férrea,Cabeza de Hierro,Arenas Ardientes,Onda Ígnea,Tierra Viva,,,,,,,,,,,,,,,,,,,,,,,,,,,,,,,,,,,,,,,,,,,,,,,,,,,,,,,,,,,,,,,,,,,,,,,,,,,,,,,,,,,,,,,,
Regigigas,486,486,0,Normal,,No Eggs,No Eggs,Ningún objeto,Ningún objeto,Ningún objeto,Compiescolta,Flaqueza,Normalidad,110,160,110,80,110,100,1,Destructor,1,Puño Hielo,1,Puño Fuego,1,Puño Trueno,1,Puño Mareo,6,Desarme,10,Rayo Confuso,18,Pisotón,18,Puño Drenaje,22,Desquite,24,Protección,26,Cabezazo Zen,30,Vendetta,34,Bloqueo,36,Megapuño,38,Adaptación,42,Agarrón,42,Plancha Corporal,46,Fuerza Bruta,48,Vasta Guardia,50,Gigaimpacto,60,Cuerpo Pesado,66,Machada,,,,,,,,,,,,,,,,,,,,,,,,,,,,,,,,,,,,,,,,,,,,,,,,,,,,,,,Puño Certero,Tóxico,Día Soleado,Hiperrayo,Protección,Danza Lluvia,Velo Sagrado,Rayo,Trueno,Terremoto,Demolición,Doble Equipo,Onda Voltio,Tumba Rocas,Golpe Aéreo,Onda Certera,Lanzamiento,Puño Drenaje,Vendetta,Gigaimpacto,Pulimento,Roca Afilada,Alud,Onda Trueno,Autosugestión,Avalancha,Vozarrón,Fuerza,Golpe Roca,Treparrocas,,,,,,,,,,,,,,,,,,,,,,,,,,,,,,,,,,,,,,,,,,,,,,,,,,,,,,,,,,,,,,,,,,,,,,,,,,,,,,,,,,,,,,,,,,,,,,,,,,,,,,,,,,,,,,,,,,,,,,,,,,,,,,,,,,,,,,,,,,,,,,,,,,,,,,,,,,,,,,,,,,,,,,,,,,,,,,,,,,,,,,,,,,,,,,,,,,,,,,,,,,,,,,,,,,,,,,,,,,,,,,,,,,Ronquido,Terratemblor,Bofetón Lodo,Bloqueo,Autodestrucción,Pataleta,Poder Pasado,Puño Fuego,Puño Hielo,Puño Trueno,Sísmico,Cabezazo Zen,Cabeza de Hierro,Gravedad,Puño Incremento,Viento Hielo,Fuerza Bruta,Desarme,Tierra Viva,,,,,,,,,,,,,,,,,,,,,,,,,,,,,,,,,,,,,,,,,,,,,,,,,,,,,,,,,,,,,,,,,,,,,,,,,,,,,,,,,
Giratina,487,487,0,Fantasma,Dragón,No Eggs,No Eggs,Ningún objeto,Ningún objeto,Ningún objeto,Presión,Cuerpo Maldito,Telepatía,150,100,120,100,120,90,1,Sombra Vil,1,Dragoaliento,1,Cara Susto,6,Viento Aciago,10,Poder Pasado,14,Cuchillada,18,Sombra Vil,21,Infortunio,22,Mismo Destino,26,Garra Dragón,30,Bola Sombra,34,Garra Umbría,38,Esfera Aural,42,Tierra Viva,46,Pulso Dragón,50,Golpe Umbrío,56,Divide Dolor,,,,,,,,,,,,,,,,,,,,,,,,,,,,,,,,,,,,,,,,,,,,,,,,,,,,,,,,,,,,,,,,,,,Garra Dragón,Paz Mental,Rugido,Tóxico,Día Soleado,Hiperrayo,Protección,Danza Lluvia,Velo Sagrado,Cola Férrea,Rayo,Trueno,Terremoto,Psíquico,Bola Sombra,Doble Equipo,Onda Voltio,Golpe Aéreo,Descanso,Ala de Acero,Energibola,Voltio Cruel,Pulso Dragón,Fuego Fatuo,Garra Umbría,Vendetta,Gigaimpacto,Roca Afilada,Onda Trueno,Autosugestión,Pulso Umbrío,Vozarrón,Brillo Mágico,Corte,Vuelo,Fuerza,Despejar,Golpe Roca,Treparrocas,,,,,,,,,,,,,,,,,,,,,,,,,,,,,,,,,,,,,,,,,,,,,,,,,,,,,,,,,,,,,,,,,,,,,,,,,,,,,,,,,,,,,,,,,,,,,,,,,,,,,,,,,,,,,,,,,,,,,,,,,,,,,,,,,,,,,,,,,,,,,,,,,,,,,,,,,,,,,,,,,,,,,,,,,,,,,,,,,,,,,,,,,,,,,,,,,,,,,,,,,,,,,,,,,,,,,,,,,Ronquido,Terratemblor,Aire Afilado,Bofetón Lodo,Ala Bis,Corte Furia,Rencor,Poder Pasado,Viento Aciago,Viento Afín,Capa Mágica,Divide Dolor,Meteoros,Cabeza de Hierro,Acua Cola,Gravedad,Viento Hielo,Cometa Draco,Enfado,Ciclón,Tierra Viva,,,,,,,,,,,,,,,,,,,,,,,,,,,,,,,,,,,,,,,,,,,,,,,,,,,,,,,,,,,,,,,,,,,,,,,,,,,,,,,
Cresselia,488,488,0,Psíquico,,No Eggs,No Eggs,Ningún objeto,Ningún objeto,Ningún objeto,Levitación,Levitación,Levitación,120,70,120,75,130,85,1,Confusión,6,Velo Sagrado,10,Neblina,14,Rayo Aurora,18,Psicorrayo,18,Premonición,22,Cuchillada,26,Reflejo,26,Pantalla de Luz,30,Psicocambio,34,Psicocorte,38,Luz Lunar,42,Rayo Hielo,46,Psíquico,50,Fuerza Lunar,72,Danza Lunar,,,,,,,,,,,,,,,,,,,,,,,,,,,,,,,,,,,,,,,,,,,,,,,,,,,,,,,,,,,,,,,,,,,,,Paz Mental,Tóxico,Día Soleado,Rayo Hielo,Hiperrayo,Pantalla de Luz,Protección,Danza Lluvia,Velo Sagrado,Comesueños,Rayo Solar,Psíquico,Bola Sombra,Doble Equipo,Reflejo,Atracción,Intercambio,Energibola,Voltio Cruel,Reciclaje,Gigaimpacto,Destello,Onda Trueno,Autosugestión,Brillo Mágico,Hierba Lazo,Espacio Raro,,,,,,,,,,,,,,,,,,,,,,,,,,,,,,,,,,,,,,,,,,,,,,,,,,,,,,,,,,,,,,,,,,,,,,,,,,,,,,,,,,,,,,,,,,,,,,,,,,,,,,,,,,,,,,,,,,,,,,,,,,,,,,,,,,,,,,,,,,,,,,,,,,,,,,,,,,,,,,,,,,,,,,,,,,,,,,,,,,,,,,,,,,,,,,,,,,,,,,,,,,,,,,,,,,,,,,,,,,,,,,,,,,,,,Ronquido,Refuerzo,Cambio de Banda,Bofetón Lodo,Corte Furia,Rayo Señal,Zona Mágica,Cabezazo Zen,Capa Mágica,Meteoros,Truco,Gravedad,Viento Hielo,,,,,,,,,,,,,,,,,,,,,,,,,,,,,,,,,,,,,,,,,,,,,,,,,,,,,,,,,,,,,,,,,,,,,,,,,,,,,,,,,,,,,,,
Phione,489,489,0,Agua,,Water 1,Fairy,Ningún objeto,Ningún objeto,Ningún objeto,Hidratación,Hidratación,Hidratación,80,80,80,80,80,80,1,Pistola Agua,2,Burbuja,6,Encanto,10,Supersónico,14,Rayo Burbuja,18,Armadura Ácida,22,Hidropulso,26,Torbellino,30,Alboroto,34,Acua Aro,42,Buceo,46,Danza Lluvia,50,Hidrobomba,,,,,,,,,,,,,,,,,,,,,,,,,,,,,,,,,,,,,,,,,,,,,,,,,,,,,,,,,,,,,,,,,,,,,,,,,,,Hidropulso,Tóxico,Granizo,Rayo Hielo,Ventisca,Protección,Danza Lluvia,Velo Sagrado,Comesueños,Doble Equipo,Salmuera,Escaldar,Lanzamiento,Autosugestión,Hierba Lazo,Ida y Vuelta,Surf,Cascada,,,,,,,,,,,,,,,,,,,,,,,,,,,,,,,,,,,,,,,,,,,,,,,,,,,,,,,,,,,,,,,,,,,,,,,,,,,,,,,,,,,,,,,,,,,,,,,,,,,,,,,,,,,,,,,,,,,,,,,,,,,,,,,,,,,,,,,,,,,,,,,,,,,,,,,,,,,,,,,,,,,,,,,,,,,,,,,,,,,,,,,,,,,,,,,,,,,,,,,,,,,,,,,,,,,,,,,,,,,,,,,,,,,,,,,,,,,,,,Ronquido,Antojo,Bofetón Lodo,Cascabel Cura,Alboroto,Rayo Señal,Poder Pasado,Buceo,Bote,Cabezazo Zen,Meteoros,Viento Hielo,Desarme,Última Baza,Hidroariete,,,,,,,,,,,,,,,,,,,,,,,,,,,,,,,,,,,,,,,,,,,,,,,,,,,,,,,,,,,,,,,,,,,,,,,,,,,,,,,,,,,,,
Manaphy,490,490,0,Agua,,Water 1,Fairy,Ningún objeto,Ningún objeto,Ningún objeto,Hidratación,Hidratación,Hidratación,100,100,100,100,100,100,1,Pistola Agua,1,Luminicola,1,Cambiaalmas,2,Burbuja,6,Encanto,10,Supersónico,14,Rayo Burbuja,18,Armadura Ácida,22,Hidropulso,26,Torbellino,30,Alboroto,34,Acua Aro,42,Buceo,46,Danza Lluvia,50,Hidrobomba,,,,,,,,,,,,,,,,,,,,,,,,,,,,,,,,,,,,,,,,,,,,,,,,,,,,,,,,,,,,,,,,,,,,,,,Hidropulso,Paz Mental,Tóxico,Granizo,Rayo Hielo,Ventisca,Hiperrayo,Pantalla de Luz,Protección,Danza Lluvia,Velo Sagrado,Comesueños,Psíquico,Bola Sombra,Doble Equipo,Reflejo,Intercambio,Salmuera,Energibola,Escaldar,Lanzamiento,Gigaimpacto,Destello,Autosugestión,Hierba Lazo,Ida y Vuelta,Surf,Cascada,,,,,,,,,,,,,,,,,,,,,,,,,,,,,,,,,,,,,,,,,,,,,,,,,,,,,,,,,,,,,,,,,,,,,,,,,,,,,,,,,,,,,,,,,,,,,,,,,,,,,,,,,,,,,,,,,,,,,,,,,,,,,,,,,,,,,,,,,,,,,,,,,,,,,,,,,,,,,,,,,,,,,,,,,,,,,,,,,,,,,,,,,,,,,,,,,,,,,,,,,,,,,,,,,,,,,,,,,,,,,,,,,,,,Ronquido,Antojo,Bofetón Lodo,Cascabel Cura,Alboroto,Rayo Señal,Poder Pasado,Buceo,Bote,Cabezazo Zen,Meteoros,Viento Hielo,Desarme,Última Baza,Hidroariete,,,,,,,,,,,,,,,,,,,,,,,,,,,,,,,,,,,,,,,,,,,,,,,,,,,,,,,,,,,,,,,,,,,,,,,,,,,,,,,,,,,,,
Darkrai,491,491,0,Siniestro,,No Eggs,No Eggs,Ningún objeto,Ningún objeto,Ningún objeto,Mal Sueño,Mal Sueño,Mal Sueño,70,90,90,135,90,125,1,Anulación,1,Rayo Confuso,1,Distorsión,1,Corte Vacío,1,Desarme,1,Viento Aciago,6,Ataque Rápido,10,Hipnosis,22,Doble Equipo,26,Niebla,26,Embargo,29,Finta,30,Tinieblas,34,Golpe Bajo,38,Juego Sucio,38,Brecha Negra,42,Maquinación,46,Comesueños,50,Pulso Umbrío,,,,,,,,,,,,,,,,,,,,,,,,,,,,,,,,,,,,,,,,,,,,,,,,,,,,,,,,,,,,,,,Puño Certero,Paz Mental,Tóxico,Día Soleado,Mofa,Rayo Hielo,Ventisca,Hiperrayo,Protección,Danza Lluvia,Rayo,Trueno,Psíquico,Bola Sombra,Demolición,Doble Equipo,Onda Voltio,Bomba Lodo,Tumba Rocas,Golpe Aéreo,Tormento,Ladrón,Onda Certera,Lanzamiento,Voltio Cruel,Puño Drenaje,Fuego Fatuo,Maquinación,Garra Umbría,Vendetta,Gigaimpacto,Destello,Onda Trueno,Danza Espada,Autosugestión,Alarido,Pulso Umbrío,Avalancha,Tijera X,Puya Nociva,Brillo Mágico,Corte,Fuerza,Golpe Roca,Treparrocas,,,,,,,,,,,,,,,,,,,,,,,,,,,,,,,,,,,,,,,,,,,,,,,,,,,,,,,,,,,,,,,,,,,,,,,,,,,,,,,,,,,,,,,,,,,,,,,,,,,,,,,,,,,,,,,,,,,,,,,,,,,,,,,,,,,,,,,,,,,,,,,,,,,,,,,,,,,,,,,,,,,,,,,,,,,,,,,,,,,,,,,,,,,,,,,,,,,,,,,,,,,,,,,,,,,Ronquido,Bofetón Lodo,Rencor,Viento Aciago,Zona Extraña,Meteoros,Truco,Puño Incremento,Viento Hielo,Desarme,Golpe Bajo,Última Baza,Juego Sucio,,,,,,,,,,,,,,,,,,,,,,,,,,,,,,,,,,,,,,,,,,,,,,,,,,,,,,,,,,,,,,,,,,,,,,,,,,,,,,,,,,,,,,,
Shaymin,492,492,0,Planta,,No Eggs,No Eggs,Baya Ziuela,Baya Ziuela,Baya Ziuela,Cura Natural,Cura Natural,Cura Natural,100,100,100,100,100,100,1,Desarrollo,1,Deseo Cura,1,Silbato,6,Hoja Mágica,10,Drenadoras,14,Síntesis,18,Dulce Aroma,26,Abatidoras,30,Aromaterapia,34,Energibola,38,Tierra Viva,42,Beso Dulce,46,Lluevehojas,50,Fulgor Semilla,,,,,,,,,,,,,,,,,,,,,,,,,,,,,,,,,,,,,,,,,,,,,,,,,,,,,,,,,,,,,,,,,,,,,,,,,Tóxico,Semilladora,Día Soleado,Hiperrayo,Protección,Gigadrenado,Velo Sagrado,Comesueños,Rayo Solar,Psíquico,Doble Equipo,Energibola,Gigaimpacto,Destello,Danza Espada,Autosugestión,Hierba Lazo,,,,,,,,,,,,,,,,,,,,,,,,,,,,,,,,,,,,,,,,,,,,,,,,,,,,,,,,,,,,,,,,,,,,,,,,,,,,,,,,,,,,,,,,,,,,,,,,,,,,,,,,,,,,,,,,,,,,,,,,,,,,,,,,,,,,,,,,,,,,,,,,,,,,,,,,,,,,,,,,,,,,,,,,,,,,,,,,,,,,,,,,,,,,,,,,,,,,,,,,,,,,,,,,,,,,,,,,,,,,,,,,,,,,,,,,,,,,,,,Ronquido,Antojo,Aire Afilado,Abatidoras,Bofetón Lodo,Aguzar,Síntesis,Viento Aciago,Viento Afín,Cabezazo Zen,Bomba Germen,Meteoros,Última Baza,Esfuerzo,Tierra Viva,,,,,,,,,,,,,,,,,,,,,,,,,,,,,,,,,,,,,,,,,,,,,,,,,,,,,,,,,,,,,,,,,,,,,,,,,,,,,,,,,,,,,
Arceus,493,493,0,Normal,,No Eggs,No Eggs,Ningún objeto,Ningún objeto,Ningún objeto,Multitipo,Multitipo,Multitipo,120,120,120,120,120,120,1,Masa Cósmica,1,Sísmico,1,Distorsión,1,Corte Vacío,1,Golpe Umbrío,6,Gravedad,10,Tierra Viva,14,Vozarrón,18,Veloc. Extrema,26,Premonición,30,Hiperrayo,34,Canto Mortal,38,Enfado,42,Recuperación,46,Hidrocañón,46,Anillo Ígneo,50,Deseo Cura,50,Sentencia,,,,,,,,,,,,,,,,,,,,,,,,,,,,,,,,,,,,,,,,,,,,,,,,,,,,,,,,,,,,,,,,,Garra Dragón,Hidropulso,Paz Mental,Rugido,Tóxico,Granizo,Semilladora,Poder Oculto,Día Soleado,Rayo Hielo,Ventisca,Hiperrayo,Pantalla de Luz,Protección,Danza Lluvia,Gigadrenado,Velo Sagrado,Rayo Solar,Cola Férrea,Rayo,Trueno,Terremoto,Psíquico,Bola Sombra,Demolición,Doble Equipo,Reflejo,Onda Voltio,Lanzallamas,Bomba Lodo,Tormenta Arena,Llamarada,Tumba Rocas,Golpe Aéreo,Sofoco,Onda Certera,Energibola,Escaldar,Voltio Cruel,Aguante,Pulso Dragón,Fuego Fatuo,Garra Umbría,Vendetta,Reciclaje,Gigaimpacto,Destello,Roca Afilada,Alud,Onda Trueno,Danza Espada,Trampa Rocas,Autosugestión,Alarido,Pulso Umbrío,Avalancha,Tijera X,Vozarrón,Puya Nociva,Brillo Mágico,Hierba Lazo,Vendaval,Foco Resplandor,Espacio Raro,Corte,Vuelo,Surf,Fuerza,Despejar,Golpe Roca,Cascada,Treparrocas,,,,,,,,,,,,,,,,,,,,,,,,,,,,,,,,,,,,,,,,,,,,,,,,,,,,,,,,,,,,,,,,,,,,,,,,,,,,,,,,,,,,,,,,,,,,,,,,,,,,,,,,,,,,,,,,,,,,,,,,,,,,,,,,,,,,,,,,,,,,,,,,,,,,,,,,,,,,,,,,,,,,,,,,,,,,,,,,,,,,,,,,Ronquido,Terratemblor,Bofetón Lodo,Aguzar,Corte Furia,Rayo Señal,Poder Pasado,Viento Aciago,Defensa Férrea,Buceo,Viento Afín,Cabezazo Zen,Capa Mágica,Meteoros,Cabeza de Hierro,Truco,Arenas Ardientes,Acua Cola,Gravedad,Viento Hielo,Onda Ígnea,Cometa Draco,Electrocañón,Última Baza,Hidroariete,Enfado,Ciclón,Tierra Viva,,,,,,,,,,,,,,,,,,,,,,,,,,,,,,,,,,,,,,,,,,,,,,,,,,,,,,,,,,,,,,,,,,,,,,,,
Litwick,607,607,0,Fantasma,Fuego,Amorphous,Amorphous,Ningún objeto,Ningún objeto,Ningún objeto,Absorbe Fuego,Cuerpo Llama,Allanamiento,50,30,55,65,55,20,1,Impresionar,1,Polución,4,Ascuas,8,Reducción,12,Rayo Confuso,16,Infortunio,20,Fuego Fatuo,24,Giro Fuego,28,Tinieblas,32,Maldición,36,Bola Sombra,40,Infierno,44,Sellar,48,Divide Dolor,52,Sofoco,56,Legado,,,,,,,,,,,,,,,,,,,,,,,,,,,,,,,,,,,,,,,,,,,,,,,,,,,,,,,,,,,,,,,,,,,,,Paz Mental,Tóxico,Día Soleado,Mofa,Protección,Velo Sagrado,Rayo Solar,Psíquico,Bola Sombra,Doble Equipo,Lanzallamas,Llamarada,Atracción,Ladrón,Sofoco,Energibola,Fuego Fatuo,Vendetta,Autosugestión,Pulso Umbrío,Espacio Raro,,,,,,,,,,,,,,,,,,,,,,,,,,,,,,,,,,,,,,,,,,,,,,,,,,,,,,,,,,,,,,,,,,,,,,,,,,,,,,,,,,,,,,,,,,,,,,,,,,,,,,,,,,,,,,,,,,,,,,,,,,,,,,,,,,,,,,,Niebla,Armadura Ácida,Isofuerza,Niebla Clara,Seducción,Aguante,Onda Ígnea,Ácido,,,,,,,,,,,,,,,,,,,,,,,,,,,,,,,,,,,,,,,,,,,,,,,,,,,,,,,,,,,,,,,,,,,,,,,,,,,,,,,,,,,,,,,,,,,,,,,,,,,,,,,,,,,,,,,,,,,,,,,,,,,,,,,,,,,,,,,,,,,,,,,,,,,,,,,,,,,,,,,,,,,,,,,,,,,,,,,,,,,,,,,,,,,,,,,,
Lampent,608,608,0,Fantasma,Fuego,Amorphous,Amorphous,Ningún objeto,Ningún objeto,Ningún objeto,Absorbe Fuego,Cuerpo Llama,Allanamiento,60,40,60,95,60,55,1,Impresionar,1,Ascuas,1,Reducción,1,Polución,12,Rayo Confuso,16,Infortunio,20,Fuego Fatuo,24,Giro Fuego,28,Tinieblas,32,Maldición,36,Bola Sombra,40,Infierno,46,Sellar,52,Divide Dolor,58,Sofoco,64,Legado,,,,,,,,,,,,,,,,,,,,,,,,,,,,,,,,,,,,,,,,,,,,,,,,,,,,,,,,,,,,,,,,,,,,,Paz Mental,Tóxico,Día Soleado,Mofa,Protección,Velo Sagrado,Rayo Solar,Psíquico,Bola Sombra,Doble Equipo,Lanzallamas,Llamarada,Atracción,Ladrón,Sofoco,Energibola,Fuego Fatuo,Vendetta,Autosugestión,Pulso Umbrío,Espacio Raro,,,,,,,,,,,,,,,,,,,,,,,,,,,,,,,,,,,,,,,,,,,,,,,,,,,,,,,,,,,,,,,,,,,,,,,,,,,,,,,,,,,,,,,,,,,,,,,,,,,,,,,,,,,,,,,,,,,,,,,,,,,,,,,,,,,,,,,Niebla,Armadura Ácida,Isofuerza,Niebla Clara,Seducción,Aguante,Onda Ígnea,Ácido,,,,,,,,,,,,,,,,,,,,,,,,,,,,,,,,,,,,,,,,,,,,,,,,,,,,,,,,,,,,,,,,,,,,,,,,,,,,,,,,,,,,,,,,,,,,,,,,,,,,,,,,,,,,,,,,,,,,,,,,,,,,,,,,,,,,,,,,,,,,,,,,,,,,,,,,,,,,,,,,,,,,,,,,,,,,,,,,,,,,,,,,,,,,,,,,
Chandelure,609,609,0,Fantasma,Fuego,Amorphous,Amorphous,Ningún objeto,Ningún objeto,Ningún objeto,Absorbe Fuego,Cuerpo Llama,Allanamiento,60,55,90,145,90,80,1,Impresionar,1,Rayo Confuso,1,Maldición,1,Ascuas,1,Giro Fuego,1,Infortunio,1,Sellar,1,Infierno,1,Legado,1,Reducción,1,Tinieblas,1,Sofoco,1,Divide Dolor,1,Bola Sombra,1,Polución,1,Fuego Fatuo,,,,,,,,,,,,,,,,,,,,,,,,,,,,,,,,,,,,,,,,,,,,,,,,,,,,,,,,,,,,,,,,,,,,,Paz Mental,Tóxico,Día Soleado,Mofa,Hiperrayo,Protección,Velo Sagrado,Rayo Solar,Psíquico,Bola Sombra,Doble Equipo,Lanzallamas,Llamarada,Atracción,Ladrón,Sofoco,Energibola,Fuego Fatuo,Vendetta,Gigaimpacto,Autosugestión,Pulso Umbrío,Espacio Raro,,,,,,,,,,,,,,,,,,,,,,,,,,,,,,,,,,,,,,,,,,,,,,,,,,,,,,,,,,,,,,,,,,,,,,,,,,,,,,,,,,,,,,,,,,,,,,,,,,,,,,,,,,,,,,,,,,,,,,,,,,,,,,,,,,,,,Niebla,Armadura Ácida,Isofuerza,Niebla Clara,Seducción,Aguante,Onda Ígnea,Ácido,,,,,,,,,,,,,,,,,,,,,,,,,,,,,,,,,,,,,,,,,,,,,,,,,,,,,,,,,,,,,,,,,,,,,,,,,,,,,,,,,,,,,,,,,,,,,,,,,,,,,,,,,,,,,,,,,,,,,,,,,,,,,,,,,,,,,,,,,,,,,,,,,,,,,,,,,,,,,,,,,,,,,,,,,,,,,,,,,,,,,,,,,,,,,,,,
Sylveon,700,700,0,Hada,,Field,Field,Ningún objeto,Ningún objeto,Ningún objeto,Gran Encanto,Gran Encanto,Piel Feérica,95,65,65,110,130,60,0,Voz Cautivadora,1,Látigo,1,Gruñido,1,Placaje,1,Refuerzo,1,Doble Filo,1,Encanto,1,Derribo,1,Relevo,1,Copión,1,Antojo,1,Mordisco,1,Viento Feérico,7,Ataque Arena,10,Ataque Rápido,13,Autosugestión,15,Ojitos Tiernos,16,Beso Drenaje,19,Meteoros,22,Encanto,25,Pantalla de Luz,25,Reflejo,28,Campo de Niebla,34,Brillo Mágico,37,Intercambio,40,Llama Embrujada,40,Última Baza,43,Fuerza Lunar,,,,,,,,,,,,,,,,,,,,,,,,,,,,,,,,,,,,,,,,,,,,,Paz Mental,Tóxico,Día Soleado,Hiperrayo,Pantalla de Luz,Protección,Danza Lluvia,Velo Sagrado,Comesueños,Cola Férrea,Bola Sombra,Doble Equipo,Reflejo,Descanso,Atracción,Gigaimpacto,Destello,Autosugestión,Corte,,,,,,,,,,,,,,,,,,,,,,,,,,,,,,,,,,,,,,,,,,,,,,,,,,,,,,,,,,,,,,,,,,,,,,,,,,,,,,,,,,,,,,,,,,,,,,,,,,,,,,,,,,,,,,,,,,,,,,,,,,,,,,,,,,,,,,,,,Azote,Maldición,Cosquillas,Bostezo,Detección,Doble Patada,Bofetón Lodo,Deseo,Encanto,Llanto Falso,Antojo,Poder Reserva,,,,,,,,,,,,,,,,,,,,,,,,,,,,,,,,,,,,,,,,,,,,,,,,,,,,,,,,,,,,,,,,,,,,,,,,,,,,,,,,,,,,,,,,,Ronquido,Refuerzo,Antojo,Cambio de Banda,Bofetón Lodo,Aguzar,Cascabel Cura,Capa Mágica,Meteoros,Última Baza,,,,,,,,,,,,,,,,,,,,,,,,,,,,,,,,,,,,,,,,,,,,,,,,,,,,,,,,,,,,,,,,,,,,,,,,,,,,,,,,,,,,,,,,,,
Pikipek,731,731,0,Normal,Volador,Flying,Flying,Ningún objeto,Ningún objeto,Baya Aranja,Vista Lince,Encadenado,Recogida,35,75,30,30,30,65,1,Picotazo,3,Gruñido,7,Eco Voz,9,Golpe Roca,13,Supersónico,15,Picoteo,19,Respiro,21,Ataque Furia,25,Chirrido,27,Pico Taladro,31,Semilladora,33,Danza Pluma,37,Vozarrón,,,,,,,,,,,,,,,,,,,,,,,,,,,,,,,,,,,,,,,,,,,,,,,,,,,,,,,,,,,,,,,,,,,,,,,,,,,Tóxico,Semilladora,Día Soleado,Protección,Demolición,Doble Equipo,Golpe Aéreo,Descanso,Atracción,Ladrón,Ala de Acero,Respiro,Danza Espada,Ida y Vuelta,Vuelo,Despejar,Golpe Roca,,,,,,,,,,,,,,,,,,,,,,,,,,,,,,,,,,,,,,,,,,,,,,,,,,,,,,,,,,,,,,,,,,,,,,,,,,,,,,,,,,,,,,,,,,,,,,,,,,,,,,,,,,,,,,,,,,,,,,,,,,,,,,,,,,,,,,,,,,,Espejo,Pájaro Osado,Estruendo,,,,,,,,,,,,,,,,,,,,,,,,,,,,,,,,,,,,,,,,,,,,,,,,,,,,,,,,,,,,,,,,,,,,,,,,,,,,,,,,,,,,,,,,,,,,,,,,,,,,,,,,,,,,,,,,,,,,,,,,,,,,,,,,,,,,,,,,,,,,,,,,,,,,,,,,,,,,,,,,,,,,,,,,,,,,,,,,,,,,,,,,,,,,,,,,,,,,,
Trumbeak,732,732,0,Normal,Volador,Flying,Flying,Ningún objeto,Ningún objeto,Baya Zidra,Vista Lince,Encadenado,Recogida,55,85,50,40,50,75,1,Eco Voz,1,Gruñido,1,Picotazo,1,Pedrada,1,Golpe Roca,3,Gruñido,7,Eco Voz,9,Golpe Roca,13,Supersónico,16,Picoteo,21,Respiro,24,Ataque Furia,29,Chirrido,32,Pico Taladro,37,Semilladora,40,Danza Pluma,45,Vozarrón,,,,,,,,,,,,,,,,,,,,,,,,,,,,,,,,,,,,,,,,,,,,,,,,,,,,,,,,,,,,,,,,,,,Tóxico,Semilladora,Día Soleado,Protección,Demolición,Doble Equipo,Golpe Aéreo,Descanso,Atracción,Ladrón,Ala de Acero,Respiro,Danza Espada,Ida y Vuelta,Vuelo,Despejar,Golpe Roca,,,,,,,,,,,,,,,,,,,,,,,,,,,,,,,,,,,,,,,,,,,,,,,,,,,,,,,,,,,,,,,,,,,,,,,,,,,,,,,,,,,,,,,,,,,,,,,,,,,,,,,,,,,,,,,,,,,,,,,,,,,,,,,,,,,,,,,,,,,Espejo,Pájaro Osado,Estruendo,,,,,,,,,,,,,,,,,,,,,,,,,,,,,,,,,,,,,,,,,,,,,,,,,,,,,,,,,,,,,,,,,,,,,,,,,,,,,,,,,,,,,,,,,,,,,,,,,,,,,,,,,,,,,,,,,,,,,,,,,,,,,,,,,,,,,,,,,,,,,,,,,,,,,,,,,,,,,,,,,,,,,,,,,,,,,,,,,,,,,,,,,,,,,,,,,,,,,
Toucannon,733,733,0,Normal,Volador,Flying,Flying,Ningún objeto,Ningún objeto,Baya Safre,Vista Lince,Encadenado,Potencia Bruta,80,120,85,70,85,60,0,Pico Cañón,1,Pico Cañón,1,Eco Voz,1,Gruñido,1,Picotazo,1,Pedrada,1,Golpe Roca,3,Gruñido,7,Eco Voz,9,Golpe Roca,13,Supersónico,16,Picoteo,21,Respiro,24,Ataque Furia,30,Chirrido,34,Pico Taladro,40,Semilladora,44,Danza Pluma,50,Vozarrón,,,,,,,,,,,,,,,,,,,,,,,,,,,,,,,,,,,,,,,,,,,,,,,,,,,,,,,,,,,,,,,Tóxico,Semilladora,Día Soleado,Protección,Demolición,Doble Equipo,Golpe Aéreo,Descanso,Atracción,Ladrón,Ala de Acero,Sofoco,Respiro,Gigaimpacto,Danza Espada,Ida y Vuelta,Foco Resplandor,Vuelo,Despejar,Golpe Roca,,,,,,,,,,,,,,,,,,,,,,,,,,,,,,,,,,,,,,,,,,,,,,,,,,,,,,,,,,,,,,,,,,,,,,,,,,,,,,,,,,,,,,,,,,,,,,,,,,,,,,,,,,,,,,,,,,,,,,,,,,,,,,,,,,,,,,,,Espejo,Pájaro Osado,Estruendo,,,,,,,,,,,,,,,,,,,,,,,,,,,,,,,,,,,,,,,,,,,,,,,,,,,,,,,,,,,,,,,,,,,,,,,,,,,,,,,,,,,,,,,,,,,,,,,,,,,,,,,,,,,,,,,,,,,,,,,,,,,,,,,,,,,,,,,,,,,,,,,,,,,,,,,,,,,,,,,,,,,,,,,,,,,,,,,,,,,,,,,,,,,,,,,,,,,,,
Obstagoon,862,862,0,Siniestro,Normal,Field,Field,Ningún objeto,Ningún objeto,Ningún objeto,Audaz,Agallas,Competitivo,93,110,101,40,81,95,0,Obstrucción,1,Malicioso,1,Placaje,1,Látigo,1,Ataque Arena,1,Afilagarras,1,Tajo Cruzado,1,Sumisión,1,Trapicheo,1,Última Palabra,1,Obstrucción,7,Lengüetazo,9,Alarido,13,Golpe Cabeza,15,Ojitos Tiernos,16,Pin Misil,22,Tajo Umbrío,23,Cara Susto,26,Derribo,29,Descanso,33,Doble Filo,37,Contraataque,40,Mofa,45,Lanzamiento,49,Bomba Germen,54,Superdiente,,,,,,,,,,,,,,,,,,,,,,,,,,,,,,,,,,,,,,,,,,,,,,,,,Hidropulso,Día Soleado,Mofa,Rayo Hielo,Ventisca,Protección,Danza Lluvia,Cola Férrea,Rayo,Trueno,Excavar,Bola Sombra,Doble Equipo,Onda Voltio,Tormento,Atracción,Ladrón,Lanzamiento,Voltio Cruel,Maquinación,Vendetta,Onda Trueno,Alarido,Pulso Umbrío,Hierba Lazo,Corte,Surf,Golpe Roca,,,,,,,,,,,,,,,,,,,,,,,,,,,,,,,,,,,,,,,,,,,,,,,,,,,,,,,,,,,,,,,,,,,,,,,,,,,,,,,,,,,,,,,,,,,,,,,,,,,,,,,,,,,,,,,,,,,,,,,,,,,,,,,,Desarme,Última Palabra,Anticipo,,,,,,,,,,,,,,,,,,,,,,,,,,,,,,,,,,,,,,,,,,,,,,,,,,,,,,,,,,,,,,,,,,,,,,,,,,,,,,,,,,,,,,,,,,,,,,,,,,,,,,,,,,,,,,,,,,,,,,,,,,,,,,,,,,,,,,,,,,,,,,,,,,,,,,,,,,,,,,,,,,,,,,,,,,,,,,,,,,,,,,,,,,,,,,,,,,,,,
Perrserker,863,863,0,Acero,,Field,Field,Ningún objeto,Ningún objeto,Ningún objeto,Armadura Batalla,Garra Dura,Alma Acerada,85,110,100,50,80,50,0,Cabeza de Hierro,1,Arañazo,1,Gruñido,1,Defensa Férrea,1,Represión Metal,1,Puño Bala,1,Cabeza de Hierro,6,Garra Metal,9,Sorpresa,12,Golpes Furia,15,Chirrido,18,Finta,21,Día de Pago,24,Mofa,24,Cuchillada,27,Tajo Umbrío,28,Bomba Germen,30,Buena Baza,34,Hipnosis,38,Afilagarras,42,Carantoña,50,Amago,54,Golpe,58,A Bocajarro,,,,,,,,,,,,,,,,,,,,,,,,,,,,,,,,,,,,,,,,,,,,,,,,,,,,,Hidropulso,Poder Oculto,Día Soleado,Mofa,Protección,Danza Lluvia,Cola Férrea,Rayo,Trueno,Excavar,Bola Sombra,Doble Equipo,Onda Voltio,Golpe Aéreo,Tormento,Descanso,Atracción,Ladrón,Maquinación,Garra Umbría,Vendetta,Destello,Autosugestión,Pulso Umbrío,Brillo Mágico,Ida y Vuelta,Foco Resplandor,Corte,Fuerza,Golpe Roca,Treparrocas,,,,,,,,,,,,,,,,,,,,,,,,,,,,,,,,,,,,,,,,,,,,,,,,,,,,,,,,,,,,,,,,,,,,,,,,,,,,,,,,,,,,,,,,,,,,,,,,,,,,,,,,,,,,,,,,,,,,,,,,,,,,,Antojo,Maldición,Doble Filo,Azote,Tajo Umbrío,Rencor,Lanzamugre,,,,,,,,,,,,,,,,,,,,,,,,,,,,,,,,,,,,,,,,,,,,,,,,,,,,,,,,,,,,,,,,,,,,,,,,,,,,,,,,,,,,,,,,,,,,,,,,,,,,,,,,,,,,,,,,,,,,,,,,,,,,,,,,,,,,,,,,,,,,,,,,,,,,,,,,,,,,,,,,,,,,,,,,,,,,,,,,,,,,,,,,,,,,,,,,,
Cursola,864,864,0,Fantasma,,Water 1,Water 3,Ningún objeto,Ningún objeto,Ningún objeto,Armadura Frágil,Armadura Frágil,Cuerpo Mortal,60,60,85,145,130,30,1,Fortaleza,1,Placaje,5,Impresionar,7,Recuperación,10,Anulación,13,Poder Pasado,16,Infortunio,19,Rabia,22,Clavo Cañón,25,Maldición,28,Defensa Férrea,28,Amnesia,31,Joya de Luz,34,Tierra Viva,35,Bola Sombra,37,Aguante,41,Absorbefuerza,42,Joya de Luz,44,Torbellino,47,Manto Espejo,51,Azote,53,Fuego Fatuo,60,Mismo Destino,,,,,,,,,,,,,,,,,,,,,,,,,,,,,,,,,,,,,,,,,,,,,,,,,,,,,,,Hidropulso,Paz Mental,Tóxico,Granizo,Día Soleado,Rayo Hielo,Ventisca,Pantalla de Luz,Protección,Danza Lluvia,Gigadrenado,Velo Sagrado,Terremoto,Excavar,Psíquico,Bola Sombra,Doble Equipo,Reflejo,Tormenta Arena,Tumba Rocas,Atracción,Salmuera,Escaldar,Fuego Fatuo,Explosión,Pulimento,Roca Afilada,Trampa Rocas,Avalancha,Surf,Fuerza,Golpe Roca,,,,,,,,,,,,,,,,,,,,,,,,,,,,,,,,,,,,,,,,,,,,,,,,,,,,,,,,,,,,,,,,,,,,,,,,,,,,,,,,,,,,,,,,,,,,,,,,,,,,,,,,,,,,,,,,,,,,,,,,,,,,Neblina,Rayo Confuso,Adaptación,Maldición,Testarazo,Chirrido,Amnesia,Arraigo,Carámbano,Acua Aro,Hidroariete,Cascabel Cura,,,,,,,,,,,,,,,,,,,,,,,,,,,,,,,,,,,,,,,,,,,,,,,,,,,,,,,,,,,,,,,,,,,,,,,,,,,,,,,,,,,,,,,,,,,,,,,,,,,,,,,,,,,,,,,,,,,,,,,,,,,,,,,,,,,,,,,,,,,,,,,,,,,,,,,,,,,,,,,,,,,,,,,,,,,,,,,,,,,,,,,,,,,,
Sirfetch'd,865,865,0,Lucha,,Field,Flying,Ningún objeto,Ningún objeto,Puerro,Impasible,Afortunado,Intrépido,62,135,95,60,90,65,0,Defensa Férrea,1,Ataque Arena,1,Golpe Roca,1,Malicioso,1,Corte Furia,1,Escaramuza,1,Defensa Férrea,7,Ataque Furia,10,Demolición,13,Desarme,15,Corte,16,Danza Espada,16,Despejar,19,Detección,22,Cuchillada,22,Tajo Umbrío,25,Desquite,28,Hoja Aguda,31,Puya Nociva,34,Atizar,37,Falso Tortazo,40,Amago,43,Pájaro Osado,46,Doble Filo,49,A Bocajarro,54,Sacrificio,60,Asalto Estelar,,,,,,,,,,,,,,,,,,,,,,,,,,,,,,,,,,,,,,,,,,,,,,,Corpulencia,Poder Oculto,Día Soleado,Protección,Cola Férrea,Puntapié,Demolición,Doble Equipo,Golpe Aéreo,Atracción,Ladrón,Ala de Acero,Onda Certera,Falso Tortazo,Aguante,Danza Espada,Autosugestión,Puya Nociva,Ida y Vuelta,Corte,Fuerza,Golpe Roca,,,,,,,,,,,,,,,,,,,,,,,,,,,,,,,,,,,,,,,,,,,,,,,,,,,,,,,,,,,,,,,,,,,,,,,,,,,,,,,,,,,,,,,,,,,,,,,,,,,,,,,,,,,,,,,,,,,,,,,,,,,,,,,,,,,,,,Contraataque,Antojo,Maldición,Doble Filo,Amago,Azote,Tajo Umbrío,Ataque Rápido,Anticipo,Onda Simple,Ataque Aéreo,,,,,,,,,,,,,,,,,,,,,,,,,,,,,,,,,,,,,,,,,,,,,,,,,,,,,,,,,,,,,,,,,,,,,,,,,,,,,,,,,,,,,,,,,,,,,,,,,,,,,,,,,,,,,,,,,,,,,,,,,,,,,,,,,,,,,,,,,,,,,,,,,,,,,,,,,,,,,,,,,,,,,,,,,,,,,,,,,,,,,,,,,,,,,
Mr. Rime,866,866,0,Hielo,Psíquico,Human-Like,Human-Like,Ningún objeto,Ningún objeto,Ningún objeto,Tumbos,Antibarrera,Gélido,80,65,75,110,100,100,1,Copión,1,Destructor,1,Barrera,1,Confusión,1,Esquirla Helada,1,Campo de Niebla,1,Protección,1,Reciclaje,1,Doble Patada,6,Copión,8,Meditación,9,Doble Bofetón,15,Otra Vez,18,Mimético,20,Protección,21,Psicorrayo,22,Viento Hielo,24,Pantalla de Luz,24,Reflejo,27,Brillo Mágico,30,Sustituto,33,Psíquico,36,Truco,39,Maquinación,40,Golpe Bajo,42,Imitación,44,Liofilización,45,Relevo,48,Velo Sagrado,52,Danza Caos,56,Psicocarga,60,Rayo Hielo,64,Relajo,,,,,,,,,,,,,,,,,,,,,,,,,,,,,,,,,,,Puño Certero,Paz Mental,Granizo,Día Soleado,Mofa,Rayo Hielo,Ventisca,Hiperrayo,Pantalla de Luz,Protección,Danza Lluvia,Velo Sagrado,Comesueños,Rayo Solar,Rayo,Trueno,Psíquico,Bola Sombra,Demolición,Doble Equipo,Reflejo,Golpe Aéreo,Tormento,Atracción,Ladrón,Intercambio,Salmuera,Onda Certera,Energibola,Puño Drenaje,Maquinación,Vendetta,Reciclaje,Gigaimpacto,Destello,Alud,Onda Trueno,Autosugestión,Brillo Mágico,Hierba Lazo,Espacio Raro,,,,,,,,,,,,,,,,,,,,,,,,,,,,,,,,,,,,,,,,,,,,,,,,,,,,,,,,,,,,,,,,,,,,,,,,,,,,,,,,,,,,,,,,,,,,,,,,,,,,,,,,,,,,,,,,,,,Hipnosis,Sorpresa,Rayo Confuso,Isofuerza,Cosquillas,Premonición,Mimético,Truco,Danza Caos,Deseo Cura,Encanto,Zona Mágica,Viento Hielo,,,,,,,,,,,,,,,,,,,,,,,,,,,,,,,,,,,,,,,,,,,,,,,,,,,,,,,,,,,,,,,,,,,,,,,,,,,,,,,,,,,,,,,,,,,,,,,,,,,,,,,,,,,,,,,,,,,,,,,,,,,,,,,,,,,,,,,,,,,,,,,,,,,,,,,,,,,,,,,,,,,,,,,,,,,,,,,,,,,,,,,,,,,
Wyrdeer,899,899,0,Normal,Psíquico,Field,Field,Ningún objeto,Ningún objeto,Ningún objeto,Intimidación,Cacheo,Herbívoro,103,105,72,75,75,95,1,Placaje,1,Malicioso,1,Agilidad,1,Terratemblor,7,Impresionar,10,Hipnosis,13,Pisotón,16,Ataque Arena,18,Rayo Confuso,21,Derribo,24,Paz Mental,27,Cabezazo Zen,31,Imitación,34,Golpe,38,Psíquico,41,Sellar,43,Bote,47,Plancha,52,Megacuerno,56,Danza Amiga,60,Doble Filo,66,Fuerza Equina,,,,,,,,,,,,,,,,,,,,,,,,,,,,,,,,,,,,,,,,,,,,,,,,,,,,,,,,,Paz Mental,Rugido,Tóxico,Poder Oculto,Día Soleado,Hiperrayo,Pantalla de Luz,Protección,Danza Lluvia,Rayo Solar,Cola Férrea,Rayo,Trueno,Terremoto,Psíquico,Bola Sombra,Doble Equipo,Reflejo,Onda Voltio,Imagen,Atracción,Ladrón,Intercambio,Energibola,Voltio Cruel,Gigaimpacto,Destello,Onda Trueno,Autosugestión,Vozarrón,Espacio Raro,,,,,,,,,,,,,,,,,,,,,,,,,,,,,,,,,,,,,,,,,,,,,,,,,,,,,,,,,,,,,,,,,,,,,,,,,,,,,,,,,,,,,,,,,,,,,,,,,,,,,,,,,,,,,,,,,,,,,,,,,,,,,Rencor,Anulación,Mordisco,Paranormal,Golpe,Doble Patada,Cabezazo Zen,Megacuerno,,,,,,,,,,,,,,,,,,,,,,,,,,,,,,,,,,,,,,,,,,,,,,,,,,,,,,,,,,,,,,,,,,,,,,,,,,,,,,,,,,,,,,,,,,,,,,,,,,,,,,,,,,,,,,,,,,,,,,,,,,,,,,,,,,,,,,,,,,,,,,,,,,,,,,,,,,,,,,,,,,,,,,,,,,,,,,,,,,,,,,,,,,,,,,,,
Kleavor,900,900,0,Bicho,Roca,Bug,Bug,Ningún objeto,Ningún objeto,Ningún objeto,Potencia Bruta,Experto,Impasible,70,135,95,45,70,85,0,Roca Veloz,1,Doble Golpe,1,Malicioso,1,Ataque Rápido,1,Tajo Aéreo,1,Ataque Ala,1,Antiaéreo,1,Roca Veloz,4,Foco Energía,7,Viento Plata,10,Falso Tortazo,12,Golpe Aéreo,13,Corte Furia,16,Agilidad,16,Doble Equipo,19,Trampa Rocas,22,Cuchillada,22,Tajo Umbrío,25,Picadura,27,Danza Espada,31,Defensa Férrea,31,Viento Cortante,34,Tijera X,37,Psicocorte,40,Avalancha,46,Relevo,49,Inversión,52,Amago,56,Roca Afilada,,,,,,,,,,,,,,,,,,,,,,,,,,,,,,,,,,,,,,,,,,,Paz Mental,Tóxico,Día Soleado,Hiperrayo,Pantalla de Luz,Protección,Danza Lluvia,Velo Sagrado,Demolición,Doble Equipo,Tormenta Arena,Golpe Aéreo,Atracción,Ladrón,Respiro,Falso Tortazo,Lanzamiento,Zumbido,Gigaimpacto,Danza Espada,Trampa Rocas,Avalancha,Tijera X,Ida y Vuelta,Corte,Fuerza,Despejar,Golpe Roca,Treparrocas,,,,,,,,,,,,,,,,,,,,,,,,,,,,,,,,,,,,,,,,,,,,,,,,,,,,,,,,,,,,,,,,,,,,,,,,,,,,,,,,,,,,,,,,,,,,,,,,,,,,,,,,,,,,,,,,,,,,,,,,,,,,,,,Contraataque,Tajo Umbrío,Amago,Anticipo,Relevo,Inversión,Viento Cortante,Viento Plata,,,,,,,,,,,,,,,,,,,,,,,,,,,,,,,,,,,,,,,,,,,,,,,,,,,,,,,,,,,,,,,,,,,,,,,,,,,,,,,,,,,,,,,,,,,,,,,,,,,,,,,,,,,,,,,,,,,,,,,,,,,,,,,,,,,,,,,,,,,,,,,,,,,,,,,,,,,,,,,,,,,,,,,,,,,,,,,,,,,,,,,,,,,,,,,,
Ursaluna,901,901,0,Tierra,Normal,Field,Field,Ningún objeto,Ningún objeto,Ningún objeto,Agallas,Antibalas,Nerviosismo,130,140,105,45,80,50,1,Encanto,1,Ojitos Tiernos,1,Llanto Falso,1,Lengüetazo,1,Malicioso,1,Arañazo,1,Pataleta,1,Machada,1,Foco Energía,6,Golpes Furia,12,Antojo,15,Vendetta,15,Dulce Aroma,15,Finta,17,Terratemblor,18,Garra Metal,21,Cara Susto,24,Cuchillada,24,Tajo Umbrío,25,Camaradería,27,Bostezo,31,Tajo Cruzado,35,Descanso,38,Terremoto,42,Triturar,46,Golpe,50,Machada,56,Carantoña,59,A Bocajarro,63,Doble Filo,,,,,,,,,,,,,,,,,,,,,,,,,,,,,,,,,,,,,,,,,Puño Certero,Rugido,Tóxico,Corpulencia,Día Soleado,Mofa,Hiperrayo,Protección,Danza Lluvia,Terremoto,Excavar,Demolición,Doble Equipo,Tumba Rocas,Golpe Aéreo,Tormento,Atracción,Ladrón,Onda Certera,Lanzamiento,Garra Umbría,Vendetta,Gigaimpacto,Roca Afilada,Alud,Danza Espada,Trampa Rocas,Avalancha,Corte,Fuerza,Golpe Roca,Treparrocas,,,,,,,,,,,,,,,,,,,,,,,,,,,,,,,,,,,,,,,,,,,,,,,,,,,,,,,,,,,,,,,,,,,,,,,,,,,,,,,,,,,,,,,,,,,,,,,,,,,,,,,,,,,,,,,,,,,,,,,,,,,,Triturar,Derribo,Sísmico,Contraataque,Garra Metal,Llanto Falso,Bostezo,Tajo Cruzado,Doble Filo,A Bocajarro,Tajo Umbrío,Tambor,Carantoña,,,,,,,,,,,,,,,,,,,,,,,,,,,,,,,,,,,,,,,,,,,,,,,,,,,,,,,,,,,,,,,,,,,,,,,,,,,,,,,,,,,,,,,,,,,,,,,,,,,,,,,,,,,,,,,,,,,,,,,,,,,,,,,,,,,,,,,,,,,,,,,,,,,,,,,,,,,,,,,,,,,,,,,,,,,,,,,,,,,,,,,,,,,
Sneasler,903,903,0,Lucha,Veneno,Field,Field,Ningún objeto,Ningún objeto,Garra Rápida,Presión,Toque Tóxico,Experto,80,130,60,40,80,120,1,Ataque Rápido,1,Malicioso,1,Foco Energía,1,Golpe Roca,1,Golpes Furia,1,Meteoros,1,Golpe Aéreo,14,Ultrapuño,16,Colmillo Veneno,18,Cuchillada,22,Garra Metal,25,Picotazo Veneno,29,Puño Drenaje,32,Chirrido,34,Danza Espada,37,Tijera X,41,Doble Equipo,43,A Bocajarro,47,Contraataque,52,Golpe Bajo,,,,,,,,,,,,,,,,,,,,,,,,,,,,,,,,,,,,,,,,,,,,,,,,,,,,,,,,,,,,,Puño Certero,Paz Mental,Tóxico,Granizo,Día Soleado,Mofa,Hiperrayo,Protección,Danza Lluvia,Cola Férrea,Puntapié,Excavar,Bola Sombra,Demolición,Doble Equipo,Reflejo,Golpe Aéreo,Tormento,Atracción,Ladrón,Onda Certera,Falso Tortazo,Lanzamiento,Puño Drenaje,Maquinación,Garra Umbría,Gigaimpacto,Danza Espada,Autosugestión,Alarido,Pulso Umbrío,Tijera X,Puya Nociva,Corte,Fuerza,Golpe Roca,,,,,,,,,,,,,,,,,,,,,,,,,,,,,,,,,,,,,,,,,,,,,,,,,,,,,,,,,,,,,,,,,,,,,,,,,,,,,,,,,,,,,,,,,,,,,,,,,,,,,,,,,,,,,,,,,,,,,,,,Contraataque,Rencor,Sorpresa,Doble Golpe,Garra Brutal,Puño Hielo,Golpe Mordaza,Golpe Bajo,Carámbano,,,,,,,,,,,,,,,,,,,,,,,,,,,,,,,,,,,,,,,,,,,,,,,,,,,,,,,,,,,,,,,,,,,,,,,,,,,,,,,,,,,,,,,,,,,,,,,,,,,,,,,,,,,,,,,,,,,,,,,,,,,,,,,,,,,,,,,,,,,,,,,,,,,,,,,,,,,,,,,,,,,,,,,,,,,,,,,,,,,,,,,,,,,,,,,
Overqwil,904,904,0,Siniestro,Veneno,Water 2,Water 2,Ningún objeto,Ningún objeto,Flecha Venenosa,Punto Tóxico,Nado Rápido,Intimidación,85,115,95,65,65,85,1,Picotazo Veneno,1,Rodar,1,Hidroariete,5,Púas,9,Pin Misil,12,Alarido,16,Cola Veneno,19,Púas Tóxicas,21,Giro Vil,24,Salmuera,26,Tajo Umbrío,27,Carga Tóxica,34,Puya Nociva,38,Acua Cola,42,Mismo Destino,46,Desquite,49,Doble Filo,54,Lanzamugre,57,Juego Sucio,60,Explosión,,,,,,,,,,,,,,,,,,,,,,,,,,,,,,,,,,,,,,,,,,,,,,,,,,,,,,,,,,,,,Hidropulso,Tóxico,Granizo,Mofa,Rayo Hielo,Ventisca,Protección,Danza Lluvia,Bola Sombra,Doble Equipo,Onda Voltio,Bomba Lodo,Atracción,Salmuera,Escaldar,Aguante,Explosión,Vendetta,Onda Trueno,Giro Bola,Danza Espada,Pulso Umbrío,Puya Nociva,Surf,Cascada,,,,,,,,,,,,,,,,,,,,,,,,,,,,,,,,,,,,,,,,,,,,,,,,,,,,,,,,,,,,,,,,,,,,,,,,,,,,,,,,,,,,,,,,,,,,,,,,,,,,,,,,,,,,,,,,,,,,,,,,,,,,,,,,,,,Azote,Niebla,Rayo Burbuja,Supersónico,Impresionar,Acua Jet,Bomba Ácida,Hidroariete,Rayo Señal,Bola Hielo,Viento Hielo,Púas,Meteoros,,,,,,,,,,,,,,,,,,,,,,,,,,,,,,,,,,,,,,,,,,,,,,,,,,,,,,,,,,,,,,,,,,,,,,,,,,,,,,,,,,,,,,,,,,,,,,,,,,,,,,,,,,,,,,,,,,,,,,,,,,,,,,,,,,,,,,,,,,,,,,,,,,,,,,,,,,,,,,,,,,,,,,,,,,,,,,,,,,,,,,,,,,,
Tinkatink,957,957,0,Hada,Acero,Fairy,Fairy,Ningún objeto,Ningún objeto,Ningún objeto,Rompemoldes,Ritmo Propio,Hurto,50,60,45,35,64,58,1,Impresionar,1,Viento Feérico,5,Ojitos Tiernos,8,Garra Metal,11,Antojo,14,Golpe Roca,17,Beso Drenaje,21,Beso Dulce,24,Giro Vil,27,Atizar,31,Cabeza de Hierro,35,Carantoña,39,Sorpresa,43,Camelo,47,Golpe Rastrero,52,Desarme,,,,,,,,,,,,,,,,,,,,,,,,,,,,,,,,,,,,,,,,,,,,,,,,,,,,,,,,,,,,,,,,,,,,,Pantalla de Luz,Protección,Doble Equipo,Reflejo,Tumba Rocas,Ladrón,Intercambio,Lanzamiento,Roca Afilada,Onda Trueno,Danza Espada,Trampa Rocas,Avalancha,Foco Resplandor,Golpe Roca,,,,,,,,,,,,,,,,,,,,,,,,,,,,,,,,,,,,,,,,,,,,,,,,,,,,,,,,,,,,,,,,,,,,,,,,,,,,,,,,,,,,,,,,,,,,,,,,,,,,,,,,,,,,,,,,,,,,,,,,,,,,,,,,,,,,,,,,,,,,,Amago,Martillo Hielo,Último Lugar,,,,,,,,,,,,,,,,,,,,,,,,,,,,,,,,,,,,,,,,,,,,,,,,,,,,,,,,,,,,,,,,,,,,,,,,,,,,,,,,,,,,,,,,,,,,,,,,,,,,,,,,,,,,,,,,,,,,,,,,,,,,,,,,,,,,,,,,,,,,,,,,,,,,,,,,,,,,,,,,,,,,,,,,,,,,,,,,,,,,,,,,,,,,,,,,,,,,,
Tinkatuff,958,958,0,Hada,Acero,Fairy,Fairy,Ningún objeto,Ningún objeto,Ningún objeto,Rompemoldes,Ritmo Propio,Hurto,65,70,55,45,82,78,1,Impresionar,1,Viento Feérico,5,Ojitos Tiernos,8,Garra Metal,11,Antojo,14,Golpe Roca,17,Beso Drenaje,21,Beso Dulce,24,Giro Vil,27,Atizar,31,Cabeza de Hierro,35,Carantoña,39,Sorpresa,43,Camelo,47,Golpe Rastrero,52,Desarme,,,,,,,,,,,,,,,,,,,,,,,,,,,,,,,,,,,,,,,,,,,,,,,,,,,,,,,,,,,,,,,,,,,,,Pantalla de Luz,Protección,Doble Equipo,Reflejo,Tumba Rocas,Ladrón,Intercambio,Lanzamiento,Gigaimpacto,Roca Afilada,Onda Trueno,Danza Espada,Trampa Rocas,Avalancha,Foco Resplandor,Golpe Roca,,,,,,,,,,,,,,,,,,,,,,,,,,,,,,,,,,,,,,,,,,,,,,,,,,,,,,,,,,,,,,,,,,,,,,,,,,,,,,,,,,,,,,,,,,,,,,,,,,,,,,,,,,,,,,,,,,,,,,,,,,,,,,,,,,,,,,,,,,,,Amago,Martillo Hielo,Último Lugar,,,,,,,,,,,,,,,,,,,,,,,,,,,,,,,,,,,,,,,,,,,,,,,,,,,,,,,,,,,,,,,,,,,,,,,,,,,,,,,,,,,,,,,,,,,,,,,,,,,,,,,,,,,,,,,,,,,,,,,,,,,,,,,,,,,,,,,,,,,,,,,,,,,,,,,,,,,,,,,,,,,,,,,,,,,,,,,,,,,,,,,,,,,,,,,,,,,,,
Tinkaton,959,959,0,Hada,Acero,Fairy,Fairy,Ningún objeto,Ningún objeto,Ningún objeto,Rompemoldes,Ritmo Propio,Hurto,85,90,77,70,105,94,0,Gigaton Hammer,1,Impresionar,1,Viento Feérico,5,Ojitos Tiernos,8,Garra Metal,11,Antojo,14,Golpe Roca,17,Beso Drenaje,21,Beso Dulce,24,Giro Vil,27,Atizar,31,Cabeza de Hierro,35,Carantoña,39,Sorpresa,43,Camelo,47,Golpe Rastrero,52,Desarme,,,,,,,,,,,,,,,,,,,,,,,,,,,,,,,,,,,,,,,,,,,,,,,,,,,,,,,,,,,,,,,,,,,Pantalla de Luz,Protección,Doble Equipo,Reflejo,Tumba Rocas,Ladrón,Intercambio,Lanzamiento,Reciclaje,Gigaimpacto,Roca Afilada,Onda Trueno,Danza Espada,Trampa Rocas,Pulso Umbrío,Avalancha,Vozarrón,Foco Resplandor,Golpe Roca,,,,,,,,,,,,,,,,,,,,,,,,,,,,,,,,,,,,,,,,,,,,,,,,,,,,,,,,,,,,,,,,,,,,,,,,,,,,,,,,,,,,,,,,,,,,,,,,,,,,,,,,,,,,,,,,,,,,,,,,,,,,,,,,,,,,,,,,,Amago,Martillo Hielo,Último Lugar,,,,,,,,,,,,,,,,,,,,,,,,,,,,,,,,,,,,,,,,,,,,,,,,,,,,,,,,,,,,,,,,,,,,,,,,,,,,,,,,,,,,,,,,,,,,,,,,,,,,,,,,,,,,,,,,,,,,,,,,,,,,,,,,,,,,,,,,,,,,,,,,,,,,,,,,,,,,,,,,,,,,,,,,,,,,,,,,,,,,,,,,,,,,,,,,,,,,,
Clone Venusaur,1013,3,3,Planta,Veneno,No Eggs,No Eggs,Ningún objeto,Ningún objeto,Ningún objeto,Clorofila,Sebo,Herbogénesis,80,82,83,110,100,80,0,Tormenta Floral,1,Desarrollo,1,Látigo Cepa,1,Gruñido,1,Placaje,1,Danza Pétalo,1,Latigazo,1,Tierra Viva,5,Látigo Cepa,8,Drenadoras,11,Hoja Afilada,14,Somnífero,14,Polvo Veneno,16,Hoja Mágica,18,Residuos,20,Bomba Germen,22,Derribo,26,Dulce Aroma,30,Bomba Lodo,32,Danza Pétalo,35,Desarrollo,40,Abatidoras,45,Doble Filo,50,Síntesis,55,Rayo Solar,60,Lluevehojas,,,,,,,,,,,,,,,,,,,,,,,,,,,,,,,,,,,,,,,,,,,,,,,,,Rugido,Tóxico,Semilladora,Poder Oculto,Día Soleado,Hiperrayo,Pantalla de Luz,Protección,Gigadrenado,Velo Sagrado,Rayo Solar,Terremoto,Doble Equipo,Bomba Lodo,Atracción,Energibola,Falso Tortazo,Aguante,Gigaimpacto,Destello,Danza Espada,Vozarrón,Hierba Lazo,Corte,Fuerza,Golpe Roca,Treparrocas,,,,,,,,,,,,,,,,,,,,,,,,,,,,,,,,,,,,,,,,,,,,,,,,,,,,,,,,,,,,,,,,,,,,,,,,,,,,,,,,,,,,,,,,,,,,,,,,,,,,,,,,,,,,,,,,,,,,,,,,,,,,,,,,,,,,,,,,,,,,,,,,,,,,,,,,,,,,,,,,,,,,,,,,,,,,,,,,,,,,,,,,,,,,,,,,,,,,,,,,,,,,,,,,,,,,,,,,,,,,,,,,,,,,,,,,,,,,,,,,,,,,,,,,,,,,,,,,,,,,,,,,,,,,,,,,,,,,,,,,,,,,,,,,,,,,,,,,,,,,,,,,,,,,,,,,,,,,,,,,,,,,,,,,
Clone Charizard,1017,6,4,Fuego,Dragón,No Eggs,No Eggs,Ningún objeto,Ningún objeto,Ningún objeto,Levitación,Mar Llamas,Sequía,78,84,78,110,85,100,0,Tajo Aéreo,1,Garra Dragón,1,Garra Umbría,1,Gruñido,1,Arañazo,1,Onda Ígnea,1,Ataque Ala,1,Tajo Aéreo,5,Ascuas,8,Pantalla de Humo,11,Garra Metal,14,Mordisco,16,Dragoaliento,22,Colmillo Ígneo,26,Cuchillada,30,Lanzallamas,34,Cara Susto,36,Tajo Aéreo,39,Triturar,44,Pulso Dragón,49,Giro Fuego,54,Infierno,54,Tambor,59,Envite Ígneo,,,,,,,,,,,,,,,,,,,,,,,,,,,,,,,,,,,,,,,,,,,,,,,,,,,,,Puño Certero,Garra Dragón,Rugido,Tóxico,Poder Oculto,Día Soleado,Hiperrayo,Protección,Rayo Solar,Cola Férrea,Terremoto,Demolición,Doble Equipo,Lanzallamas,Llamarada,Tumba Rocas,Golpe Aéreo,Atracción,Ala de Acero,Sofoco,Respiro,Onda Certera,Falso Tortazo,Lanzamiento,Aguante,Pulso Dragón,Fuego Fatuo,Garra Umbría,Gigaimpacto,Danza Espada,Avalancha,Vozarrón,Vendaval,Corte,Vuelo,Fuerza,Golpe Roca,,,,,,,,,,,,,,,,,,,,,,,,,,,,,,,,,,,,,,,,,,,,,,,,,,,,,,,,,,,,,,,,,,,,,,,,,,,,,,,,,,,,,,,,,,,,,,,,,,,,,,,,,,,,,,,,,,,,,,,,,,,,,,,,,,,,,,,,,,,,,,,,,,,,,,,,,,,,,,,,,,,,,,,,,,,,,,,,,,,,,,,,,,,,,,,,,,,,,,,,,,,,,,,,,,,,,,,,,,,,,,,,,,,,,,,,,,,,,,,,,,,,,,,,,,,,,,,,,,,,,,,,,,,,,,,,,,,,,,,,,,,,,,,,,,,,,,,,,,,,,,,,,,,,,,,,,,,,,,
Clone Blastoise,1020,9,3,Agua,Acero,No Eggs,No Eggs,Ningún objeto,Ningún objeto,Ningún objeto,Megadisparador,Torrente,Llovizna,79,83,100,90,105,78,0,Foco Resplandor,1,Refugio,1,Pistola Agua,1,Látigo,1,Placaje,5,Pistola Agua,8,Refugio,11,Rayo Burbuja,14,Mordisco,16,Bostezo,18,Giro Rápido,22,Hidropulso,26,Protección,30,Agua Lodosa,34,Defensa Férrea,35,Rompecoraza,36,Esfera Aural,39,Cabezazo,44,Acua Cola,49,Danza Lluvia,54,Hidrobomba,59,Salpicar,,,,,,,,,,,,,,,,,,,,,,,,,,,,,,,,,,,,,,,,,,,,,,,,,,,,,,,,,Puño Certero,Hidropulso,Rugido,Tóxico,Granizo,Poder Oculto,Rayo Hielo,Ventisca,Hiperrayo,Protección,Danza Lluvia,Cola Férrea,Terremoto,Excavar,Demolición,Doble Equipo,Tumba Rocas,Atracción,Salmuera,Onda Certera,Falso Tortazo,Escaldar,Lanzamiento,Pulso Dragón,Gigaimpacto,Alud,Giro Bola,Pulso Umbrío,Avalancha,Vozarrón,Foco Resplandor,Surf,Fuerza,Golpe Roca,Cascada,Treparrocas,,,,,,,,,,,,,,,,,,,,,,,,,,,,,,,,,,,,,,,,,,,,,,,,,,,,,,,,,,,,,,,,,,,,,,,,,,,,,,,,,,,,,,,,,,,,,,,,,,,,,,,,,,,,,,,,,,,,,,,,,,,,,,,,,,,,,,,,,,,,,,,,,,,,,,,,,,,,,,,,,,,,,,,,,,,,,,,,,,,,,,,,,,,,,,,,,,,,,,,,,,,,,,,,,,,,,,,,,,,,,,,,,,,,,,,,,,,,,,,,,,,,,,,,,,,,,,,,,,,,,,,,,,,,,,,,,,,,,,,,,,,,,,,,,,,,,,,,,,,,,,,,,,,,,,,,,,,,,,,
Rattata de Alola,1024,19,1,Normal,Siniestro,Field,Field,Ningún objeto,Ningún objeto,Baya Meloc,Fuga,Agallas,Entusiasmo,30,56,35,25,35,72,1,Látigo,1,Placaje,1,Ataque Rápido,7,Mordisco,10,Foco Energía,13,Golpe Aéreo,16,Derribo,16,Hipercolmillo,19,Buena Baza,22,Superdiente,25,Triturar,28,Golpe Bajo,31,Rueda Fuego,34,Doble Filo,37,Inversión,40,Esfuerzo,43,Última Baza,,,,,,,,,,,,,,,,,,,,,,,,,,,,,,,,,,,,,,,,,,,,,,,,,,,,,,,,,,,,,,,,,,,Tóxico,Día Soleado,Mofa,Rayo Hielo,Ventisca,Hiperrayo,Protección,Danza Lluvia,Cola Férrea,Rayo,Trueno,Excavar,Bola Sombra,Doble Equipo,Onda Voltio,Bomba Lodo,Golpe Aéreo,Tormento,Imagen,Atracción,Ladrón,Falso Tortazo,Maquinación,Vendetta,Gigaimpacto,Onda Trueno,Danza Espada,Pulso Umbrío,Hierba Lazo,Ida y Vuelta,Corte,Fuerza,Golpe Roca,,,,,,,,,,,,,,,,,,,,,,,,,,,,,,,,,,,,,,,,,,,,,,,,,,,,,,,,,,,,,,,,,,,,,,,,,,,,,,,,,,,,,,,,,,,,,,,,,,,,,,,,,,,,,,,,,,,,,,,,,,,Contraataque,Sacrificio,Golpes Furia,Desquite,Inversión,Reserva,Tragar,Trapicheo,Alboroto,,,,,,,,,,,,,,,,,,,,,,,,,,,,,,,,,,,,,,,,,,,,,,,,,,,,,,,,,,,,,,,,,,,,,,,,,,,,,,,,,,,,,,,,,,,,Ronquido,Antojo,Bofetón Lodo,Alboroto,Cabezazo Zen,Meteoros,Viento Hielo,Golpe Bajo,Última Baza,Esfuerzo,Superdiente,,,,,,,,,,,,,,,,,,,,,,,,,,,,,,,,,,,,,,,,,,,,,,,,,,,,,,,,,,,,,,,,,,,,,,,,,,,,,,,,,,,,,,,,,
Raticate de Alola,1025,20,1,Normal,Siniestro,Field,Field,Ningún objeto,Ningún objeto,Baya Meloc,Fuga,Agallas,Entusiasmo,80,78,80,40,90,82,0,Última Palabra,1,Látigo,1,Placaje,1,Ataque Rápido,1,Foco Energía,1,Danza Espada,1,Última Palabra,7,Mordisco,10,Foco Energía,13,Golpe Aéreo,16,Derribo,16,Hipercolmillo,19,Buena Baza,22,Superdiente,25,Triturar,29,Golpe Bajo,32,Rueda Fuego,36,Doble Filo,39,Inversión,42,Esfuerzo,45,Última Baza,49,Golpe Mordaza,54,Pataleta,,,,,,,,,,,,,,,,,,,,,,,,,,,,,,,,,,,,,,,,,,,,,,,,,,,,,,,Tóxico,Día Soleado,Mofa,Rayo Hielo,Ventisca,Hiperrayo,Protección,Danza Lluvia,Cola Férrea,Rayo,Trueno,Excavar,Bola Sombra,Doble Equipo,Onda Voltio,Bomba Lodo,Golpe Aéreo,Tormento,Imagen,Atracción,Ladrón,Falso Tortazo,Maquinación,Vendetta,Gigaimpacto,Onda Trueno,Danza Espada,Pulso Umbrío,Hierba Lazo,Ida y Vuelta,Corte,Fuerza,Golpe Roca,,,,,,,,,,,,,,,,,,,,,,,,,,,,,,,,,,,,,,,,,,,,,,,,,,,,,,,,,,,,,,,,,,,,,,,,,,,,,,,,,,,,,,,,,,,,,,,,,,,,,,,,,,,,,,,,,,,,,,,,,,,Contraataque,Sacrificio,Golpes Furia,Desquite,Inversión,Reserva,Tragar,Trapicheo,Alboroto,,,,,,,,,,,,,,,,,,,,,,,,,,,,,,,,,,,,,,,,,,,,,,,,,,,,,,,,,,,,,,,,,,,,,,,,,,,,,,,,,,,,,,,,,,,,Ronquido,Antojo,Bofetón Lodo,Alboroto,Pataleta,Cabezazo Zen,Meteoros,Viento Hielo,Desarme,Golpe Bajo,Última Baza,Esfuerzo,Superdiente,,,,,,,,,,,,,,,,,,,,,,,,,,,,,,,,,,,,,,,,,,,,,,,,,,,,,,,,,,,,,,,,,,,,,,,,,,,,,,,,,,,,,,,
Cosplay Pikachu,1027,25,1,Eléctrico,,No Eggs,No Eggs,Ningún objeto,Ningún objeto,Bola Luminosa,Elec. Estática,Elec. Estática,Pararrayos,35,55,40,50,50,90,1,Encanto,1,Gruñido,1,Maquinación,1,Moflete Estático,1,Camaradería,1,Ataque Rápido,1,Beso Dulce,1,Látigo,1,Impactrueno,4,Onda Trueno,8,Doble Equipo,12,Bola Voltio,16,Amago,20,Chispa,24,Agilidad,28,Atizar,32,Chispazo,36,Rayo,40,Pantalla de Luz,44,Trueno,,,,,,,,,,,,,,,,,,,,,,,,,,,,,,,,,,,,,,,,,,,,,,,,,,,,,,,,,,,,,Puño Certero,Garra Dragón,Hidropulso,Paz Mental,Rugido,Tóxico,Granizo,Corpulencia,Semilladora,Poder Oculto,Día Soleado,Mofa,Rayo Hielo,Ventisca,Hiperrayo,Pantalla de Luz,Protección,Danza Lluvia,Gigadrenado,Velo Sagrado,Comesueños,Rayo Solar,Cola Férrea,Rayo,Trueno,Terremoto,Puntapié,Excavar,Psíquico,Bola Sombra,Demolición,Doble Equipo,Reflejo,Onda Voltio,Lanzallamas,Bomba Lodo,Tormenta Arena,Llamarada,Tumba Rocas,Golpe Aéreo,Tormento,Imagen,Voltiocambio,Descanso,Atracción,Ladrón,Ala de Acero,Intercambio,Salmuera,Sofoco,Respiro,Onda Certera,Energibola,Falso Tortazo,Escaldar,Lanzamiento,Voltio Cruel,Aguante,Pulso Dragón,Puño Drenaje,Fuego Fatuo,Zumbido,Maquinación,Explosión,Garra Umbría,Vendetta,Reciclaje,Gigaimpacto,Pulimento,Destello,Roca Afilada,Alud,Onda Trueno,Giro Bola,Danza Espada,Trampa Rocas,Autosugestión,Alarido,Pulso Umbrío,Avalancha,Tijera X,Vozarrón,Puya Nociva,Brillo Mágico,Hierba Lazo,Vendaval,Ida y Vuelta,Foco Resplandor,Espacio Raro,Corte,Vuelo,Surf,Fuerza,Despejar,Golpe Roca,Cascada,Treparrocas,,,,,,,,,,,,,,,,,,,,,,,,,,,,,,,,,,,,,,,,,,,,,,,,,,,,,,,,,,,,,,,,,,,,,,,,,,,,,,,,,,,,,,,,,,,,,,,,,,,,,,,,,,,,,,,,,,,,,,,,,,,,,,,,,,,,,,,,,,,,,,,,,,,,,,,,,,,,,,,,,,,,,,,,,,,,,,,,,,,,,,,,,,,,,,,,,,,,,,,,,,,,,,,,,,,,,,,,,,,,,,,,,,,,,,,,,,,,,,,,,,,,,,,,,,,,,,,,,,
Pikachu Rock Star,1028,25,2,Eléctrico,,No Eggs,No Eggs,Ningún objeto,Ningún objeto,Bola Luminosa,Elec. Estática,Elec. Estática,Pararrayos,35,55,40,50,50,90,1,Encanto,1,Gruñido,1,Maquinación,1,Moflete Estático,1,Camaradería,1,Ataque Rápido,1,Beso Dulce,1,Látigo,1,Impactrueno,4,Onda Trueno,8,Doble Equipo,12,Bola Voltio,16,Amago,20,Chispa,24,Agilidad,28,Atizar,32,Chispazo,36,Rayo,40,Pantalla de Luz,44,Trueno,,,,,,,,,,,,,,,,,,,,,,,,,,,,,,,,,,,,,,,,,,,,,,,,,,,,,,,,,,,,,Puño Certero,Garra Dragón,Hidropulso,Paz Mental,Rugido,Tóxico,Granizo,Corpulencia,Semilladora,Poder Oculto,Día Soleado,Mofa,Rayo Hielo,Ventisca,Hiperrayo,Pantalla de Luz,Protección,Danza Lluvia,Gigadrenado,Velo Sagrado,Comesueños,Rayo Solar,Cola Férrea,Rayo,Trueno,Terremoto,Puntapié,Excavar,Psíquico,Bola Sombra,Demolición,Doble Equipo,Reflejo,Onda Voltio,Lanzallamas,Bomba Lodo,Tormenta Arena,Llamarada,Tumba Rocas,Golpe Aéreo,Tormento,Imagen,Voltiocambio,Descanso,Atracción,Ladrón,Ala de Acero,Intercambio,Salmuera,Sofoco,Respiro,Onda Certera,Energibola,Falso Tortazo,Escaldar,Lanzamiento,Voltio Cruel,Aguante,Pulso Dragón,Puño Drenaje,Fuego Fatuo,Zumbido,Maquinación,Explosión,Garra Umbría,Vendetta,Reciclaje,Gigaimpacto,Pulimento,Destello,Roca Afilada,Alud,Onda Trueno,Giro Bola,Danza Espada,Trampa Rocas,Autosugestión,Alarido,Pulso Umbrío,Avalancha,Tijera X,Vozarrón,Puya Nociva,Brillo Mágico,Hierba Lazo,Vendaval,Ida y Vuelta,Foco Resplandor,Espacio Raro,Corte,Vuelo,Surf,Fuerza,Despejar,Golpe Roca,Cascada,Treparrocas,,,,,,,,,,,,,,,,,,,,,,,,,,,,,,,,,,,,,,,,,,,,,,,,,,,,,,,,,,,,,,,,,,,,,,,,,,,,,,,,,,,,,,,,,,,,,,,,,,,,,,,,,,,,,,,,,,,,,,,,,,,,,,,,,,,,,,,,,,,,,,,,,,,,,,,,,,,,,,,,,,,,,,,,,,,,,,,,,,,,,,,,,,,,,,,,,,,,,,,,,,,,,,,,,,,,,,,,,,,,,,,,,,,,,,,,,,,,,,,,,,,,,,,,,,,,,,,,,,
Pikachu Belle,1029,25,3,Eléctrico,,No Eggs,No Eggs,Ningún objeto,Ningún objeto,Bola Luminosa,Elec. Estática,Elec. Estática,Pararrayos,35,55,40,50,50,90,1,Encanto,1,Gruñido,1,Maquinación,1,Moflete Estático,1,Camaradería,1,Ataque Rápido,1,Beso Dulce,1,Látigo,1,Impactrueno,4,Onda Trueno,8,Doble Equipo,12,Bola Voltio,16,Amago,20,Chispa,24,Agilidad,28,Atizar,32,Chispazo,36,Rayo,40,Pantalla de Luz,44,Trueno,,,,,,,,,,,,,,,,,,,,,,,,,,,,,,,,,,,,,,,,,,,,,,,,,,,,,,,,,,,,,Puño Certero,Garra Dragón,Hidropulso,Paz Mental,Rugido,Tóxico,Granizo,Corpulencia,Semilladora,Poder Oculto,Día Soleado,Mofa,Rayo Hielo,Ventisca,Hiperrayo,Pantalla de Luz,Protección,Danza Lluvia,Gigadrenado,Velo Sagrado,Comesueños,Rayo Solar,Cola Férrea,Rayo,Trueno,Terremoto,Puntapié,Excavar,Psíquico,Bola Sombra,Demolición,Doble Equipo,Reflejo,Onda Voltio,Lanzallamas,Bomba Lodo,Tormenta Arena,Llamarada,Tumba Rocas,Golpe Aéreo,Tormento,Imagen,Voltiocambio,Descanso,Atracción,Ladrón,Ala de Acero,Intercambio,Salmuera,Sofoco,Respiro,Onda Certera,Energibola,Falso Tortazo,Escaldar,Lanzamiento,Voltio Cruel,Aguante,Pulso Dragón,Puño Drenaje,Fuego Fatuo,Zumbido,Maquinación,Explosión,Garra Umbría,Vendetta,Reciclaje,Gigaimpacto,Pulimento,Destello,Roca Afilada,Alud,Onda Trueno,Giro Bola,Danza Espada,Trampa Rocas,Autosugestión,Alarido,Pulso Umbrío,Avalancha,Tijera X,Vozarrón,Puya Nociva,Brillo Mágico,Hierba Lazo,Vendaval,Ida y Vuelta,Foco Resplandor,Espacio Raro,Corte,Vuelo,Surf,Fuerza,Despejar,Golpe Roca,Cascada,Treparrocas,,,,,,,,,,,,,,,,,,,,,,,,,,,,,,,,,,,,,,,,,,,,,,,,,,,,,,,,,,,,,,,,,,,,,,,,,,,,,,,,,,,,,,,,,,,,,,,,,,,,,,,,,,,,,,,,,,,,,,,,,,,,,,,,,,,,,,,,,,,,,,,,,,,,,,,,,,,,,,,,,,,,,,,,,,,,,,,,,,,,,,,,,,,,,,,,,,,,,,,,,,,,,,,,,,,,,,,,,,,,,,,,,,,,,,,,,,,,,,,,,,,,,,,,,,,,,,,,,,
Pikachu Pop Star,1030,25,4,Eléctrico,,No Eggs,No Eggs,Ningún objeto,Ningún objeto,Bola Luminosa,Elec. Estática,Elec. Estática,Pararrayos,35,55,40,50,50,90,1,Encanto,1,Gruñido,1,Maquinación,1,Moflete Estático,1,Camaradería,1,Ataque Rápido,1,Beso Dulce,1,Látigo,1,Impactrueno,4,Onda Trueno,8,Doble Equipo,12,Bola Voltio,16,Amago,20,Chispa,24,Agilidad,28,Atizar,32,Chispazo,36,Rayo,40,Pantalla de Luz,44,Trueno,,,,,,,,,,,,,,,,,,,,,,,,,,,,,,,,,,,,,,,,,,,,,,,,,,,,,,,,,,,,,Puño Certero,Garra Dragón,Hidropulso,Paz Mental,Rugido,Tóxico,Granizo,Corpulencia,Semilladora,Poder Oculto,Día Soleado,Mofa,Rayo Hielo,Ventisca,Hiperrayo,Pantalla de Luz,Protección,Danza Lluvia,Gigadrenado,Velo Sagrado,Comesueños,Rayo Solar,Cola Férrea,Rayo,Trueno,Terremoto,Puntapié,Excavar,Psíquico,Bola Sombra,Demolición,Doble Equipo,Reflejo,Onda Voltio,Lanzallamas,Bomba Lodo,Tormenta Arena,Llamarada,Tumba Rocas,Golpe Aéreo,Tormento,Imagen,Voltiocambio,Descanso,Atracción,Ladrón,Ala de Acero,Intercambio,Salmuera,Sofoco,Respiro,Onda Certera,Energibola,Falso Tortazo,Escaldar,Lanzamiento,Voltio Cruel,Aguante,Pulso Dragón,Puño Drenaje,Fuego Fatuo,Zumbido,Maquinación,Explosión,Garra Umbría,Vendetta,Reciclaje,Gigaimpacto,Pulimento,Destello,Roca Afilada,Alud,Onda Trueno,Giro Bola,Danza Espada,Trampa Rocas,Autosugestión,Alarido,Pulso Umbrío,Avalancha,Tijera X,Vozarrón,Puya Nociva,Brillo Mágico,Hierba Lazo,Vendaval,Ida y Vuelta,Foco Resplandor,Espacio Raro,Corte,Vuelo,Surf,Fuerza,Despejar,Golpe Roca,Cascada,Treparrocas,,,,,,,,,,,,,,,,,,,,,,,,,,,,,,,,,,,,,,,,,,,,,,,,,,,,,,,,,,,,,,,,,,,,,,,,,,,,,,,,,,,,,,,,,,,,,,,,,,,,,,,,,,,,,,,,,,,,,,,,,,,,,,,,,,,,,,,,,,,,,,,,,,,,,,,,,,,,,,,,,,,,,,,,,,,,,,,,,,,,,,,,,,,,,,,,,,,,,,,,,,,,,,,,,,,,,,,,,,,,,,,,,,,,,,,,,,,,,,,,,,,,,,,,,,,,,,,,,,
"Pikachu, Ph.D",1031,25,5,Eléctrico,,No Eggs,No Eggs,Ningún objeto,Ningún objeto,Bola Luminosa,Elec. Estática,Elec. Estática,Pararrayos,35,55,40,50,50,90,1,Encanto,1,Gruñido,1,Maquinación,1,Moflete Estático,1,Camaradería,1,Ataque Rápido,1,Beso Dulce,1,Látigo,1,Impactrueno,4,Onda Trueno,8,Doble Equipo,12,Bola Voltio,16,Amago,20,Chispa,24,Agilidad,28,Atizar,32,Chispazo,36,Rayo,40,Pantalla de Luz,44,Trueno,,,,,,,,,,,,,,,,,,,,,,,,,,,,,,,,,,,,,,,,,,,,,,,,,,,,,,,,,,,,,Puño Certero,Garra Dragón,Hidropulso,Paz Mental,Rugido,Tóxico,Granizo,Corpulencia,Semilladora,Poder Oculto,Día Soleado,Mofa,Rayo Hielo,Ventisca,Hiperrayo,Pantalla de Luz,Protección,Danza Lluvia,Gigadrenado,Velo Sagrado,Comesueños,Rayo Solar,Cola Férrea,Rayo,Trueno,Terremoto,Puntapié,Excavar,Psíquico,Bola Sombra,Demolición,Doble Equipo,Reflejo,Onda Voltio,Lanzallamas,Bomba Lodo,Tormenta Arena,Llamarada,Tumba Rocas,Golpe Aéreo,Tormento,Imagen,Voltiocambio,Descanso,Atracción,Ladrón,Ala de Acero,Intercambio,Salmuera,Sofoco,Respiro,Onda Certera,Energibola,Falso Tortazo,Escaldar,Lanzamiento,Voltio Cruel,Aguante,Pulso Dragón,Puño Drenaje,Fuego Fatuo,Zumbido,Maquinación,Explosión,Garra Umbría,Vendetta,Reciclaje,Gigaimpacto,Pulimento,Destello,Roca Afilada,Alud,Onda Trueno,Giro Bola,Danza Espada,Trampa Rocas,Autosugestión,Alarido,Pulso Umbrío,Avalancha,Tijera X,Vozarrón,Puya Nociva,Brillo Mágico,Hierba Lazo,Vendaval,Ida y Vuelta,Foco Resplandor,Espacio Raro,Corte,Vuelo,Surf,Fuerza,Despejar,Golpe Roca,Cascada,Treparrocas,,,,,,,,,,,,,,,,,,,,,,,,,,,,,,,,,,,,,,,,,,,,,,,,,,,,,,,,,,,,,,,,,,,,,,,,,,,,,,,,,,,,,,,,,,,,,,,,,,,,,,,,,,,,,,,,,,,,,,,,,,,,,,,,,,,,,,,,,,,,,,,,,,,,,,,,,,,,,,,,,,,,,,,,,,,,,,,,,,,,,,,,,,,,,,,,,,,,,,,,,,,,,,,,,,,,,,,,,,,,,,,,,,,,,,,,,,,,,,,,,,,,,,,,,,,,,,,,,,
Pikachu Libre,1032,25,6,Eléctrico,,No Eggs,No Eggs,Ningún objeto,Ningún objeto,Bola Luminosa,Elec. Estática,Elec. Estática,Pararrayos,35,55,40,50,50,90,1,Encanto,1,Gruñido,1,Maquinación,1,Moflete Estático,1,Camaradería,1,Ataque Rápido,1,Beso Dulce,1,Látigo,1,Impactrueno,4,Onda Trueno,8,Doble Equipo,12,Bola Voltio,16,Amago,20,Chispa,24,Agilidad,28,Atizar,32,Chispazo,36,Rayo,40,Pantalla de Luz,44,Trueno,,,,,,,,,,,,,,,,,,,,,,,,,,,,,,,,,,,,,,,,,,,,,,,,,,,,,,,,,,,,,Puño Certero,Garra Dragón,Hidropulso,Paz Mental,Rugido,Tóxico,Granizo,Corpulencia,Semilladora,Poder Oculto,Día Soleado,Mofa,Rayo Hielo,Ventisca,Hiperrayo,Pantalla de Luz,Protección,Danza Lluvia,Gigadrenado,Velo Sagrado,Comesueños,Rayo Solar,Cola Férrea,Rayo,Trueno,Terremoto,Puntapié,Excavar,Psíquico,Bola Sombra,Demolición,Doble Equipo,Reflejo,Onda Voltio,Lanzallamas,Bomba Lodo,Tormenta Arena,Llamarada,Tumba Rocas,Golpe Aéreo,Tormento,Imagen,Voltiocambio,Descanso,Atracción,Ladrón,Ala de Acero,Intercambio,Salmuera,Sofoco,Respiro,Onda Certera,Energibola,Falso Tortazo,Escaldar,Lanzamiento,Voltio Cruel,Aguante,Pulso Dragón,Puño Drenaje,Fuego Fatuo,Zumbido,Maquinación,Explosión,Garra Umbría,Vendetta,Reciclaje,Gigaimpacto,Pulimento,Destello,Roca Afilada,Alud,Onda Trueno,Giro Bola,Danza Espada,Trampa Rocas,Autosugestión,Alarido,Pulso Umbrío,Avalancha,Tijera X,Vozarrón,Puya Nociva,Brillo Mágico,Hierba Lazo,Vendaval,Ida y Vuelta,Foco Resplandor,Espacio Raro,Corte,Vuelo,Surf,Fuerza,Despejar,Golpe Roca,Cascada,Treparrocas,,,,,,,,,,,,,,,,,,,,,,,,,,,,,,,,,,,,,,,,,,,,,,,,,,,,,,,,,,,,,,,,,,,,,,,,,,,,,,,,,,,,,,,,,,,,,,,,,,,,,,,,,,,,,,,,,,,,,,,,,,,,,,,,,,,,,,,,,,,,,,,,,,,,,,,,,,,,,,,,,,,,,,,,,,,,,,,,,,,,,,,,,,,,,,,,,,,,,,,,,,,,,,,,,,,,,,,,,,,,,,,,,,,,,,,,,,,,,,,,,,,,,,,,,,,,,,,,,,
Clone Pikachu,1043,25,17,Eléctrico,,No Eggs,No Eggs,Ningún objeto,Ningún objeto,Bola Luminosa,Elec. Estática,Pararrayos,Piel Eléctrica,35,55,40,50,50,90,1,Gruñido,1,Látigo,1,Impactrueno,1,Encanto,1,Moflete Estático,1,Beso Dulce,1,Camaradería,4,Ataque Rápido,7,Onda Trueno,11,Doble Patada,12,Bola Voltio,13,Onda Voltio,16,Amago,19,Chispa,21,Doble Equipo,23,Atizar,26,Rayo,29,Agilidad,31,Chispazo,33,Voltio Cruel,36,Pantalla de Luz,39,Trueno,,,,,,,,,,,,,,,,,,,,,,,,,,,,,,,,,,,,,,,,,,,,,,,,,,,,,,,,,Puño Certero,Tóxico,Pantalla de Luz,Protección,Danza Lluvia,Cola Férrea,Rayo,Trueno,Excavar,Demolición,Doble Equipo,Reflejo,Onda Voltio,Imagen,Voltiocambio,Descanso,Atracción,Ladrón,Lanzamiento,Voltio Cruel,Maquinación,Destello,Onda Trueno,Hierba Lazo,Surf,Fuerza,Golpe Roca,,,,,,,,,,,,,,,,,,,,,,,,,,,,,,,,,,,,,,,,,,,,,,,,,,,,,,,,,,,,,,,,,,,,,,,,,,,,,,,,,,,,,,,,,,,,,,,,,,,,,,,,,,,,,,,,,,,,,,,,,,,,,,,,,,,,,,,,,,,,,,,,,,,,,,,,,,,,,,,,,,,,,,,,,,,,,,,,,,,,,,,,,,,,,,,,,,,,,,,,,,,,,,,,,,,,,,,,,,,,,,,,,,,,,,,,,,,,,,,,,,,,,,,,,,,,,,,,,,,,,,,,,,,,,,,,,,,,,,,,,,,,,,,,,,,,,,,,,,,,,,,,,,,,,,,,,,,,,,,,,,,,,,,,
Raichu de Alola,1044,26,1,Eléctrico,Psíquico,Fairy,Field,Ningún objeto,Ningún objeto,Ningún objeto,Cola Surf,Cola Surf,Cola Surf,60,85,50,105,85,110,0,Psíquico,1,Impactrueno,1,Encanto,1,Moflete Estático,1,Beso Dulce,1,Camaradería,1,Doble Patada,1,Psíquico,6,Ataque Rápido,11,Onda Trueno,16,Bola Voltio,21,Onda Voltio,26,Pantalla de Luz,31,Chispa,36,Doble Equipo,41,Atizar,43,Psicocarga,46,Rayo,51,Agilidad,56,Chispazo,61,Voltio Cruel,66,Rayo Señal,71,Trueno,76,Placaje Eléc,,,,,,,,,,,,,,,,,,,,,,,,,,,,,,,,,,,,,,,,,,,,,,,,,,,,,Puño Certero,Tóxico,Pantalla de Luz,Protección,Danza Lluvia,Cola Férrea,Rayo,Trueno,Excavar,Psíquico,Bola Sombra,Demolición,Doble Equipo,Reflejo,Onda Voltio,Imagen,Voltiocambio,Descanso,Atracción,Ladrón,Lanzamiento,Maquinación,Destello,Onda Trueno,Hierba Lazo,Surf,Fuerza,Golpe Roca,,,,,,,,,,,,,,,,,,,,,,,,,,,,,,,,,,,,,,,,,,,,,,,,,,,,,,,,,,,,,,,,,,,,,,,,,,,,,,,,,,,,,,,,,,,,,,,,,,,,,,,,,,,,,,,,,,,,,,,,,,,,,,,,Presente,Deseo,Carga,Sorpresa,Cosquillas,Azote,Voz Cautivadora,Inversión,Otra Vez,Puño Trueno,Campo Eléctrico,Doble Bofetón,,,,,,,,,,,,,,,,,,,,,,,,,,,,,,,,,,,,,,,,,,,,,,,,,,,,,,,,,,,,,,,,,,,,,,,,,,,,,,,,,,,,,,,,,Ronquido,Refuerzo,Antojo,Cambio de Banda,Rodar,Electrotela,Bofetón Lodo,Aguzar,Rayo Señal,Puño Hielo,Puño Trueno,Zona Mágica,Levitón,Sísmico,Capa Mágica,Meteoros,Desarme,Electrocañón,,,,,,,,,,,,,,,,,,,,,,,,,,,,,,,,,,,,,,,,,,,,,,,,,,,,,,,,,,,,,,,,,,,,,,,,,,,,,,,,,,
Sandshrew de Alola,1045,27,1,Hielo,Acero,Field,Field,Ningún objeto,Ningún objeto,Garra Garfio,Manto Níveo,Garra Dura,Quitanieves,50,75,90,10,35,40,1,Rizo Defensa,1,Arañazo,1,Nieve Polvo,1,Esquirla Helada,7,Bola Hielo,9,Garra Metal,11,Giro Rápido,13,Corte Furia,14,Meteoros,18,Afilagarras,21,Golpes Furia,23,Defensa Férrea,24,Garra Brutal,25,Garra Umbría,27,Cabeza de Hierro,27,Agilidad,30,Giro Bola,33,Carámbano,34,Puya Nociva,36,Granizo,39,Danza Espada,42,Ventisca,45,Represión Metal,,,,,,,,,,,,,,,,,,,,,,,,,,,,,,,,,,,,,,,,,,,,,,,,,,,,,,,Puño Certero,Tóxico,Día Soleado,Ventisca,Hiperrayo,Protección,Velo Sagrado,Cola Férrea,Terremoto,Excavar,Demolición,Doble Equipo,Golpe Aéreo,Atracción,Ladrón,Falso Tortazo,Lanzamiento,Garra Umbría,Giro Bola,Danza Espada,Trampa Rocas,Avalancha,Tijera X,Puya Nociva,Foco Resplandor,Corte,Fuerza,Golpe Roca,Treparrocas,,,,,,,,,,,,,,,,,,,,,,,,,,,,,,,,,,,,,,,,,,,,,,,,,,,,,,,,,,,,,,,,,,,,,,,,,,,,,,,,,,,,,,,,,,,,,,,,,,,,,,,,,,,,,,,,,,,,,,,,,,,,,,,Amnesia,Guardia Baja,Contraataque,Garra Brutal,Maldición,Aguante,Azote,Afilagarras,Chuzos,Carámbano,Garra Metal,Tajo Umbrío,Velo Aurora,Terratemblor,,,,,,,,,,,,,,,,,,,,,,,,,,,,,,,,,,,,,,,,,,,,,,,,,,,,,,,,,,,,,,,,,,,,,,,,,,,,,,,,,,,,,,,Ronquido,Antojo,Terratemblor,Rodar,Bofetón Lodo,Corte Furia,Puño Hielo,Defensa Férrea,Sísmico,Meteoros,Cabeza de Hierro,Acua Cola,Chupavidas,Desarme,Superdiente,,,,,,,,,,,,,,,,,,,,,,,,,,,,,,,,,,,,,,,,,,,,,,,,,,,,,,,,,,,,,,,,,,,,,,,,,,,,,,,,,,,,,
Sandslash de Alola,1046,28,1,Hielo,Acero,Field,Field,Ningún objeto,Ningún objeto,Garra Garfio,Manto Níveo,Garra Dura,Quitanieves,75,100,120,25,65,65,0,Carámbano,1,Rizo Defensa,1,Arañazo,1,Nieve Polvo,1,Esquirla Helada,1,Meteoros,1,Bola Hielo,1,Garra Metal,1,Corte Furia,1,Afilagarras,1,Carámbano,6,Giro Rápido,11,Golpes Furia,16,Defensa Férrea,21,Garra Brutal,26,Garra Umbría,31,Cabeza de Hierro,36,Agilidad,41,Giro Bola,46,Chuzos,51,Puya Nociva,56,Granizo,61,Danza Espada,66,Ventisca,71,Represión Metal,76,Triple Axel,,,,,,,,,,,,,,,,,,,,,,,,,,,,,,,,,,,,,,,,,,,,,,,,,Puño Certero,Tóxico,Día Soleado,Ventisca,Hiperrayo,Protección,Velo Sagrado,Cola Férrea,Terremoto,Excavar,Demolición,Doble Equipo,Golpe Aéreo,Atracción,Ladrón,Falso Tortazo,Lanzamiento,Garra Umbría,Giro Bola,Danza Espada,Trampa Rocas,Avalancha,Tijera X,Puya Nociva,Foco Resplandor,Corte,Fuerza,Golpe Roca,Treparrocas,,,,,,,,,,,,,,,,,,,,,,,,,,,,,,,,,,,,,,,,,,,,,,,,,,,,,,,,,,,,,,,,,,,,,,,,,,,,,,,,,,,,,,,,,,,,,,,,,,,,,,,,,,,,,,,,,,,,,,,,,,,,,,,Amnesia,Guardia Baja,Contraataque,Garra Brutal,Maldición,Aguante,Azote,Afilagarras,Chuzos,Carámbano,Garra Metal,Tajo Umbrío,Velo Aurora,Terratemblor,,,,,,,,,,,,,,,,,,,,,,,,,,,,,,,,,,,,,,,,,,,,,,,,,,,,,,,,,,,,,,,,,,,,,,,,,,,,,,,,,,,,,,,Ronquido,Antojo,Terratemblor,Rodar,Bofetón Lodo,Púas,Corte Furia,Puño Hielo,Defensa Férrea,Sísmico,Meteoros,Cabeza de Hierro,Taladradora,Acua Cola,Chupavidas,Desarme,Superdiente,,,,,,,,,,,,,,,,,,,,,,,,,,,,,,,,,,,,,,,,,,,,,,,,,,,,,,,,,,,,,,,,,,,,,,,,,,,,,,,,,,,
Vulpix de Alola,1047,37,1,Hielo,,Field,Field,Ningún objeto,Ningún objeto,Ningún objeto,Manto Níveo,Manto Níveo,Nevada,38,41,40,50,65,65,1,Látigo,1,Nieve Polvo,1,Viento Feérico,4,Anulación,4,Rugido,7,Ataque Rápido,11,Rayo Confuso,12,Rencor,13,Viento Hielo,15,Vendetta,16,Rayo Aurora,18,Beso Drenaje,23,Paranormal,23,Finta,25,Velo Sagrado,27,Rayo Hielo,31,Pulso Umbrío,33,Hipnosis,35,Liofilización,37,Sellar,43,Rabia,45,Brillo Mágico,48,Fuerza Lunar,,,,,,,,,,,,,,,,,,,,,,,,,,,,,,,,,,,,,,,,,,,,,,,,,,,,,,,Rugido,Tóxico,Granizo,Rayo Hielo,Ventisca,Protección,Danza Lluvia,Velo Sagrado,Comesueños,Cola Férrea,Doble Equipo,Atracción,Energibola,Vendetta,Autosugestión,Pulso Umbrío,,,,,,,,,,,,,,,,,,,,,,,,,,,,,,,,,,,,,,,,,,,,,,,,,,,,,,,,,,,,,,,,,,,,,,,,,,,,,,,,,,,,,,,,,,,,,,,,,,,,,,,,,,,,,,,,,,,,,,,,,,,,,,,,,,,,,,,,,,,,Agilidad,Encanto,Anulación,Otra Vez,Paranormal,Azote,Liofilización,Aullido,Hipnosis,Fuerza Lunar,Cambiafuerza,Daño Secreto,Rencor,Plumerazo,,,,,,,,,,,,,,,,,,,,,,,,,,,,,,,,,,,,,,,,,,,,,,,,,,,,,,,,,,,,,,,,,,,,,,,,,,,,,,,,,,,,,,,Ronquido,Antojo,Cascabel Cura,Rencor,Viento Aciago,Imitación,Cabezazo Zen,Divide Dolor,Meteoros,Viento Hielo,Juego Sucio,,,,,,,,,,,,,,,,,,,,,,,,,,,,,,,,,,,,,,,,,,,,,,,,,,,,,,,,,,,,,,,,,,,,,,,,,,,,,,,,,,,,,,,,,
Ninetales de Alola,1048,38,1,Hielo,Hada,Field,Field,Ningún objeto,Ningún objeto,Ningún objeto,Manto Níveo,Manto Níveo,Nevada,73,67,75,81,100,109,0,Brillo Mágico,1,Látigo,1,Nieve Polvo,1,Viento Feérico,1,Brillo Mágico,3,Anulación,3,Rugido,8,Ataque Rápido,13,Rencor,18,Infortunio,18,Vendetta,18,Viento Feérico,23,Velo Aurora,28,Rayo Confuso,28,Finta,33,Rayo Aurora,38,Paranormal,43,Rayo Hielo,48,Pulso Umbrío,48,Sellar,53,Liofilización,58,Velo Sagrado,63,Fuerza Lunar,68,Rabia,73,Otra Vez,,,,,,,,,,,,,,,,,,,,,,,,,,,,,,,,,,,,,,,,,,,,,,,,,,,Rugido,Tóxico,Granizo,Rayo Hielo,Ventisca,Protección,Danza Lluvia,Velo Sagrado,Comesueños,Cola Férrea,Excavar,Doble Equipo,Atracción,Energibola,Vendetta,Autosugestión,Pulso Umbrío,,,,,,,,,,,,,,,,,,,,,,,,,,,,,,,,,,,,,,,,,,,,,,,,,,,,,,,,,,,,,,,,,,,,,,,,,,,,,,,,,,,,,,,,,,,,,,,,,,,,,,,,,,,,,,,,,,,,,,,,,,,,,,,,,,,,,,,,,,,Agilidad,Encanto,Anulación,Otra Vez,Paranormal,Azote,Liofilización,Aullido,Hipnosis,Fuerza Lunar,Cambiafuerza,Daño Secreto,Rencor,Plumerazo,,,,,,,,,,,,,,,,,,,,,,,,,,,,,,,,,,,,,,,,,,,,,,,,,,,,,,,,,,,,,,,,,,,,,,,,,,,,,,,,,,,,,,,Ronquido,Antojo,Aguzar,Cascabel Cura,Rencor,Viento Aciago,Zona Extraña,Imitación,Cabezazo Zen,Divide Dolor,Meteoros,Arenas Ardientes,Viento Hielo,Juego Sucio,,,,,,,,,,,,,,,,,,,,,,,,,,,,,,,,,,,,,,,,,,,,,,,,,,,,,,,,,,,,,,,,,,,,,,,,,,,,,,,,,,,,,,
Diglett de Alola,1049,50,1,Tierra,Acero,Field,Field,Ningún objeto,Ningún objeto,Arena Fina,Rizos Rebeldes,Experto,Poder Arena,10,55,30,35,45,90,1,Arañazo,1,Ataque Arena,1,Bofetón Lodo,1,Garra Metal,4,Gruñido,7,Impresionar,10,Terratemblor,13,Magnitud,19,Excavar,22,Golpe Bajo,25,Bomba Fango,28,Tormenta Arena,28,Avalancha,31,Tierra Viva,34,Cabeza de Hierro,37,Terremoto,40,Legado,43,Fisura,,,,,,,,,,,,,,,,,,,,,,,,,,,,,,,,,,,,,,,,,,,,,,,,,,,,,,,,,,,,,,,,,Tóxico,Día Soleado,Protección,Terremoto,Excavar,Doble Equipo,Bomba Lodo,Tormenta Arena,Tumba Rocas,Golpe Aéreo,Atracción,Ladrón,Falso Tortazo,Garra Umbría,Trampa Rocas,Avalancha,Foco Resplandor,Corte,Golpe Roca,,,,,,,,,,,,,,,,,,,,,,,,,,,,,,,,,,,,,,,,,,,,,,,,,,,,,,,,,,,,,,,,,,,,,,,,,,,,,,,,,,,,,,,,,,,,,,,,,,,,,,,,,,,,,,,,,,,,,,,,,,,,,,,,,,,,,,,,,Poder Pasado,Golpe Cabeza,Sacrificio,Legado,Afilagarras,Chirrido,Paliza,Alboroto,Impresionar,Inversión,Bomba Fango,Finta,,,,,,,,,,,,,,,,,,,,,,,,,,,,,,,,,,,,,,,,,,,,,,,,,,,,,,,,,,,,,,,,,,,,,,,,,,,,,,,,,,,,,,,,,Ronquido,Terratemblor,Cambio de Banda,Bofetón Lodo,Alboroto,Pataleta,Defensa Férrea,Cabeza de Hierro,Arenas Ardientes,Golpe Bajo,Tierra Viva,,,,,,,,,,,,,,,,,,,,,,,,,,,,,,,,,,,,,,,,,,,,,,,,,,,,,,,,,,,,,,,,,,,,,,,,,,,,,,,,,,,,,,,,,
Dugtrio de Alola,1050,51,1,Tierra,Acero,Field,Field,Ningún objeto,Ningún objeto,Arena Fina,Rizos Rebeldes,Experto,Poder Arena,35,100,60,50,70,110,0,Bucle Arena,1,Bomba Imán,1,Bucle Arena,1,Garra Metal,1,Ataque Arena,1,Bofetón Lodo,1,Arañazo,1,Triataque,4,Gruñido,7,Impresionar,10,Terratemblor,13,Magnitud,19,Excavar,22,Golpe Bajo,25,Bomba Fango,26,Triataque,29,Avalancha,30,Tormenta Arena,33,Tierra Viva,37,Cabeza de Hierro,37,Tajo Umbrío,40,Terremoto,45,Legado,49,Fisura,,,,,,,,,,,,,,,,,,,,,,,,,,,,,,,,,,,,,,,,,,,,,,,,,,,,,Tóxico,Día Soleado,Protección,Terremoto,Excavar,Doble Equipo,Bomba Lodo,Tormenta Arena,Tumba Rocas,Golpe Aéreo,Atracción,Ladrón,Falso Tortazo,Garra Umbría,Avalancha,Foco Resplandor,Corte,Golpe Roca,,,,,,,,,,,,,,,,,,,,,,,,,,,,,,,,,,,,,,,,,,,,,,,,,,,,,,,,,,,,,,,,,,,,,,,,,,,,,,,,,,,,,,,,,,,,,,,,,,,,,,,,,,,,,,,,,,,,,,,,,,,,,,,,,,,,,,,,,,Poder Pasado,Golpe Cabeza,Sacrificio,Legado,Afilagarras,Chirrido,Paliza,Alboroto,Impresionar,Inversión,Bomba Fango,Finta,,,,,,,,,,,,,,,,,,,,,,,,,,,,,,,,,,,,,,,,,,,,,,,,,,,,,,,,,,,,,,,,,,,,,,,,,,,,,,,,,,,,,,,,,Ronquido,Terratemblor,Cambio de Banda,Bofetón Lodo,Alboroto,Pataleta,Defensa Férrea,Cabeza de Hierro,Arenas Ardientes,Golpe Bajo,Tierra Viva,,,,,,,,,,,,,,,,,,,,,,,,,,,,,,,,,,,,,,,,,,,,,,,,,,,,,,,,,,,,,,,,,,,,,,,,,,,,,,,,,,,,,,,,,
Meowth de Alola,1051,52,1,Siniestro,,Field,Field,Ningún objeto,Ningún objeto,Garra Rápida,Recogida,Experto,Bromista,40,35,35,50,40,90,1,Gruñido,1,Arañazo,6,Mordisco,9,Sorpresa,12,Golpes Furia,15,Chirrido,18,Día de Pago,21,Finta,24,Cuchillada,24,Tajo Umbrío,27,Mofa,30,Buena Baza,33,Hipnosis,36,Maquinación,39,Carantoña,45,Amago,48,Doble Filo,53,Pulso Umbrío,,,,,,,,,,,,,,,,,,,,,,,,,,,,,,,,,,,,,,,,,,,,,,,,,,,,,,,,,,,,,,,,,Hidropulso,Tóxico,Día Soleado,Mofa,Protección,Danza Lluvia,Cola Férrea,Rayo,Trueno,Excavar,Bola Sombra,Doble Equipo,Onda Voltio,Golpe Aéreo,Tormento,Descanso,Atracción,Ladrón,Falso Tortazo,Maquinación,Garra Umbría,Vendetta,Destello,Danza Espada,Autosugestión,Pulso Umbrío,Ida y Vuelta,Corte,,,,,,,,,,,,,,,,,,,,,,,,,,,,,,,,,,,,,,,,,,,,,,,,,,,,,,,,,,,,,,,,,,,,,,,,,,,,,,,,,,,,,,,,,,,,,,,,,,,,,,,,,,,,,,,,,,,,,,,,,,,,,,,,Rencor,Hipnosis,Última Baza,Azote,Látigo,Antojo,Encanto,Amnesia,Juego Sucio,,,,,,,,,,,,,,,,,,,,,,,,,,,,,,,,,,,,,,,,,,,,,,,,,,,,,,,,,,,,,,,,,,,,,,,,,,,,,,,,,,,,,,,,,,,,Ronquido,Antojo,Bofetón Lodo,Rencor,Alboroto,Bomba Germen,Meteoros,Viento Hielo,Desarme,Electrocañón,Última Baza,Juego Sucio,Lanzamugre,,,,,,,,,,,,,,,,,,,,,,,,,,,,,,,,,,,,,,,,,,,,,,,,,,,,,,,,,,,,,,,,,,,,,,,,,,,,,,,,,,,,,,,
Meowth de Galar,1052,52,2,Acero,,Field,Field,Ningún objeto,Ningún objeto,Ningún objeto,Recogida,Garra Dura,Nerviosismo,50,65,55,40,40,40,1,Arañazo,1,Gruñido,6,Garra Metal,9,Sorpresa,12,Golpes Furia,15,Chirrido,18,Finta,21,Día de Pago,24,Mofa,24,Cuchillada,27,Tajo Umbrío,30,Buena Baza,33,Hipnosis,36,Afilagarras,39,Carantoña,45,Amago,50,Golpe,,,,,,,,,,,,,,,,,,,,,,,,,,,,,,,,,,,,,,,,,,,,,,,,,,,,,,,,,,,,,,,,,,,Hidropulso,Poder Oculto,Día Soleado,Mofa,Protección,Danza Lluvia,Cola Férrea,Rayo,Trueno,Excavar,Bola Sombra,Doble Equipo,Onda Voltio,Golpe Aéreo,Tormento,Descanso,Atracción,Ladrón,Maquinación,Garra Umbría,Vendetta,Destello,Autosugestión,Pulso Umbrío,Brillo Mágico,Ida y Vuelta,Foco Resplandor,Corte,Fuerza,Golpe Roca,Treparrocas,,,,,,,,,,,,,,,,,,,,,,,,,,,,,,,,,,,,,,,,,,,,,,,,,,,,,,,,,,,,,,,,,,,,,,,,,,,,,,,,,,,,,,,,,,,,,,,,,,,,,,,,,,,,,,,,,,,,,,,,,,,,,Antojo,Maldición,Doble Filo,Azote,Tajo Umbrío,Rencor,Lanzamugre,,,,,,,,,,,,,,,,,,,,,,,,,,,,,,,,,,,,,,,,,,,,,,,,,,,,,,,,,,,,,,,,,,,,,,,,,,,,,,,,,,,,,,,,,,,,,,Ronquido,Antojo,Bofetón Lodo,Rencor,Alboroto,Defensa Férrea,Bomba Germen,Cabeza de Hierro,Desarme,Electrocañón,Última Baza,Juego Sucio,Lanzamugre,,,,,,,,,,,,,,,,,,,,,,,,,,,,,,,,,,,,,,,,,,,,,,,,,,,,,,,,,,,,,,,,,,,,,,,,,,,,,,,,,,,,,,,
Persian de Alola,1054,53,1,Siniestro,,Field,Field,Ningún objeto,Ningún objeto,Garra Rápida,Pelaje Recio,Experto,Bromista,65,70,60,90,65,115,0,Golpe Bajo,1,Arañazo,1,Gruñido,1,Trapicheo,1,Joya de Luz,1,Amago,1,Golpe Bajo,6,Mordisco,9,Sorpresa,12,Golpes Furia,15,Chirrido,18,Meteoros,21,Día de Pago,21,Finta,24,Tajo Umbrío,24,Cuchillada,27,Mofa,28,Joya de Luz,30,Buena Baza,34,Hipnosis,38,Maquinación,40,Pulso Umbrío,42,Carantoña,50,Amago,54,Doble Filo,66,Juego Sucio,,,,,,,,,,,,,,,,,,,,,,,,,,,,,,,,,,,,,,,,,,,,,,,,,Hidropulso,Tóxico,Día Soleado,Mofa,Protección,Danza Lluvia,Cola Férrea,Rayo,Trueno,Excavar,Bola Sombra,Doble Equipo,Onda Voltio,Golpe Aéreo,Tormento,Descanso,Atracción,Ladrón,Falso Tortazo,Maquinación,Garra Umbría,Vendetta,Destello,Danza Espada,Autosugestión,Pulso Umbrío,Corte,,,,,,,,,,,,,,,,,,,,,,,,,,,,,,,,,,,,,,,,,,,,,,,,,,,,,,,,,,,,,,,,,,,,,,,,,,,,,,,,,,,,,,,,,,,,,,,,,,,,,,,,,,,,,,,,,,,,,,,,,,,,,,,,,Rencor,Hipnosis,Última Baza,Azote,Látigo,Antojo,Encanto,Amnesia,Juego Sucio,,,,,,,,,,,,,,,,,,,,,,,,,,,,,,,,,,,,,,,,,,,,,,,,,,,,,,,,,,,,,,,,,,,,,,,,,,,,,,,,,,,,,,,,,,,,Ronquido,Antojo,Bofetón Lodo,Rencor,Alboroto,Bomba Germen,Meteoros,Viento Hielo,Desarme,Electrocañón,Última Baza,Juego Sucio,Lanzamugre,,,,,,,,,,,,,,,,,,,,,,,,,,,,,,,,,,,,,,,,,,,,,,,,,,,,,,,,,,,,,,,,,,,,,,,,,,,,,,,,,,,,,,,
Growlithe de Hisui,1055,58,1,Fuego,Roca,Field,Field,Ningún objeto,Ningún objeto,Ningún objeto,Intimidación,Cabeza Roca,Justiciero,60,75,45,65,50,55,1,Malicioso,1,Rugido,1,Mordisco,1,Aullido,5,Ascuas,9,Antiaéreo,12,Refuerzo,15,Colmillo Ígneo,18,Inversión,21,Avalancha,26,Lanzallamas,29,Triturar,33,Enfado,37,Doble Filo,40,Carantoña,44,Onda Ígnea,46,Roca Afilada,47,Envite Ígneo,53,Testarazo,,,,,,,,,,,,,,,,,,,,,,,,,,,,,,,,,,,,,,,,,,,,,,,,,,,,,,,,,,,,,,,Rugido,Tóxico,Día Soleado,Protección,Velo Sagrado,Cola Férrea,Excavar,Doble Equipo,Lanzallamas,Llamarada,Golpe Aéreo,Imagen,Atracción,Ladrón,Sofoco,Fuego Fatuo,Roca Afilada,Alarido,Avalancha,Foco Resplandor,Fuerza,Golpe Roca,,,,,,,,,,,,,,,,,,,,,,,,,,,,,,,,,,,,,,,,,,,,,,,,,,,,,,,,,,,,,,,,,,,,,,,,,,,,,,,,,,,,,,,,,,,,,,,,,,,,,,,,,,,,,,,,,,,,,,,,,,,,,,,,,,,,,,Golpe,Doble Filo,Sol Matinal,Antojo,Doble Patada,Golpe Cuerpo,Triturar,Giro Fuego,Aullido,Onda Ígnea,Envite Ígneo,A Bocajarro,Llama Final,Avalancha,Meteoros,,,,,,,,,,,,,,,,,,,,,,,,,,,,,,,,,,,,,,,,,,,,,,,,,,,,,,,,,,,,,,,,,,,,,,,,,,,,,,,,,,,,,,Ronquido,Refuerzo,Antojo,Bofetón Lodo,Poder Pasado,Meteoros,Onda Ígnea,Enfado,,,,,,,,,,,,,,,,,,,,,,,,,,,,,,,,,,,,,,,,,,,,,,,,,,,,,,,,,,,,,,,,,,,,,,,,,,,,,,,,,,,,,,,,,,,,
Arcanine de Hisui,1056,59,1,Fuego,Roca,Field,Field,Ningún objeto,Ningún objeto,Ningún objeto,Intimidación,Cabeza Roca,Competitivo,95,120,85,95,85,90,0,Veloc. Extrema,1,Aullido,5,Ascuas,10,Antiaéreo,15,Colmillo Ígneo,20,Inversión,25,Avalancha,30,Lanzallamas,35,Triturar,40,Enfado,45,Doble Filo,50,Carantoña,55,Onda Ígnea,60,A Bocajarro,63,Roca Afilada,65,Envite Ígneo,70,Testarazo,,,,,,,,,,,,,,,,,,,,,,,,,,,,,,,,,,,,,,,,,,,,,,,,,,,,,,,,,,,,,,,,,,,Rugido,Tóxico,Día Soleado,Hiperrayo,Protección,Velo Sagrado,Rayo Solar,Cola Férrea,Excavar,Doble Equipo,Lanzallamas,Llamarada,Golpe Aéreo,Imagen,Descanso,Atracción,Ladrón,Sofoco,Pulso Dragón,Fuego Fatuo,Gigaimpacto,Roca Afilada,Alarido,Avalancha,Foco Resplandor,Fuerza,Golpe Roca,Treparrocas,,,,,,,,,,,,,,,,,,,,,,,,,,,,,,,,,,,,,,,,,,,,,,,,,,,,,,,,,,,,,,,,,,,,,,,,,,,,,,,,,,,,,,,,,,,,,,,,,,,,,,,,,,,,,,,,,,,,,,,,,,,,,,,,Golpe,Doble Filo,Sol Matinal,Antojo,Doble Patada,Golpe Cuerpo,Triturar,Giro Fuego,Aullido,Onda Ígnea,Envite Ígneo,A Bocajarro,Llama Final,Avalancha,Meteoros,,,,,,,,,,,,,,,,,,,,,,,,,,,,,,,,,,,,,,,,,,,,,,,,,,,,,,,,,,,,,,,,,,,,,,,,,,,,,,,,,,,,,,Ronquido,Refuerzo,Antojo,Terratemblor,Bofetón Lodo,Aguzar,Poder Pasado,Meteoros,Cabeza de Hierro,Arenas Ardientes,Onda Ígnea,Enfado,,,,,,,,,,,,,,,,,,,,,,,,,,,,,,,,,,,,,,,,,,,,,,,,,,,,,,,,,,,,,,,,,,,,,,,,,,,,,,,,,,,,,,,,
Geodude de Alola,1059,74,1,Roca,Eléctrico,Mineral,Mineral,Ningún objeto,Ningún objeto,Piedra Eterna,Imán,Robustez,Piel Eléctrica,40,80,100,30,30,20,1,Placaje,1,Rizo Defensa,1,Carga,4,Tormenta Arena,7,Pulimento,7,Chispa,10,Lanzarrocas,12,Fortaleza,13,Puño Trueno,16,Rodar,18,Antiaéreo,22,Autodestrucción,25,Avalancha,28,Trampa Rocas,31,Chispazo,34,Pedrada,37,Explosión,40,Doble Filo,43,Roca Afilada,46,Machada,,,,,,,,,,,,,,,,,,,,,,,,,,,,,,,,,,,,,,,,,,,,,,,,,,,,,,,,,,,,,Puño Certero,Tóxico,Día Soleado,Protección,Rayo,Trueno,Terremoto,Excavar,Demolición,Doble Equipo,Lanzallamas,Tormenta Arena,Llamarada,Tumba Rocas,Imagen,Voltiocambio,Atracción,Lanzamiento,Explosión,Pulimento,Roca Afilada,Giro Bola,Trampa Rocas,Avalancha,Fuerza,Golpe Roca,Treparrocas,,,,,,,,,,,,,,,,,,,,,,,,,,,,,,,,,,,,,,,,,,,,,,,,,,,,,,,,,,,,,,,,,,,,,,,,,,,,,,,,,,,,,,,,,,,,,,,,,,,,,,,,,,,,,,,,,,,,,,,,,,,,,,,,,Megapuño,Bloqueo,Machada,Azote,Maldición,Aligerar,Vasta Guardia,Contraataque,Levitón,,,,,,,,,,,,,,,,,,,,,,,,,,,,,,,,,,,,,,,,,,,,,,,,,,,,,,,,,,,,,,,,,,,,,,,,,,,,,,,,,,,,,,,,,,,,Ronquido,Terratemblor,Cambio de Banda,Rodar,Electrotela,Bofetón Lodo,Bloqueo,Autodestrucción,Poder Pasado,Puño Fuego,Puño Trueno,Defensa Férrea,Levitón,Sísmico,Puño Incremento,Fuerza Bruta,Golpe Bajo,Electrocañón,Tierra Viva,,,,,,,,,,,,,,,,,,,,,,,,,,,,,,,,,,,,,,,,,,,,,,,,,,,,,,,,,,,,,,,,,,,,,,,,,,,,,,,,,
Graveler de Alola,1060,75,1,Roca,Eléctrico,Mineral,Mineral,Ningún objeto,Ningún objeto,Piedra Eterna,Imán,Robustez,Piel Eléctrica,55,95,115,45,45,35,1,Rizo Defensa,1,Placaje,1,Carga,4,Tormenta Arena,7,Pulimento,7,Chispa,10,Lanzarrocas,12,Fortaleza,13,Puño Trueno,16,Rodar,18,Antiaéreo,22,Autodestrucción,25,Giro Bola,26,Golpe Cuerpo,26,Avalancha,30,Trampa Rocas,34,Chispazo,38,Pedrada,42,Explosión,46,Doble Filo,50,Roca Afilada,54,Machada,55,Voltio Cruel,,,,,,,,,,,,,,,,,,,,,,,,,,,,,,,,,,,,,,,,,,,,,,,,,,,,,,,Puño Certero,Tóxico,Día Soleado,Protección,Rayo,Trueno,Terremoto,Excavar,Demolición,Doble Equipo,Lanzallamas,Tormenta Arena,Llamarada,Tumba Rocas,Imagen,Voltiocambio,Atracción,Lanzamiento,Explosión,Pulimento,Roca Afilada,Giro Bola,Trampa Rocas,Fuerza,Golpe Roca,Treparrocas,,,,,,,,,,,,,,,,,,,,,,,,,,,,,,,,,,,,,,,,,,,,,,,,,,,,,,,,,,,,,,,,,,,,,,,,,,,,,,,,,,,,,,,,,,,,,,,,,,,,,,,,,,,,,,,,,,,,,,,,,,,,,,,,,,Megapuño,Bloqueo,Machada,Azote,Maldición,Aligerar,Vasta Guardia,Contraataque,Levitón,,,,,,,,,,,,,,,,,,,,,,,,,,,,,,,,,,,,,,,,,,,,,,,,,,,,,,,,,,,,,,,,,,,,,,,,,,,,,,,,,,,,,,,,,,,,Ronquido,Terratemblor,Cambio de Banda,Rodar,Electrotela,Bofetón Lodo,Bloqueo,Autodestrucción,Pataleta,Poder Pasado,Puño Fuego,Puño Trueno,Defensa Férrea,Levitón,Sísmico,Puño Incremento,Fuerza Bruta,Golpe Bajo,Electrocañón,Tierra Viva,,,,,,,,,,,,,,,,,,,,,,,,,,,,,,,,,,,,,,,,,,,,,,,,,,,,,,,,,,,,,,,,,,,,,,,,,,,,,,,,
Golem de Alola,1061,76,1,Roca,Eléctrico,Mineral,Mineral,Ningún objeto,Ningún objeto,Piedra Eterna,Imán,Robustez,Piel Eléctrica,80,120,130,55,65,45,1,Rizo Defensa,1,Placaje,1,Carga,4,Tormenta Arena,7,Pulimento,7,Chispa,10,Lanzarrocas,12,Fortaleza,13,Puño Trueno,16,Rodar,18,Antiaéreo,22,Autodestrucción,25,Giro Bola,27,Golpe Cuerpo,27,Avalancha,30,Trampa Rocas,34,Chispazo,38,Pedrada,42,Explosión,46,Doble Filo,50,Roca Afilada,54,Machada,57,Voltio Cruel,,,,,,,,,,,,,,,,,,,,,,,,,,,,,,,,,,,,,,,,,,,,,,,,,,,,,,,Puño Certero,Tóxico,Día Soleado,Protección,Rayo,Trueno,Terremoto,Excavar,Demolición,Doble Equipo,Lanzallamas,Tormenta Arena,Llamarada,Tumba Rocas,Imagen,Voltiocambio,Atracción,Lanzamiento,Explosión,Pulimento,Roca Afilada,Trampa Rocas,Avalancha,Fuerza,Golpe Roca,Treparrocas,,,,,,,,,,,,,,,,,,,,,,,,,,,,,,,,,,,,,,,,,,,,,,,,,,,,,,,,,,,,,,,,,,,,,,,,,,,,,,,,,,,,,,,,,,,,,,,,,,,,,,,,,,,,,,,,,,,,,,,,,,,,,,,,,,Megapuño,Bloqueo,Machada,Azote,Maldición,Aligerar,Vasta Guardia,Contraataque,Levitón,,,,,,,,,,,,,,,,,,,,,,,,,,,,,,,,,,,,,,,,,,,,,,,,,,,,,,,,,,,,,,,,,,,,,,,,,,,,,,,,,,,,,,,,,,,,Ronquido,Terratemblor,Cambio de Banda,Rodar,Electrotela,Bofetón Lodo,Púas,Bloqueo,Autodestrucción,Corte Furia,Pataleta,Poder Pasado,Puño Fuego,Puño Trueno,Defensa Férrea,Levitón,Sísmico,Cabeza de Hierro,Puño Incremento,Fuerza Bruta,Golpe Bajo,Electrocañón,Tierra Viva,,,,,,,,,,,,,,,,,,,,,,,,,,,,,,,,,,,,,,,,,,,,,,,,,,,,,,,,,,,,,,,,,,,,,,,,,,,,,
Ponyta de Galar,1062,77,1,Hada,,Field,Field,Ningún objeto,Ningún objeto,Ningún objeto,Fuga,Velo Pastel,Muro Mágico,50,85,55,65,65,90,1,Gruñido,1,Placaje,4,Látigo,8,Viento Feérico,12,Antojo,16,Pisotón,20,Beso Drenaje,24,Pulso Cura,28,Derribo,32,Brillo Mágico,36,Lanzallamas,40,Carantoña,44,Bote,48,Deseo Cura,52,Envite Ígneo,,,,,,,,,,,,,,,,,,,,,,,,,,,,,,,,,,,,,,,,,,,,,,,,,,,,,,,,,,,,,,,,,,,,,,,Paz Mental,Tóxico,Día Soleado,Protección,Comesueños,Cola Férrea,Psíquico,Doble Equipo,Atracción,Fuerza,,,,,,,,,,,,,,,,,,,,,,,,,,,,,,,,,,,,,,,,,,,,,,,,,,,,,,,,,,,,,,,,,,,,,,,,,,,,,,,,,,,,,,,,,,,,,,,,,,,,,,,,,,,,,,,,,,,,,,,,,,,,,,,,,,,,,,,,,,,,,,,,,,Doble Patada,Doble Filo,Perforador,Hipnosis,Sol Matinal,Golpe,Fuerza Equina,,,,,,,,,,,,,,,,,,,,,,,,,,,,,,,,,,,,,,,,,,,,,,,,,,,,,,,,,,,,,,,,,,,,,,,,,,,,,,,,,,,,,,,,,,,,,,Ronquido,Cambio de Banda,Bote,Cabezazo Zen,Meteoros,Patada Baja,Onda Ígnea,,,,,,,,,,,,,,,,,,,,,,,,,,,,,,,,,,,,,,,,,,,,,,,,,,,,,,,,,,,,,,,,,,,,,,,,,,,,,,,,,,,,,,,,,,,,,
Rapidash de Galar,1063,78,1,Hada,Fuego,Field,Field,Ningún objeto,Ningún objeto,Ningún objeto,Fuga,Velo Pastel,Muro Mágico,65,90,70,90,80,105,0,Patada Ígnea,1,Placaje,1,Megacuerno,1,Gruñido,1,Ataque Rápido,1,Látigo,1,Viento Feérico,1,Ascuas,1,Patada Ígnea,4,Látigo,8,Rueda Fuego,12,Antojo,16,Agilidad,20,Pisotón,24,Beso Drenaje,28,Pulso Cura,32,Brillo Mágico,36,Lanzallamas,40,Carantoña,44,Bote,48,Deseo Cura,52,Envite Ígneo,56,Fuerza Equina,,,,,,,,,,,,,,,,,,,,,,,,,,,,,,,,,,,,,,,,,,,,,,,,,,,,,,,Paz Mental,Tóxico,Día Soleado,Hiperrayo,Protección,Comesueños,Cola Férrea,Psíquico,Doble Equipo,Lanzallamas,Llamarada,Imagen,Atracción,Sofoco,Fuego Fatuo,Gigaimpacto,Danza Espada,Espacio Raro,Fuerza,,,,,,,,,,,,,,,,,,,,,,,,,,,,,,,,,,,,,,,,,,,,,,,,,,,,,,,,,,,,,,,,,,,,,,,,,,,,,,,,,,,,,,,,,,,,,,,,,,,,,,,,,,,,,,,,,,,,,,,,,,,,,,,,,,,,,,,,,Doble Patada,Doble Filo,Perforador,Hipnosis,Sol Matinal,Golpe,Fuerza Equina,,,,,,,,,,,,,,,,,,,,,,,,,,,,,,,,,,,,,,,,,,,,,,,,,,,,,,,,,,,,,,,,,,,,,,,,,,,,,,,,,,,,,,,,,,,,,,Ronquido,Cambio de Banda,Zona Mágica,Zona Extraña,Bote,Cabezazo Zen,Meteoros,Patada Baja,Taladradora,Arenas Ardientes,Onda Ígnea,,,,,,,,,,,,,,,,,,,,,,,,,,,,,,,,,,,,,,,,,,,,,,,,,,,,,,,,,,,,,,,,,,,,,,,,,,,,,,,,,,,,,,,,,
Slowpoke de Galar,1064,79,1,Psíquico,,Monster,Water 1,Ningún objeto,Ningún objeto,Ningún objeto,Gula,Ritmo Propio,Regeneración,90,65,65,40,40,15,1,Maldición,1,Placaje,1,Bostezo,1,Teletransporte,4,Gruñido,7,Ácido,10,Confusión,13,Anulación,16,Golpe Cabeza,17,Rayo Confuso,19,Hidropulso,22,Cabezazo Zen,25,Psicorrayo,28,Relajo,30,Surf,31,Amnesia,34,Psíquico,35,Bomba Lodo,37,Danza Lluvia,40,Autosugestión,43,Premonición,45,Pulso Cura,46,Espacio Raro,,,,,,,,,,,,,,,,,,,,,,,,,,,,,,,,,,,,,,,,,,,,,,,,,,,,,,,Hidropulso,Paz Mental,Granizo,Día Soleado,Rayo Hielo,Ventisca,Pantalla de Luz,Protección,Danza Lluvia,Velo Sagrado,Rayo Solar,Cola Férrea,Terremoto,Excavar,Psíquico,Bola Sombra,Doble Equipo,Lanzallamas,Llamarada,Atracción,Intercambio,Salmuera,Escaldar,Destello,Onda Trueno,Autosugestión,Vozarrón,Brillo Mágico,Hierba Lazo,Espacio Raro,Surf,Fuerza,,,,,,,,,,,,,,,,,,,,,,,,,,,,,,,,,,,,,,,,,,,,,,,,,,,,,,,,,,,,,,,,,,,,,,,,,,,,,,,,,,,,,,,,,,,,,,,,,,,,,,,,,,,,,,,,,,,,,,,,,,,,Eructo,Tambor,Bloqueo,Pisotón,,,,,,,,,,,,,,,,,,,,,,,,,,,,,,,,,,,,,,,,,,,,,,,,,,,,,,,,,,,,,,,,,,,,,,,,,,,,,,,,,,,,,,,,,,,,,,,,,Ronquido,Cede Paso,Terratemblor,Bofetón Lodo,Bloqueo,Rayo Señal,Zona Extraña,Buceo,Cabezazo Zen,Capa Mágica,Meteoros,Truco,Acua Cola,Viento Hielo,Electrocañón,Juego Sucio,,,,,,,,,,,,,,,,,,,,,,,,,,,,,,,,,,,,,,,,,,,,,,,,,,,,,,,,,,,,,,,,,,,,,,,,,,,,,,,,,,,,
Slowbro de Galar,1066,80,2,Veneno,Psíquico,Monster,Water 1,Ningún objeto,Ningún objeto,Ningún objeto,Mano Rápida,Ritmo Propio,Regeneración,95,100,95,100,70,30,0,Moluscañón,1,Placaje,1,Teletransporte,1,Maldición,1,Moluscañón,1,Bostezo,4,Gruñido,7,Ácido,10,Confusión,13,Anulación,16,Golpe Cabeza,17,Rayo Confuso,19,Hidropulso,22,Cabezazo Zen,28,Relajo,30,Surf,31,Amnesia,35,Psíquico,39,Bomba Lodo,40,Danza Lluvia,43,Autosugestión,46,Premonición,48,Pulso Cura,51,Espacio Raro,,,,,,,,,,,,,,,,,,,,,,,,,,,,,,,,,,,,,,,,,,,,,,,,,,,,,Hidropulso,Paz Mental,Granizo,Día Soleado,Rayo Hielo,Ventisca,Pantalla de Luz,Protección,Danza Lluvia,Velo Sagrado,Cola Férrea,Terremoto,Excavar,Psíquico,Bola Sombra,Doble Equipo,Lanzallamas,Bomba Lodo,Llamarada,Atracción,Intercambio,Salmuera,Escaldar,Reciclaje,Destello,Onda Trueno,Autosugestión,Vozarrón,Brillo Mágico,Hierba Lazo,Espacio Raro,Surf,Fuerza,,,,,,,,,,,,,,,,,,,,,,,,,,,,,,,,,,,,,,,,,,,,,,,,,,,,,,,,,,,,,,,,,,,,,,,,,,,,,,,,,,,,,,,,,,,,,,,,,,,,,,,,,,,,,,,,,,,,,,,,,,,Eructo,Tambor,Bloqueo,Pisotón,,,,,,,,,,,,,,,,,,,,,,,,,,,,,,,,,,,,,,,,,,,,,,,,,,,,,,,,,,,,,,,,,,,,,,,,,,,,,,,,,,,,,,,,,,,,,,,,,Ronquido,Cede Paso,Terratemblor,Bofetón Lodo,Bloqueo,Corte Furia,Rayo Señal,Puño Hielo,Defensa Férrea,Zona Extraña,Sísmico,Buceo,Truco,Cabezazo Zen,Capa Mágica,Meteoros,Acua Cola,Viento Hielo,Electrocañón,Juego Sucio,Lanzamugre,,,,,,,,,,,,,,,,,,,,,,,,,,,,,,,,,,,,,,,,,,,,,,,,,,,,,,,,,,,,,,,,,,,,,,,,,,,,,,,
Galarian Farfetch'd,1067,83,1,Lucha,,Field,Flying,Puerro,Ningún objeto,Ningún objeto,Impasible,Afortunado,Intrépido,52,95,55,58,62,55,1,Ataque Arena,1,Golpe Roca,1,Malicioso,1,Corte Furia,7,Corte Furia,10,Demolición,13,Desarme,15,Corte,16,Danza Espada,16,Despejar,19,Detección,22,Cuchillada,22,Tajo Umbrío,25,Desquite,28,Hoja Aguda,31,Puya Nociva,34,Atizar,37,Falso Tortazo,40,Amago,43,Pájaro Osado,46,Doble Filo,49,A Bocajarro,54,Sacrificio,,,,,,,,,,,,,,,,,,,,,,,,,,,,,,,,,,,,,,,,,,,,,,,,,,,,,,,Corpulencia,Poder Oculto,Día Soleado,Protección,Cola Férrea,Puntapié,Demolición,Doble Equipo,Golpe Aéreo,Atracción,Ladrón,Ala de Acero,Onda Certera,Falso Tortazo,Aguante,Danza Espada,Autosugestión,Puya Nociva,Ida y Vuelta,Corte,Fuerza,Golpe Roca,,,,,,,,,,,,,,,,,,,,,,,,,,,,,,,,,,,,,,,,,,,,,,,,,,,,,,,,,,,,,,,,,,,,,,,,,,,,,,,,,,,,,,,,,,,,,,,,,,,,,,,,,,,,,,,,,,,,,,,,,,,,,,,,,,,,,,Contraataque,Antojo,Maldición,Doble Filo,Amago,Azote,Tajo Umbrío,Ataque Rápido,Anticipo,Onda Simple,Ataque Aéreo,,,,,,,,,,,,,,,,,,,,,,,,,,,,,,,,,,,,,,,,,,,,,,,,,,,,,,,,,,,,,,,,,,,,,,,,,,,,,,,,,,,,,,,,,,Ronquido,Refuerzo,Antojo,Aire Afilado,Bofetón Lodo,Ala Bis,Aguzar,Corte Furia,Alboroto,Viento Aciago,Ataque Aéreo,Viento Afín,Fuerza Bruta,Desarme,Última Baza,Ciclón,,,,,,,,,,,,,,,,,,,,,,,,,,,,,,,,,,,,,,,,,,,,,,,,,,,,,,,,,,,,,,,,,,,,,,,,,,,,,,,,,,,,
Grimer de Alola,1069,88,1,Veneno,Siniestro,Amorphous,Amorphous,Ningún objeto,Ningún objeto,Lodo Negro,Toque Tóxico,Gula,Reacción Química,80,80,50,40,50,25,1,Gas Venenoso,1,Destructor,1,Maldición,4,Fortaleza,7,Mordisco,10,Anulación,13,Bomba Ácida,16,Colmillo Veneno,18,Polución,19,Reducción,22,Sombra Vil,25,Lanzamiento,28,Desarme,31,Vendetta,32,Triturar,34,Chirrido,37,Bomba Lodo,40,Armadura Ácida,43,Lanzamugre,46,Eructo,46,Legado,,,,,,,,,,,,,,,,,,,,,,,,,,,,,,,,,,,,,,,,,,,,,,,,,,,,,,,,,,,Tóxico,Día Soleado,Mofa,Protección,Danza Lluvia,Gigadrenado,Rayo,Trueno,Excavar,Bola Sombra,Doble Equipo,Onda Voltio,Lanzallamas,Bomba Lodo,Llamarada,Tumba Rocas,Tormento,Atracción,Ladrón,Lanzamiento,Explosión,Vendetta,Avalancha,Puya Nociva,Fuerza,,,,,,,,,,,,,,,,,,,,,,,,,,,,,,,,,,,,,,,,,,,,,,,,,,,,,,,,,,,,,,,,,,,,,,,,,,,,,,,,,,,,,,,,,,,,,,,,,,,,,,,,,,,,,,,,,,,,,,,,,,,,,,,,,,,Niebla,Mal de Ojo,Lengüetazo,Sellar,Maldición,Puño Sombra,Sombra Vil,Reserva,Tragar,Escupir,Cara Susto,Bomba Ácida,Puño Incremento,Buena Baza,,,,,,,,,,,,,,,,,,,,,,,,,,,,,,,,,,,,,,,,,,,,,,,,,,,,,,,,,,,,,,,,,,,,,,,,,,,,,,,,,,,,,,,Ronquido,Refuerzo,Bofetón Lodo,Autodestrucción,Rencor,Bilis,Puño Fuego,Puño Hielo,Puño Trueno,Divide Dolor,Puño Incremento,Desarme,Electrocañón,Lanzamugre,,,,,,,,,,,,,,,,,,,,,,,,,,,,,,,,,,,,,,,,,,,,,,,,,,,,,,,,,,,,,,,,,,,,,,,,,,,,,,,,,,,,,,
Muk de Alola,1070,89,1,Veneno,Siniestro,Amorphous,Amorphous,Ningún objeto,Ningún objeto,Ningún objeto,Toque Tóxico,Gula,Reacción Química,105,105,75,65,100,50,0,Trampa Venenosa,1,Gas Venenoso,1,Destructor,1,Niebla,1,Maldición,1,Mordisco,1,Trampa Venenosa,4,Fortaleza,7,Mordisco,10,Anulación,13,Bomba Ácida,16,Colmillo Veneno,18,Polución,19,Reducción,22,Sombra Vil,25,Lanzamiento,28,Puya Nociva,31,Vendetta,32,Desarme,34,Chirrido,38,Triturar,42,Armadura Ácida,46,Lanzamugre,50,Legado,52,Eructo,,,,,,,,,,,,,,,,,,,,,,,,,,,,,,,,,,,,,,,,,,,,,,,,,,,Tóxico,Día Soleado,Mofa,Protección,Danza Lluvia,Gigadrenado,Rayo,Trueno,Excavar,Bola Sombra,Doble Equipo,Onda Voltio,Lanzallamas,Bomba Lodo,Llamarada,Tumba Rocas,Tormento,Atracción,Ladrón,Lanzamiento,Explosión,Vendetta,Avalancha,Puya Nociva,Fuerza,,,,,,,,,,,,,,,,,,,,,,,,,,,,,,,,,,,,,,,,,,,,,,,,,,,,,,,,,,,,,,,,,,,,,,,,,,,,,,,,,,,,,,,,,,,,,,,,,,,,,,,,,,,,,,,,,,,,,,,,,,,,,,,,,,,Niebla,Mal de Ojo,Lengüetazo,Sellar,Maldición,Puño Sombra,Sombra Vil,Reserva,Tragar,Escupir,Cara Susto,Bomba Ácida,Puño Incremento,Buena Baza,,,,,,,,,,,,,,,,,,,,,,,,,,,,,,,,,,,,,,,,,,,,,,,,,,,,,,,,,,,,,,,,,,,,,,,,,,,,,,,,,,,,,,,Ronquido,Refuerzo,Bofetón Lodo,Bloqueo,Autodestrucción,Rencor,Bilis,Puño Fuego,Puño Hielo,Puño Trueno,Divide Dolor,Puño Incremento,Desarme,Electrocañón,Lanzamugre,,,,,,,,,,,,,,,,,,,,,,,,,,,,,,,,,,,,,,,,,,,,,,,,,,,,,,,,,,,,,,,,,,,,,,,,,,,,,,,,,,,,,
Stitched Gengar,1073,94,3,Fantasma,Veneno,No Eggs,No Eggs,Ningún objeto,Ningún objeto,Ningún objeto,Levitación,Cuerpo Maldito,Ensañamiento,60,65,60,130,75,110,1,Clonatipo,1,Canto Mortal,1,Rencor,1,Lengüetazo,1,Mal de Ojo,1,Gas Venenoso,4,Hipnosis,7,Tinieblas,10,Polución,13,Rayo Confuso,16,Infortunio,19,Maldición,22,Golpe Bajo,25,Puño Sombra,26,Bola Sombra,30,Vendetta,34,Bomba Lodo,38,Comesueños,42,Pulso Umbrío,50,Mismo Destino,54,Esfera Aural,,,,,,,,,,,,,,,,,,,,,,,,,,,,,,,,,,,,,,,,,,,,,,,,,,,,,,,,,,,Puño Certero,Tóxico,Día Soleado,Mofa,Hiperrayo,Protección,Danza Lluvia,Gigadrenado,Comesueños,Rayo,Trueno,Psíquico,Bola Sombra,Demolición,Doble Equipo,Bomba Lodo,Tormento,Atracción,Ladrón,Intercambio,Onda Certera,Energibola,Lanzamiento,Puño Drenaje,Fuego Fatuo,Maquinación,Explosión,Garra Umbría,Vendetta,Gigaimpacto,Autosugestión,Pulso Umbrío,Puya Nociva,Brillo Mágico,Espacio Raro,Fuerza,Golpe Roca,,,,,,,,,,,,,,,,,,,,,,,,,,,,,,,,,,,,,,,,,,,,,,,,,,,,,,,,,,,,,,,,,,,,,,,,,,,,,,,,,,,,,,,,,,,,,,,,,,,,,,,,,,,,,,,,,,,,,,,,,,,,,,,,,,,,,,,,,,,,,,,,,,,,,,,,,,,,,,,,,,,,,,,,,,,,,,,,,,,,,,,,,,,,,,,,,,,,,,,,,,,,,,,,,,,,,,,,,,,,,,,,,,,,,,,,,,,,,,,,,,,,,,,,,,,,,,,,,,,,,,,,,,,,,,,,,,,,,,,,,,,,,,,,,,,,,,,,,,,,,,,,,,,,,,,,,,,,,,
Crystal Onix,1074,95,1,Roca,Hielo,Mineral,Mineral,Ningún objeto,Ningún objeto,Ningún objeto,Filtro,Cuerpo Puro,Armadura Frágil,55,92,45,108,75,100,1,Atadura,1,Fortaleza,1,Placaje,4,Maldición,7,Lanzarrocas,10,Esquirla Helada,13,Enrosque,16,Pedrada,19,Carámbano,22,Dragoaliento,25,Cola Dragón,31,Avalancha,34,Chuzos,37,Pulimento,40,Joya de Luz,43,Roca Afilada,46,Vaho Gélido,49,Cuerpo Pesado,55,Tierra Viva,60,Testarazo,,,,,,,,,,,,,,,,,,,,,,,,,,,,,,,,,,,,,,,,,,,,,,,,,,,,,,,,,,,,,Rugido,Tóxico,Granizo,Día Soleado,Mofa,Rayo Hielo,Ventisca,Hiperrayo,Protección,Comesueños,Cola Férrea,Terremoto,Excavar,Doble Equipo,Tormenta Arena,Tumba Rocas,Pulso Dragón,Explosión,Vendetta,Pulimento,Roca Afilada,Alud,Giro Bola,Trampa Rocas,Autosugestión,Avalancha,Foco Resplandor,Surf,Fuerza,Golpe Roca,Treparrocas,,,,,,,,,,,,,,,,,,,,,,,,,,,,,,,,,,,,,,,,,,,,,,,,,,,,,,,,,,,,,,,,,,,,,,,,,,,,,,,,,,,,,,,,,,,,,,,,,,,,,,,,,,,,,,,,,,,,,,,,,,,,,Azote,Rizo Defensa,Vasta Guardia,Afilar,,,,,,,,,,,,,,,,,,,,,,,,,,,,,,,,,,,,,,,,,,,,,,,,,,,,,,,,,,,,,,,,,,,,,,,,,,,,,,,,,,,,,,,,,,,,,,,,,Ronquido,Atadura,Terratemblor,Rodar,Bofetón Lodo,Púas,Bloqueo,Autodestrucción,Pataleta,Poder Pasado,Defensa Férrea,Capa Mágica,Cabeza de Hierro,Arenas Ardientes,Electrocañón,Ciclón,Tierra Viva,,,,,,,,,,,,,,,,,,,,,,,,,,,,,,,,,,,,,,,,,,,,,,,,,,,,,,,,,,,,,,,,,,,,,,,,,,,,,,,,,,,
Voltorb de Hisui,1076,100,1,Eléctrico,Planta,Mineral,Mineral,Ningún objeto,Ningún objeto,Ningún objeto,Insonorizar,Elec. Estática,Herbogénesis,40,30,50,55,55,100,1,Carga,1,Chirrido,1,Impactrueno,1,Absorber,5,Meteoros,9,Onda Trueno,12,Rodar,15,Rayo Carga,18,Onda Anómala,21,Energibola,24,Autodestrucción,29,Rayo,34,Pantalla de Luz,34,Reflejo,37,Trueno,42,Giro Bola,45,Espejo,47,Explosión,,,,,,,,,,,,,,,,,,,,,,,,,,,,,,,,,,,,,,,,,,,,,,,,,,,,,,,,,,,,,,,,,Tóxico,Mofa,Pantalla de Luz,Protección,Danza Lluvia,Gigadrenado,Rayo,Trueno,Doble Equipo,Reflejo,Onda Voltio,Tormento,Imagen,Voltiocambio,Ladrón,Energibola,Zumbido,Explosión,Destello,Onda Trueno,Giro Bola,,,,,,,,,,,,,,,,,,,,,,,,,,,,,,,,,,,,,,,,,,,,,,,,,,,,,,,,,,,,,,,,,,,,,,,,,,,,,,,,,,,,,,,,,,,,,,,,,,,,,,,,,,,,,,,,,,,,,,,,,,,,,,,,,,,,,,,,,,,,,,,,,,,,,,,,,,,,,,,,,,,,,,,,,,,,,,,,,,,,,,,,,,,,,,,,,,,,,,,,,,,,,,,,,,,,,,,,,,,,,,,,,,,,,,,,,,,Ronquido,Rodar,Abatidoras,Autodestrucción,Rayo Señal,Síntesis,Levitón,Bomba Germen,Capa Mágica,Meteoros,Golpe Bajo,Electrocañón,Juego Sucio,,,,,,,,,,,,,,,,,,,,,,,,,,,,,,,,,,,,,,,,,,,,,,,,,,,,,,,,,,,,,,,,,,,,,,,,,,,,,,,,,,,,,,,
Electrode de Hisui,1077,101,1,Eléctrico,Planta,Mineral,Mineral,Ningún objeto,Ningún objeto,Ningún objeto,Insonorizar,Elec. Estática,Herbogénesis,60,50,70,80,80,150,1,Carga,1,Chirrido,1,Impactrueno,1,Absorber,6,Meteoros,11,Onda Trueno,16,Rodar,21,Rayo Carga,26,Onda Anómala,31,Energibola,36,Autodestrucción,41,Rayo,46,Pantalla de Luz,51,Reflejo,56,Trueno,61,Giro Bola,66,Manto Espejo,71,Explosión,,,,,,,,,,,,,,,,,,,,,,,,,,,,,,,,,,,,,,,,,,,,,,,,,,,,,,,,,,,,,,,,,Tóxico,Mofa,Pantalla de Luz,Protección,Danza Lluvia,Rayo,Trueno,Doble Equipo,Onda Voltio,Tormento,Imagen,Voltiocambio,Ladrón,Energibola,Zumbido,Explosión,Destello,Onda Trueno,Giro Bola,,,,,,,,,,,,,,,,,,,,,,,,,,,,,,,,,,,,,,,,,,,,,,,,,,,,,,,,,,,,,,,,,,,,,,,,,,,,,,,,,,,,,,,,,,,,,,,,,,,,,,,,,,,,,,,,,,,,,,,,,,,,,,,,,,,,,,,,,,,,,,,,,,,,,,,,,,,,,,,,,,,,,,,,,,,,,,,,,,,,,,,,,,,,,,,,,,,,,,,,,,,,,,,,,,,,,,,,,,,,,,,,,,,,,,,,,,,,,Ronquido,Rodar,Abatidoras,Autodestrucción,Rayo Señal,Síntesis,Levitón,Bomba Germen,Capa Mágica,Meteoros,Golpe Bajo,Electrocañón,Juego Sucio,,,,,,,,,,,,,,,,,,,,,,,,,,,,,,,,,,,,,,,,,,,,,,,,,,,,,,,,,,,,,,,,,,,,,,,,,,,,,,,,,,,,,,,
Exeggutor de Alola,1078,103,1,Planta,Dragón,Grass,Grass,Ningún objeto,Ningún objeto,Ningún objeto,Cacheo,Cosecha,Cabeza Roca,95,125,85,105,75,45,1,Hipnosis,1,Absorber,1,Alboroto,1,Bombardeo,7,Reflejo,12,Confusión,17,Pisotón,22,Megaagotar,22,Semilladora,27,Drenadoras,32,Paralizador,32,Polvo Veneno,32,Somnífero,37,Cabezazo Zen,42,Síntesis,47,Mazazo,52,Martillo Dragón,57,Abatidoras,57,Poder Pasado,62,Psíquico,67,Gigadrenado,72,Cuchilla Solar,77,Hoja Aguda,,,,,,,,,,,,,,,,,,,,,,,,,,,,,,,,,,,,,,,,,,,,,,,,,,,,,,,Paz Mental,Tóxico,Corpulencia,Semilladora,Día Soleado,Hiperrayo,Pantalla de Luz,Protección,Gigadrenado,Rayo Solar,Psíquico,Doble Equipo,Reflejo,Bomba Lodo,Atracción,Ladrón,Intercambio,Energibola,Explosión,Gigaimpacto,Destello,Danza Espada,Autosugestión,Brillo Mágico,Hierba Lazo,Espacio Raro,Fuerza,,,,,,,,,,,,,,,,,,,,,,,,,,,,,,,,,,,,,,,,,,,,,,,,,,,,,,,,,,,,,,,,,,,,,,,,,,,,,,,,,,,,,,,,,,,,,,,,,,,,,,,,,,,,,,,,,,,,,,,,,,,,,,,,,Poder Pasado,Bloqueo,Maldición,Arraigo,Luz Lunar,Somnífero,Paralizador,Polvo Veneno,Síntesis,Adaptación,Lluevehojas,Cambiafuerza,Campo de Hierba,,,,,,,,,,,,,,,,,,,,,,,,,,,,,,,,,,,,,,,,,,,,,,,,,,,,,,,,,,,,,,,,,,,,,,,,,,,,,,,,,,,,,,,,Ronquido,Terratemblor,Rodar,Abatidoras,Bloqueo,Autodestrucción,Alboroto,Pataleta,Síntesis,Poder Pasado,Cabezazo Zen,Bomba Germen,Patada Baja,Cabeza de Hierro,Gravedad,Fuerza Bruta,Desarme,Enfado,,,,,,,,,,,,,,,,,,,,,,,,,,,,,,,,,,,,,,,,,,,,,,,,,,,,,,,,,,,,,,,,,,,,,,,,,,,,,,,,,,
Marowak de Alola,1079,105,1,Fantasma,Fuego,Monster,Monster,Ningún objeto,Ningún objeto,Hueso Grueso,Cuerpo Maldito,Pararrayos,Cabeza Roca,60,80,110,50,80,45,0,Hueso Sombrío,1,Látigo,1,Gruñido,1,Bofetón Lodo,1,Canto,1,Hueso Sombrío,4,Rueda Fuego,7,Hueso Palo,10,Malicioso,13,Infortunio,16,Represalia,19,Huesomerang,22,Falso Tortazo,23,Fuego Fatuo,24,Pataleta,25,Desarme,28,Danza Espada,29,Ataque Óseo,33,Golpe,37,Lanzamiento,41,Esfuerzo,45,Cabeza de Hierro,49,Tambor,53,Envite Ígneo,57,Terremoto,,,,,,,,,,,,,,,,,,,,,,,,,,,,,,,,,,,,,,,,,,,,,,,,,,,Puño Certero,Tóxico,Día Soleado,Rayo Hielo,Ventisca,Hiperrayo,Protección,Cola Férrea,Terremoto,Excavar,Bola Sombra,Demolición,Doble Equipo,Lanzallamas,Tormenta Arena,Llamarada,Tumba Rocas,Golpe Aéreo,Atracción,Ladrón,Onda Certera,Falso Tortazo,Lanzamiento,Gigaimpacto,Roca Afilada,Danza Espada,Trampa Rocas,Avalancha,Fuerza,Golpe Roca,Treparrocas,,,,,,,,,,,,,,,,,,,,,,,,,,,,,,,,,,,,,,,,,,,,,,,,,,,,,,,,,,,,,,,,,,,,,,,,,,,,,,,,,,,,,,,,,,,,,,,,,,,,,,,,,,,,,,,,,,,,,,,,,,,,,Poder Pasado,Tambor,Detección,Doble Patada,Canto Mortal,Cabezazo,Maldición,Malicioso,Chirrido,Cabeza de Hierro,,,,,,,,,,,,,,,,,,,,,,,,,,,,,,,,,,,,,,,,,,,,,,,,,,,,,,,,,,,,,,,,,,,,,,,,,,,,,,,,,,,,,,,,,,,Ronquido,Terratemblor,Cambio de Banda,Bofetón Lodo,Aguzar,Corte Furia,Rencor,Alboroto,Pataleta,Puño Fuego,Puño Trueno,Defensa Férrea,Sísmico,Divide Dolor,Patada Baja,Cabeza de Hierro,Arenas Ardientes,Puño Incremento,Viento Hielo,Onda Ígnea,Desarme,Esfuerzo,Enfado,Tierra Viva,,,,,,,,,,,,,,,,,,,,,,,,,,,,,,,,,,,,,,,,,,,,,,,,,,,,,,,,,,,,,,,,,,,,,,,,,,,,
Weezing de Galar,1081,110,1,Veneno,Hada,Amorphous,Amorphous,Ningún objeto,Ningún objeto,Ningún objeto,Levitación,Gas Reactivo,Nebulogénesis,65,80,120,95,70,60,0,Doble Golpe,1,Psicorrayo,1,Niebla Aromática,1,Viento Feérico,1,Placaje,1,Gas Venenoso,1,Cautivapor,1,Doble Golpe,4,Polución,7,Pantalla de Humo,10,Buena Baza,13,Divide Dolor,16,Residuos,19,Autodestrucción,22,Aromaterapia,25,Giro Bola,28,Bomba Lodo,31,Onda Ígnea,34,Mismo Destino,35,Doble Golpe,38,Tóxico,38,Pulso Umbrío,42,Lanzamugre,44,Eructo,46,Explosión,50,Legado,53,Brillo Mágico,56,Mismo Destino,62,Campo de Niebla,,,,,,,,,,,,,,,,,,,,,,,,,,,,,,,,,,,,,,,,,,,Tóxico,Día Soleado,Mofa,Hiperrayo,Protección,Danza Lluvia,Comesueños,Rayo,Trueno,Bola Sombra,Doble Equipo,Onda Voltio,Lanzallamas,Bomba Lodo,Llamarada,Tormento,Atracción,Ladrón,Fuego Fatuo,Explosión,Vendetta,Gigaimpacto,Destello,Giro Bola,Alarido,Pulso Umbrío,,,,,,,,,,,,,,,,,,,,,,,,,,,,,,,,,,,,,,,,,,,,,,,,,,,,,,,,,,,,,,,,,,,,,,,,,,,,,,,,,,,,,,,,,,,,,,,,,,,,,,,,,,,,,,,,,,,,,,,,,,,,,,,,,,Psicorrayo,Divide Dolor,Rabia,Rencor,Maldición,Reserva,Tragar,Escupir,Chirrido,Mismo Destino,Púas Tóxicas,Trampa Venenosa,,,,,,,,,,,,,,,,,,,,,,,,,,,,,,,,,,,,,,,,,,,,,,,,,,,,,,,,,,,,,,,,,,,,,,,,,,,,,,,,,,,,,,,,,Ronquido,Rodar,Autodestrucción,Rencor,Alboroto,Zona Extraña,Divide Dolor,Electrocañón,,,,,,,,,,,,,,,,,,,,,,,,,,,,,,,,,,,,,,,,,,,,,,,,,,,,,,,,,,,,,,,,,,,,,,,,,,,,,,,,,,,,,,,,,,,,
Mr. Mime de Galar,1083,122,1,Psíquico,Hielo,Human-Like,Human-Like,Ningún objeto,Ningún objeto,Ningún objeto,Espíritu Vital,Antibarrera,Gélido,50,65,65,90,90,100,1,Copión,1,Destructor,1,Barrera,1,Confusión,1,Esquirla Helada,1,Campo de Niebla,1,Protección,1,Reciclaje,1,Doble Patada,6,Copión,8,Meditación,9,Doble Bofetón,15,Otra Vez,18,Mimético,20,Protección,21,Psicorrayo,22,Viento Hielo,24,Pantalla de Luz,24,Reflejo,27,Brillo Mágico,30,Sustituto,33,Psíquico,36,Truco,39,Maquinación,40,Golpe Bajo,42,Imitación,44,Liofilización,45,Relevo,48,Velo Sagrado,52,Danza Caos,,,,,,,,,,,,,,,,,,,,,,,,,,,,,,,,,,,,,,,,,Puño Certero,Paz Mental,Granizo,Día Soleado,Mofa,Rayo Hielo,Ventisca,Hiperrayo,Pantalla de Luz,Protección,Danza Lluvia,Velo Sagrado,Comesueños,Rayo Solar,Rayo,Trueno,Psíquico,Bola Sombra,Demolición,Doble Equipo,Reflejo,Onda Voltio,Golpe Aéreo,Tormento,Atracción,Ladrón,Intercambio,Onda Certera,Energibola,Lanzamiento,Puño Drenaje,Maquinación,Vendetta,Reciclaje,Gigaimpacto,Destello,Alud,Onda Trueno,Autosugestión,Brillo Mágico,Hierba Lazo,Espacio Raro,,,,,,,,,,,,,,,,,,,,,,,,,,,,,,,,,,,,,,,,,,,,,,,,,,,,,,,,,,,,,,,,,,,,,,,,,,,,,,,,,,,,,,,,,,,,,,,,,,,,,,,,,,,,,,,,,,Hipnosis,Sorpresa,Rayo Confuso,Isofuerza,Cosquillas,Premonición,Mimético,Truco,Danza Caos,Deseo Cura,Encanto,Zona Mágica,Viento Hielo,,,,,,,,,,,,,,,,,,,,,,,,,,,,,,,,,,,,,,,,,,,,,,,,,,,,,,,,,,,,,,,,,,,,,,,,,,,,,,,,,,,,,,,,Ronquido,Refuerzo,Antojo,Cambio de Banda,Bofetón Lodo,Alboroto,Rayo Señal,Pataleta,Puño Fuego,Puño Hielo,Puño Trueno,Defensa Férrea,Zona Mágica,Zona Extraña,Sísmico,Imitación,Cabezazo Zen,Capa Mágica,Truco,Puño Incremento,Viento Hielo,Electrocañón,Juego Sucio,,,,,,,,,,,,,,,,,,,,,,,,,,,,,,,,,,,,,,,,,,,,,,,,,,,,,,,,,,,,,,,,,,,,,,,,,,,,,
Partner Eevee,1090,133,1,Normal,,No Eggs,No Eggs,Ningún objeto,Ningún objeto,Ningún objeto,Fuga,Adaptable,Mutatipo,65,75,70,75,85,80,1,Látigo,1,Gruñido,1,Placaje,1,Refuerzo,1,Antojo,1,Mordisco,7,Ataque Arena,10,Ataque Rápido,13,Relevo,15,Ojitos Tiernos,16,Meteoros,22,Deseo,25,Derribo,28,Llanto Falso,30,Copión,31,Encanto,34,Doble Filo,37,Cascabel Cura,40,Última Baza,,,,,,,,,,,,,,,,,,,,,,,,,,,,,,,,,,,,,,,,,,,,,,,,,,,,,,,,,,,,,,,Tóxico,Poder Oculto,Día Soleado,Protección,Danza Lluvia,Cola Férrea,Excavar,Bola Sombra,Doble Equipo,Descanso,Atracción,Hierba Lazo,,,,,,,,,,,,,,,,,,,,,,,,,,,,,,,,,,,,,,,,,,,,,,,,,,,,,,,,,,,,,,,,,,,,,,,,,,,,,,,,,,,,,,,,,,,,,,,,,,,,,,,,,,,,,,,,,,,,,,,,,,,,,,,,,,,,,,,,,,,,,,,,,,,,,,,,,,,,,,,,,,,,,,,,,,,,,,,,,,,,,,,,,,,,,,,,,,,,,,,,,,,,,,,,,,,,,,,,,,,,,,,,,,,,,,,,,,,,,,,,,,,,,,,,,,,,,,,,,,,,,,,,,,,,,,,,,,,,,,,,,,,,,,,,,,,,,,,,,,,,,,,,,,,,,,,,,,,,,,,,,,,,,,,,,,,,,,,,,,,,,,,
Bandana Partner Eevee,1092,133,3,Normal,,No Eggs,No Eggs,Ningún objeto,Ningún objeto,Ningún objeto,Fuga,Adaptable,Líbero,65,85,70,85,85,90,1,Látigo,1,Gruñido,1,Placaje,1,Refuerzo,1,Antojo,1,Mordisco,7,Ataque Arena,10,Ataque Rápido,13,Relevo,15,Ojitos Tiernos,16,Meteoros,22,Deseo,25,Derribo,28,Llanto Falso,30,Copión,31,Encanto,34,Doble Filo,37,Cascabel Cura,40,Última Baza,,,,,,,,,,,,,,,,,,,,,,,,,,,,,,,,,,,,,,,,,,,,,,,,,,,,,,,,,,,,,,,Tóxico,Poder Oculto,Día Soleado,Protección,Danza Lluvia,Cola Férrea,Excavar,Bola Sombra,Doble Equipo,Descanso,Atracción,Hierba Lazo,,,,,,,,,,,,,,,,,,,,,,,,,,,,,,,,,,,,,,,,,,,,,,,,,,,,,,,,,,,,,,,,,,,,,,,,,,,,,,,,,,,,,,,,,,,,,,,,,,,,,,,,,,,,,,,,,,,,,,,,,,,,,,,,,,,,,,,,,,,,,,,,,,,,,,,,,,,,,,,,,,,,,,,,,,,,,,,,,,,,,,,,,,,,,,,,,,,,,,,,,,,,,,,,,,,,,,,,,,,,,,,,,,,,,,,,,,,,,,,,,,,,,,,,,,,,,,,,,,,,,,,,,,,,,,,,,,,,,,,,,,,,,,,,,,,,,,,,,,,,,,,,,,,,,,,,,,,,,,,,,,,,,,,,,,,,,,,,,,,,,,,
MK2 Armored Mewtwo,1100,150,3,Psíquico,,No Eggs,No Eggs,Ningún objeto,Ningún objeto,Ningún objeto,Presión,Presión,Nerviosismo,106,110,90,154,90,130,1,Confusión,1,Aguzar,1,Anulación,1,Teletransporte,1,Gota Vital,1,Velo Sagrado,6,Meteoros,8,Poder Pasado,10,Premonición,14,Autosugestión,16,Psicocorte,26,Cambiadefensa,26,Cambiafuerza,30,Recuperación,34,Amnesia,38,Psíquico,42,Neblina,46,Barrera,50,Esfera Aural,72,Onda Mental,,,,,,,,,,,,,,,,,,,,,,,,,,,,,,,,,,,,,,,,,,,,,,,,,,,,,,,,,,,,,Puño Certero,Hidropulso,Paz Mental,Tóxico,Granizo,Corpulencia,Día Soleado,Mofa,Rayo Hielo,Ventisca,Hiperrayo,Pantalla de Luz,Protección,Danza Lluvia,Velo Sagrado,Rayo Solar,Cola Férrea,Rayo,Trueno,Terremoto,Puntapié,Psíquico,Bola Sombra,Demolición,Doble Equipo,Reflejo,Onda Voltio,Lanzallamas,Tormenta Arena,Llamarada,Tumba Rocas,Golpe Aéreo,Tormento,Intercambio,Onda Certera,Energibola,Lanzamiento,Voltio Cruel,Aguante,Puño Drenaje,Fuego Fatuo,Maquinación,Reciclaje,Gigaimpacto,Destello,Roca Afilada,Alud,Onda Trueno,Autosugestión,Avalancha,Vozarrón,Puya Nociva,Brillo Mágico,Hierba Lazo,Vendaval,Espacio Raro,Fuerza,Golpe Roca,Treparrocas,,,,,,,,,,,,,,,,,,,,,,,,,,,,,,,,,,,,,,,,,,,,,,,,,,,,,,,,,,,,,,,,,,,,,,,,,,,,,,,,,,,,,,,,,,,,,,,,,,,,,,,,,,,,,,,,,,,,,,,,,,,,,,,,,,,,,,,,,,,,,,,,,,,,,,,,,,,,,,,,,,,,,,,,,,,,,,,,,,,,,,,,,,,,,,,,,,,,,,,,,,,,,,,,,,,,,,,,,,,,,,,,,,,,,,,,,,,,,,,,,,,,,,,,,,,,,,,,,,,,,,,,,,,,,,,,,,,,,,,,,,,,,,,,,,,,,,,,
MK2 Armored Mewtwo,1101,150,4,Psíquico,,No Eggs,No Eggs,Ningún objeto,Ningún objeto,Ningún objeto,Presión,Presión,Nerviosismo,106,110,90,154,90,130,1,Velo Sagrado,1,Confusión,1,Anulación,1,Aguzar,1,Gota Vital,1,Teletransporte,6,Meteoros,8,Poder Pasado,10,Premonición,14,Autosugestión,22,Psicocorte,26,Cambiafuerza,26,Cambiadefensa,30,Recuperación,34,Amnesia,38,Psíquico,42,Neblina,46,Barrera,50,Esfera Aural,72,Onda Mental,,,,,,,,,,,,,,,,,,,,,,,,,,,,,,,,,,,,,,,,,,,,,,,,,,,,,,,,,,,,,Puño Certero,Hidropulso,Paz Mental,Tóxico,Granizo,Corpulencia,Día Soleado,Mofa,Rayo Hielo,Ventisca,Hiperrayo,Pantalla de Luz,Protección,Danza Lluvia,Velo Sagrado,Rayo Solar,Cola Férrea,Rayo,Trueno,Terremoto,Puntapié,Psíquico,Bola Sombra,Demolición,Doble Equipo,Reflejo,Onda Voltio,Lanzallamas,Tormenta Arena,Llamarada,Tumba Rocas,Golpe Aéreo,Tormento,Intercambio,Onda Certera,Energibola,Lanzamiento,Voltio Cruel,Aguante,Puño Drenaje,Fuego Fatuo,Maquinación,Reciclaje,Gigaimpacto,Destello,Roca Afilada,Alud,Onda Trueno,Autosugestión,Avalancha,Vozarrón,Puya Nociva,Brillo Mágico,Hierba Lazo,Vendaval,Espacio Raro,Fuerza,Golpe Roca,Treparrocas,,,,,,,,,,,,,,,,,,,,,,,,,,,,,,,,,,,,,,,,,,,,,,,,,,,,,,,,,,,,,,,,,,,,,,,,,,,,,,,,,,,,,,,,,,,,,,,,,,,,,,,,,,,,,,,,,,,,,,,,,,,,,,,,,,,,,,,,,,,,,,,,,,,,,,,,,,,,,,,,,,,,,,,,,,,,,,,,,,,,,,,,,,,,,,,,,,,,,,,,,,,,,,,,,,,,,,,,,,,,,,,,,,,,,,,,,,,,,,,,,,,,,,,,,,,,,,,,,,,,,,,,,,,,,,,,,,,,,,,,,,,,,,,,,,,,,,,,
Typhlosion de Hisui,1102,157,1,Fuego,Fantasma,Field,Field,Ningún objeto,Ningún objeto,Ningún objeto,Cuerpo Maldito,Mar Llamas,Absorbe Fuego,73,84,78,120,85,95,0,Infortunio,1,Malicioso,1,Placaje,1,Puño Fuego,1,Puño Trueno,1,Ataque Rápido,6,Ascuas,9,Pantalla de Humo,11,Rodar,14,Doble Patada,15,Rizo Defensa,18,Rueda Fuego,23,Inversión,25,Viento Aciago,29,Humareda,34,Paranormal,35,Nitrocarga,43,Paz Mental,43,Bola Sombra,45,Lanzallamas,47,Doble Filo,51,Infierno,56,Sofoco,60,Hiperrayo,65,Llama Final,,,,,,,,,,,,,,,,,,,,,,,,,,,,,,,,,,,,,,,,,,,,,,,,,,,Puño Certero,Paz Mental,Rugido,Tóxico,Día Soleado,Hiperrayo,Protección,Rayo Solar,Cola Férrea,Rayo,Terremoto,Excavar,Bola Sombra,Demolición,Doble Equipo,Lanzallamas,Llamarada,Tumba Rocas,Golpe Aéreo,Imagen,Atracción,Sofoco,Onda Certera,Lanzamiento,Puño Drenaje,Fuego Fatuo,Garra Umbría,Gigaimpacto,Giro Bola,Avalancha,Corte,Fuerza,Golpe Roca,Treparrocas,,,,,,,,,,,,,,,,,,,,,,,,,,,,,,,,,,,,,,,,,,,,,,,,,,,,,,,,,,,,,,,,,,,,,,,,,,,,,,,,,,,,,,,,,,,,,,,,,,,,,,,,,,,,,,,,,,,,,,,,,,Golpes Furia,Ataque Rápido,Inversión,Golpe,Antojo,Aullido,Garra Brutal,Doble Filo,Doble Patada,Envite Ígneo,Paranormal,Adaptación,,,,,,,,,,,,,,,,,,,,,,,,,,,,,,,,,,,,,,,,,,,,,,,,,,,,,,,,,,,,,,,,,,,,,,,,,,,,,,,,,,,,,,,,,Ronquido,Antojo,Rodar,Bofetón Lodo,Corte Furia,Rencor,Pataleta,Viento Aciago,Puño Fuego,Puño Trueno,Sísmico,Meteoros,Patada Baja,Arenas Ardientes,Puño Incremento,Onda Ígnea,,,,,,,,,,,,,,,,,,,,,,,,,,,,,,,,,,,,,,,,,,,,,,,,,,,,,,,,,,,,,,,,,,,,,,,,,,,,,,,,,,,,
Spiky-eared Pichu,1103,172,1,Eléctrico,,No Eggs,No Eggs,Ningún objeto,Ningún objeto,Ningún objeto,Elec. Estática,Pararrayos,Piel Eléctrica,20,40,15,35,35,60,1,Látigo,1,Impactrueno,1,Voz Cautivadora,4,Camaradería,4,Encanto,7,Beso Dulce,11,Onda Trueno,12,Moflete Estático,13,Maquinación,15,Voz Cautivadora,,,,,,,,,,,,,,,,,,,,,,,,,,,,,,,,,,,,,,,,,,,,,,,,,,,,,,,,,,,,,,,,,,,,,,,,,,,,,,,,,Tóxico,Pantalla de Luz,Protección,Danza Lluvia,Cola Férrea,Rayo,Trueno,Doble Equipo,Reflejo,Onda Voltio,Imagen,Voltiocambio,Atracción,Lanzamiento,Voltio Cruel,Maquinación,Destello,Onda Trueno,Hierba Lazo,Surf,,,,,,,,,,,,,,,,,,,,,,,,,,,,,,,,,,,,,,,,,,,,,,,,,,,,,,,,,,,,,,,,,,,,,,,,,,,,,,,,,,,,,,,,,,,,,,,,,,,,,,,,,,,,,,,,,,,,,,,,,,,,,,,,,,,,,,,,,,,,,,,,,,,,,,,,,,,,,,,,,,,,,,,,,,,,,,,,,,,,,,,,,,,,,,,,,,,,,,,,,,,,,,,,,,,,,,,,,,,,,,,,,,,,,,,,,,,,,,,,,,,,,,,,,,,,,,,,,,,,,,,,,,,,,,,,,,,,,,,,,,,,,,,,,,,,,,,,,,,,,,,,,,,,,,,,,,,,,,,,,,,,,,,,,,,,,,,
Slowking de Galar,1106,199,1,Veneno,Psíquico,Monster,Water 1,Ningún objeto,Ningún objeto,Ningún objeto,Medicina Extraña,Ritmo Propio,Regeneración,95,65,80,110,110,30,0,Conjuro Funesto,1,Maldición,1,Teletransporte,1,Placaje,1,Bostezo,1,Teletransporte,1,Conjuro Funesto,4,Gruñido,7,Ácido,10,Confusión,13,Anulación,16,Golpe Cabeza,17,Rayo Confuso,19,Hidropulso,22,Cabezazo Zen,25,Psicorrayo,28,Relajo,30,Surf,31,Amnesia,35,Psíquico,39,Bomba Lodo,41,Danza Lluvia,43,Autosugestión,46,Premonición,48,Pulso Cura,51,Espacio Raro,,,,,,,,,,,,,,,,,,,,,,,,,,,,,,,,,,,,,,,,,,,,,,,,,Hidropulso,Paz Mental,Granizo,Día Soleado,Rayo Hielo,Ventisca,Pantalla de Luz,Protección,Danza Lluvia,Velo Sagrado,Cola Férrea,Terremoto,Excavar,Psíquico,Bola Sombra,Doble Equipo,Lanzallamas,Bomba Lodo,Llamarada,Atracción,Intercambio,Salmuera,Escaldar,Reciclaje,Destello,Onda Trueno,Autosugestión,Vozarrón,Brillo Mágico,Hierba Lazo,Espacio Raro,Surf,Fuerza,,,,,,,,,,,,,,,,,,,,,,,,,,,,,,,,,,,,,,,,,,,,,,,,,,,,,,,,,,,,,,,,,,,,,,,,,,,,,,,,,,,,,,,,,,,,,,,,,,,,,,,,,,,,,,,,,,,,,,,,,,,Eructo,Tambor,Bloqueo,Pisotón,,,,,,,,,,,,,,,,,,,,,,,,,,,,,,,,,,,,,,,,,,,,,,,,,,,,,,,,,,,,,,,,,,,,,,,,,,,,,,,,,,,,,,,,,,,,,,,,,,,,,,,,,,,,,,,,,,,,,,,,,,,,,,,,,,,,,,,,,,,,,,,,,,,,,,,,,,,,,,,,,,,,,,,,,,,,,,,,,,,,,,,,,,,,,,,,,,,,
Forma de Unown,1107,201,1,Psíquico,,No Eggs,No Eggs,Ningún objeto,Ningún objeto,Ningún objeto,Levitación,Levitación,Levitación,54,108,54,108,54,54,1,Poder Oculto,1,Adaptación,1,Masa Cósmica,1,Tierra Viva,1,Poder Pasado,,,,,,,,,,,,,,,,,,,,,,,,,,,,,,,,,,,,,,,,,,,,,,,,,,,,,,,,,,,,,,,,,,,,,,,,,,,,,,,,,,,,,,,,,,,,,,,,,,,,,,,,,,,,,,,,,,,,,,,,,,,,,,,,,,,,,,,,,,,,,,,,,,,,,,,,,,,,,,,,,,,,,,,,,,,,,,,,,,,,,,,,,,,,,,,,,,,,,,,,,,,,,,,,,,,,,,,,,,,,,,,,,,,,,,,,,,,,,,,,,,,,,,,,,,,,,,,,,,,,,,,,,,,,,,,,,,,,,,,,,,,,,,,,,,,,,,,,,,,,,,,,,,,,,,,,,,,,,,,,,,,,,,,,,,,,,,,,,,,,,,,,,,,,,,,,,,,,,,,,,,,,,,,,,,,,,,,,,,,,,,,,,,,,,,,,,,,,,,,,,,,,,,,,,,,,,,,,,,,,,,,,,,,,,,,,,,,,,,,,,,,,,
Forma de Unown,1108,201,2,Psíquico,,No Eggs,No Eggs,Ningún objeto,Ningún objeto,Ningún objeto,Levitación,Levitación,Levitación,54,108,54,108,54,54,1,Poder Oculto,1,Adaptación,1,Masa Cósmica,1,Tierra Viva,1,Poder Pasado,,,,,,,,,,,,,,,,,,,,,,,,,,,,,,,,,,,,,,,,,,,,,,,,,,,,,,,,,,,,,,,,,,,,,,,,,,,,,,,,,,,,,,,,,,,,,,,,,,,,,,,,,,,,,,,,,,,,,,,,,,,,,,,,,,,,,,,,,,,,,,,,,,,,,,,,,,,,,,,,,,,,,,,,,,,,,,,,,,,,,,,,,,,,,,,,,,,,,,,,,,,,,,,,,,,,,,,,,,,,,,,,,,,,,,,,,,,,,,,,,,,,,,,,,,,,,,,,,,,,,,,,,,,,,,,,,,,,,,,,,,,,,,,,,,,,,,,,,,,,,,,,,,,,,,,,,,,,,,,,,,,,,,,,,,,,,,,,,,,,,,,,,,,,,,,,,,,,,,,,,,,,,,,,,,,,,,,,,,,,,,,,,,,,,,,,,,,,,,,,,,,,,,,,,,,,,,,,,,,,,,,,,,,,,,,,,,,,,,,,,,,,,
Forma de Unown,1109,201,3,Psíquico,,No Eggs,No Eggs,Ningún objeto,Ningún objeto,Ningún objeto,Levitación,Levitación,Levitación,54,108,54,108,54,54,1,Poder Oculto,1,Adaptación,1,Masa Cósmica,1,Tierra Viva,1,Poder Pasado,,,,,,,,,,,,,,,,,,,,,,,,,,,,,,,,,,,,,,,,,,,,,,,,,,,,,,,,,,,,,,,,,,,,,,,,,,,,,,,,,,,,,,,,,,,,,,,,,,,,,,,,,,,,,,,,,,,,,,,,,,,,,,,,,,,,,,,,,,,,,,,,,,,,,,,,,,,,,,,,,,,,,,,,,,,,,,,,,,,,,,,,,,,,,,,,,,,,,,,,,,,,,,,,,,,,,,,,,,,,,,,,,,,,,,,,,,,,,,,,,,,,,,,,,,,,,,,,,,,,,,,,,,,,,,,,,,,,,,,,,,,,,,,,,,,,,,,,,,,,,,,,,,,,,,,,,,,,,,,,,,,,,,,,,,,,,,,,,,,,,,,,,,,,,,,,,,,,,,,,,,,,,,,,,,,,,,,,,,,,,,,,,,,,,,,,,,,,,,,,,,,,,,,,,,,,,,,,,,,,,,,,,,,,,,,,,,,,,,,,,,,,,
Forma de Unown,1110,201,4,Psíquico,,No Eggs,No Eggs,Ningún objeto,Ningún objeto,Ningún objeto,Levitación,Levitación,Levitación,54,108,54,108,54,54,1,Poder Oculto,1,Adaptación,1,Masa Cósmica,1,Tierra Viva,1,Poder Pasado,,,,,,,,,,,,,,,,,,,,,,,,,,,,,,,,,,,,,,,,,,,,,,,,,,,,,,,,,,,,,,,,,,,,,,,,,,,,,,,,,,,,,,,,,,,,,,,,,,,,,,,,,,,,,,,,,,,,,,,,,,,,,,,,,,,,,,,,,,,,,,,,,,,,,,,,,,,,,,,,,,,,,,,,,,,,,,,,,,,,,,,,,,,,,,,,,,,,,,,,,,,,,,,,,,,,,,,,,,,,,,,,,,,,,,,,,,,,,,,,,,,,,,,,,,,,,,,,,,,,,,,,,,,,,,,,,,,,,,,,,,,,,,,,,,,,,,,,,,,,,,,,,,,,,,,,,,,,,,,,,,,,,,,,,,,,,,,,,,,,,,,,,,,,,,,,,,,,,,,,,,,,,,,,,,,,,,,,,,,,,,,,,,,,,,,,,,,,,,,,,,,,,,,,,,,,,,,,,,,,,,,,,,,,,,,,,,,,,,,,,,,,,
Forma de Unown,1111,201,5,Psíquico,,No Eggs,No Eggs,Ningún objeto,Ningún objeto,Ningún objeto,Levitación,Levitación,Levitación,54,108,54,108,54,54,1,Poder Oculto,1,Adaptación,1,Masa Cósmica,1,Tierra Viva,1,Poder Pasado,,,,,,,,,,,,,,,,,,,,,,,,,,,,,,,,,,,,,,,,,,,,,,,,,,,,,,,,,,,,,,,,,,,,,,,,,,,,,,,,,,,,,,,,,,,,,,,,,,,,,,,,,,,,,,,,,,,,,,,,,,,,,,,,,,,,,,,,,,,,,,,,,,,,,,,,,,,,,,,,,,,,,,,,,,,,,,,,,,,,,,,,,,,,,,,,,,,,,,,,,,,,,,,,,,,,,,,,,,,,,,,,,,,,,,,,,,,,,,,,,,,,,,,,,,,,,,,,,,,,,,,,,,,,,,,,,,,,,,,,,,,,,,,,,,,,,,,,,,,,,,,,,,,,,,,,,,,,,,,,,,,,,,,,,,,,,,,,,,,,,,,,,,,,,,,,,,,,,,,,,,,,,,,,,,,,,,,,,,,,,,,,,,,,,,,,,,,,,,,,,,,,,,,,,,,,,,,,,,,,,,,,,,,,,,,,,,,,,,,,,,,,,
Forma de Unown,1112,201,6,Psíquico,,No Eggs,No Eggs,Ningún objeto,Ningún objeto,Ningún objeto,Levitación,Levitación,Levitación,54,108,54,108,54,54,1,Poder Oculto,1,Adaptación,1,Masa Cósmica,1,Tierra Viva,1,Poder Pasado,,,,,,,,,,,,,,,,,,,,,,,,,,,,,,,,,,,,,,,,,,,,,,,,,,,,,,,,,,,,,,,,,,,,,,,,,,,,,,,,,,,,,,,,,,,,,,,,,,,,,,,,,,,,,,,,,,,,,,,,,,,,,,,,,,,,,,,,,,,,,,,,,,,,,,,,,,,,,,,,,,,,,,,,,,,,,,,,,,,,,,,,,,,,,,,,,,,,,,,,,,,,,,,,,,,,,,,,,,,,,,,,,,,,,,,,,,,,,,,,,,,,,,,,,,,,,,,,,,,,,,,,,,,,,,,,,,,,,,,,,,,,,,,,,,,,,,,,,,,,,,,,,,,,,,,,,,,,,,,,,,,,,,,,,,,,,,,,,,,,,,,,,,,,,,,,,,,,,,,,,,,,,,,,,,,,,,,,,,,,,,,,,,,,,,,,,,,,,,,,,,,,,,,,,,,,,,,,,,,,,,,,,,,,,,,,,,,,,,,,,,,,,
Forma de Unown,1113,201,7,Psíquico,,No Eggs,No Eggs,Ningún objeto,Ningún objeto,Ningún objeto,Levitación,Levitación,Levitación,54,108,54,108,54,54,1,Poder Oculto,1,Adaptación,1,Masa Cósmica,1,Tierra Viva,1,Poder Pasado,,,,,,,,,,,,,,,,,,,,,,,,,,,,,,,,,,,,,,,,,,,,,,,,,,,,,,,,,,,,,,,,,,,,,,,,,,,,,,,,,,,,,,,,,,,,,,,,,,,,,,,,,,,,,,,,,,,,,,,,,,,,,,,,,,,,,,,,,,,,,,,,,,,,,,,,,,,,,,,,,,,,,,,,,,,,,,,,,,,,,,,,,,,,,,,,,,,,,,,,,,,,,,,,,,,,,,,,,,,,,,,,,,,,,,,,,,,,,,,,,,,,,,,,,,,,,,,,,,,,,,,,,,,,,,,,,,,,,,,,,,,,,,,,,,,,,,,,,,,,,,,,,,,,,,,,,,,,,,,,,,,,,,,,,,,,,,,,,,,,,,,,,,,,,,,,,,,,,,,,,,,,,,,,,,,,,,,,,,,,,,,,,,,,,,,,,,,,,,,,,,,,,,,,,,,,,,,,,,,,,,,,,,,,,,,,,,,,,,,,,,,,,
Forma de Unown,1114,201,8,Psíquico,,No Eggs,No Eggs,Ningún objeto,Ningún objeto,Ningún objeto,Levitación,Levitación,Levitación,54,108,54,108,54,54,1,Poder Oculto,1,Adaptación,1,Masa Cósmica,1,Tierra Viva,1,Poder Pasado,,,,,,,,,,,,,,,,,,,,,,,,,,,,,,,,,,,,,,,,,,,,,,,,,,,,,,,,,,,,,,,,,,,,,,,,,,,,,,,,,,,,,,,,,,,,,,,,,,,,,,,,,,,,,,,,,,,,,,,,,,,,,,,,,,,,,,,,,,,,,,,,,,,,,,,,,,,,,,,,,,,,,,,,,,,,,,,,,,,,,,,,,,,,,,,,,,,,,,,,,,,,,,,,,,,,,,,,,,,,,,,,,,,,,,,,,,,,,,,,,,,,,,,,,,,,,,,,,,,,,,,,,,,,,,,,,,,,,,,,,,,,,,,,,,,,,,,,,,,,,,,,,,,,,,,,,,,,,,,,,,,,,,,,,,,,,,,,,,,,,,,,,,,,,,,,,,,,,,,,,,,,,,,,,,,,,,,,,,,,,,,,,,,,,,,,,,,,,,,,,,,,,,,,,,,,,,,,,,,,,,,,,,,,,,,,,,,,,,,,,,,,,
Forma de Unown,1115,201,9,Psíquico,,No Eggs,No Eggs,Ningún objeto,Ningún objeto,Ningún objeto,Levitación,Levitación,Levitación,54,108,54,108,54,54,1,Poder Oculto,1,Adaptación,1,Masa Cósmica,1,Tierra Viva,1,Poder Pasado,,,,,,,,,,,,,,,,,,,,,,,,,,,,,,,,,,,,,,,,,,,,,,,,,,,,,,,,,,,,,,,,,,,,,,,,,,,,,,,,,,,,,,,,,,,,,,,,,,,,,,,,,,,,,,,,,,,,,,,,,,,,,,,,,,,,,,,,,,,,,,,,,,,,,,,,,,,,,,,,,,,,,,,,,,,,,,,,,,,,,,,,,,,,,,,,,,,,,,,,,,,,,,,,,,,,,,,,,,,,,,,,,,,,,,,,,,,,,,,,,,,,,,,,,,,,,,,,,,,,,,,,,,,,,,,,,,,,,,,,,,,,,,,,,,,,,,,,,,,,,,,,,,,,,,,,,,,,,,,,,,,,,,,,,,,,,,,,,,,,,,,,,,,,,,,,,,,,,,,,,,,,,,,,,,,,,,,,,,,,,,,,,,,,,,,,,,,,,,,,,,,,,,,,,,,,,,,,,,,,,,,,,,,,,,,,,,,,,,,,,,,,,
Forma de Unown,1116,201,10,Psíquico,,No Eggs,No Eggs,Ningún objeto,Ningún objeto,Ningún objeto,Levitación,Levitación,Levitación,54,108,54,108,54,54,1,Poder Oculto,1,Adaptación,1,Masa Cósmica,1,Tierra Viva,1,Poder Pasado,,,,,,,,,,,,,,,,,,,,,,,,,,,,,,,,,,,,,,,,,,,,,,,,,,,,,,,,,,,,,,,,,,,,,,,,,,,,,,,,,,,,,,,,,,,,,,,,,,,,,,,,,,,,,,,,,,,,,,,,,,,,,,,,,,,,,,,,,,,,,,,,,,,,,,,,,,,,,,,,,,,,,,,,,,,,,,,,,,,,,,,,,,,,,,,,,,,,,,,,,,,,,,,,,,,,,,,,,,,,,,,,,,,,,,,,,,,,,,,,,,,,,,,,,,,,,,,,,,,,,,,,,,,,,,,,,,,,,,,,,,,,,,,,,,,,,,,,,,,,,,,,,,,,,,,,,,,,,,,,,,,,,,,,,,,,,,,,,,,,,,,,,,,,,,,,,,,,,,,,,,,,,,,,,,,,,,,,,,,,,,,,,,,,,,,,,,,,,,,,,,,,,,,,,,,,,,,,,,,,,,,,,,,,,,,,,,,,,,,,,,,,,
Forma de Unown,1117,201,11,Psíquico,,No Eggs,No Eggs,Ningún objeto,Ningún objeto,Ningún objeto,Levitación,Levitación,Levitación,54,108,54,108,54,54,1,Poder Oculto,1,Adaptación,1,Masa Cósmica,1,Tierra Viva,1,Poder Pasado,,,,,,,,,,,,,,,,,,,,,,,,,,,,,,,,,,,,,,,,,,,,,,,,,,,,,,,,,,,,,,,,,,,,,,,,,,,,,,,,,,,,,,,,,,,,,,,,,,,,,,,,,,,,,,,,,,,,,,,,,,,,,,,,,,,,,,,,,,,,,,,,,,,,,,,,,,,,,,,,,,,,,,,,,,,,,,,,,,,,,,,,,,,,,,,,,,,,,,,,,,,,,,,,,,,,,,,,,,,,,,,,,,,,,,,,,,,,,,,,,,,,,,,,,,,,,,,,,,,,,,,,,,,,,,,,,,,,,,,,,,,,,,,,,,,,,,,,,,,,,,,,,,,,,,,,,,,,,,,,,,,,,,,,,,,,,,,,,,,,,,,,,,,,,,,,,,,,,,,,,,,,,,,,,,,,,,,,,,,,,,,,,,,,,,,,,,,,,,,,,,,,,,,,,,,,,,,,,,,,,,,,,,,,,,,,,,,,,,,,,,,,,
Forma de Unown,1118,201,12,Psíquico,,No Eggs,No Eggs,Ningún objeto,Ningún objeto,Ningún objeto,Levitación,Levitación,Levitación,54,108,54,108,54,54,1,Poder Oculto,1,Adaptación,1,Masa Cósmica,1,Tierra Viva,1,Poder Pasado,,,,,,,,,,,,,,,,,,,,,,,,,,,,,,,,,,,,,,,,,,,,,,,,,,,,,,,,,,,,,,,,,,,,,,,,,,,,,,,,,,,,,,,,,,,,,,,,,,,,,,,,,,,,,,,,,,,,,,,,,,,,,,,,,,,,,,,,,,,,,,,,,,,,,,,,,,,,,,,,,,,,,,,,,,,,,,,,,,,,,,,,,,,,,,,,,,,,,,,,,,,,,,,,,,,,,,,,,,,,,,,,,,,,,,,,,,,,,,,,,,,,,,,,,,,,,,,,,,,,,,,,,,,,,,,,,,,,,,,,,,,,,,,,,,,,,,,,,,,,,,,,,,,,,,,,,,,,,,,,,,,,,,,,,,,,,,,,,,,,,,,,,,,,,,,,,,,,,,,,,,,,,,,,,,,,,,,,,,,,,,,,,,,,,,,,,,,,,,,,,,,,,,,,,,,,,,,,,,,,,,,,,,,,,,,,,,,,,,,,,,,,,
Forma de Unown,1119,201,13,Psíquico,,No Eggs,No Eggs,Ningún objeto,Ningún objeto,Ningún objeto,Levitación,Levitación,Levitación,54,108,54,108,54,54,1,Poder Oculto,1,Adaptación,1,Masa Cósmica,1,Tierra Viva,1,Poder Pasado,,,,,,,,,,,,,,,,,,,,,,,,,,,,,,,,,,,,,,,,,,,,,,,,,,,,,,,,,,,,,,,,,,,,,,,,,,,,,,,,,,,,,,,,,,,,,,,,,,,,,,,,,,,,,,,,,,,,,,,,,,,,,,,,,,,,,,,,,,,,,,,,,,,,,,,,,,,,,,,,,,,,,,,,,,,,,,,,,,,,,,,,,,,,,,,,,,,,,,,,,,,,,,,,,,,,,,,,,,,,,,,,,,,,,,,,,,,,,,,,,,,,,,,,,,,,,,,,,,,,,,,,,,,,,,,,,,,,,,,,,,,,,,,,,,,,,,,,,,,,,,,,,,,,,,,,,,,,,,,,,,,,,,,,,,,,,,,,,,,,,,,,,,,,,,,,,,,,,,,,,,,,,,,,,,,,,,,,,,,,,,,,,,,,,,,,,,,,,,,,,,,,,,,,,,,,,,,,,,,,,,,,,,,,,,,,,,,,,,,,,,,,,
Forma de Unown,1120,201,14,Psíquico,,No Eggs,No Eggs,Ningún objeto,Ningún objeto,Ningún objeto,Levitación,Levitación,Levitación,54,108,54,108,54,54,1,Poder Oculto,1,Adaptación,1,Masa Cósmica,1,Tierra Viva,1,Poder Pasado,,,,,,,,,,,,,,,,,,,,,,,,,,,,,,,,,,,,,,,,,,,,,,,,,,,,,,,,,,,,,,,,,,,,,,,,,,,,,,,,,,,,,,,,,,,,,,,,,,,,,,,,,,,,,,,,,,,,,,,,,,,,,,,,,,,,,,,,,,,,,,,,,,,,,,,,,,,,,,,,,,,,,,,,,,,,,,,,,,,,,,,,,,,,,,,,,,,,,,,,,,,,,,,,,,,,,,,,,,,,,,,,,,,,,,,,,,,,,,,,,,,,,,,,,,,,,,,,,,,,,,,,,,,,,,,,,,,,,,,,,,,,,,,,,,,,,,,,,,,,,,,,,,,,,,,,,,,,,,,,,,,,,,,,,,,,,,,,,,,,,,,,,,,,,,,,,,,,,,,,,,,,,,,,,,,,,,,,,,,,,,,,,,,,,,,,,,,,,,,,,,,,,,,,,,,,,,,,,,,,,,,,,,,,,,,,,,,,,,,,,,,,,
Forma de Unown,1121,201,15,Psíquico,,No Eggs,No Eggs,Ningún objeto,Ningún objeto,Ningún objeto,Levitación,Levitación,Levitación,54,108,54,108,54,54,1,Poder Oculto,1,Adaptación,1,Masa Cósmica,1,Tierra Viva,1,Poder Pasado,,,,,,,,,,,,,,,,,,,,,,,,,,,,,,,,,,,,,,,,,,,,,,,,,,,,,,,,,,,,,,,,,,,,,,,,,,,,,,,,,,,,,,,,,,,,,,,,,,,,,,,,,,,,,,,,,,,,,,,,,,,,,,,,,,,,,,,,,,,,,,,,,,,,,,,,,,,,,,,,,,,,,,,,,,,,,,,,,,,,,,,,,,,,,,,,,,,,,,,,,,,,,,,,,,,,,,,,,,,,,,,,,,,,,,,,,,,,,,,,,,,,,,,,,,,,,,,,,,,,,,,,,,,,,,,,,,,,,,,,,,,,,,,,,,,,,,,,,,,,,,,,,,,,,,,,,,,,,,,,,,,,,,,,,,,,,,,,,,,,,,,,,,,,,,,,,,,,,,,,,,,,,,,,,,,,,,,,,,,,,,,,,,,,,,,,,,,,,,,,,,,,,,,,,,,,,,,,,,,,,,,,,,,,,,,,,,,,,,,,,,,,,
Forma de Unown,1122,201,16,Psíquico,,No Eggs,No Eggs,Ningún objeto,Ningún objeto,Ningún objeto,Levitación,Levitación,Levitación,54,108,54,108,54,54,1,Poder Oculto,1,Adaptación,1,Masa Cósmica,1,Tierra Viva,1,Poder Pasado,,,,,,,,,,,,,,,,,,,,,,,,,,,,,,,,,,,,,,,,,,,,,,,,,,,,,,,,,,,,,,,,,,,,,,,,,,,,,,,,,,,,,,,,,,,,,,,,,,,,,,,,,,,,,,,,,,,,,,,,,,,,,,,,,,,,,,,,,,,,,,,,,,,,,,,,,,,,,,,,,,,,,,,,,,,,,,,,,,,,,,,,,,,,,,,,,,,,,,,,,,,,,,,,,,,,,,,,,,,,,,,,,,,,,,,,,,,,,,,,,,,,,,,,,,,,,,,,,,,,,,,,,,,,,,,,,,,,,,,,,,,,,,,,,,,,,,,,,,,,,,,,,,,,,,,,,,,,,,,,,,,,,,,,,,,,,,,,,,,,,,,,,,,,,,,,,,,,,,,,,,,,,,,,,,,,,,,,,,,,,,,,,,,,,,,,,,,,,,,,,,,,,,,,,,,,,,,,,,,,,,,,,,,,,,,,,,,,,,,,,,,,,
Forma de Unown,1123,201,17,Psíquico,,No Eggs,No Eggs,Ningún objeto,Ningún objeto,Ningún objeto,Levitación,Levitación,Levitación,54,108,54,108,54,54,1,Poder Oculto,1,Adaptación,1,Masa Cósmica,1,Tierra Viva,1,Poder Pasado,,,,,,,,,,,,,,,,,,,,,,,,,,,,,,,,,,,,,,,,,,,,,,,,,,,,,,,,,,,,,,,,,,,,,,,,,,,,,,,,,,,,,,,,,,,,,,,,,,,,,,,,,,,,,,,,,,,,,,,,,,,,,,,,,,,,,,,,,,,,,,,,,,,,,,,,,,,,,,,,,,,,,,,,,,,,,,,,,,,,,,,,,,,,,,,,,,,,,,,,,,,,,,,,,,,,,,,,,,,,,,,,,,,,,,,,,,,,,,,,,,,,,,,,,,,,,,,,,,,,,,,,,,,,,,,,,,,,,,,,,,,,,,,,,,,,,,,,,,,,,,,,,,,,,,,,,,,,,,,,,,,,,,,,,,,,,,,,,,,,,,,,,,,,,,,,,,,,,,,,,,,,,,,,,,,,,,,,,,,,,,,,,,,,,,,,,,,,,,,,,,,,,,,,,,,,,,,,,,,,,,,,,,,,,,,,,,,,,,,,,,,,,
Forma de Unown,1124,201,18,Psíquico,,No Eggs,No Eggs,Ningún objeto,Ningún objeto,Ningún objeto,Levitación,Levitación,Levitación,54,108,54,108,54,54,1,Poder Oculto,1,Adaptación,1,Masa Cósmica,1,Tierra Viva,1,Poder Pasado,,,,,,,,,,,,,,,,,,,,,,,,,,,,,,,,,,,,,,,,,,,,,,,,,,,,,,,,,,,,,,,,,,,,,,,,,,,,,,,,,,,,,,,,,,,,,,,,,,,,,,,,,,,,,,,,,,,,,,,,,,,,,,,,,,,,,,,,,,,,,,,,,,,,,,,,,,,,,,,,,,,,,,,,,,,,,,,,,,,,,,,,,,,,,,,,,,,,,,,,,,,,,,,,,,,,,,,,,,,,,,,,,,,,,,,,,,,,,,,,,,,,,,,,,,,,,,,,,,,,,,,,,,,,,,,,,,,,,,,,,,,,,,,,,,,,,,,,,,,,,,,,,,,,,,,,,,,,,,,,,,,,,,,,,,,,,,,,,,,,,,,,,,,,,,,,,,,,,,,,,,,,,,,,,,,,,,,,,,,,,,,,,,,,,,,,,,,,,,,,,,,,,,,,,,,,,,,,,,,,,,,,,,,,,,,,,,,,,,,,,,,,,
Forma de Unown,1125,201,19,Psíquico,,No Eggs,No Eggs,Ningún objeto,Ningún objeto,Ningún objeto,Levitación,Levitación,Levitación,54,108,54,108,54,54,1,Poder Oculto,1,Adaptación,1,Masa Cósmica,1,Tierra Viva,1,Poder Pasado,,,,,,,,,,,,,,,,,,,,,,,,,,,,,,,,,,,,,,,,,,,,,,,,,,,,,,,,,,,,,,,,,,,,,,,,,,,,,,,,,,,,,,,,,,,,,,,,,,,,,,,,,,,,,,,,,,,,,,,,,,,,,,,,,,,,,,,,,,,,,,,,,,,,,,,,,,,,,,,,,,,,,,,,,,,,,,,,,,,,,,,,,,,,,,,,,,,,,,,,,,,,,,,,,,,,,,,,,,,,,,,,,,,,,,,,,,,,,,,,,,,,,,,,,,,,,,,,,,,,,,,,,,,,,,,,,,,,,,,,,,,,,,,,,,,,,,,,,,,,,,,,,,,,,,,,,,,,,,,,,,,,,,,,,,,,,,,,,,,,,,,,,,,,,,,,,,,,,,,,,,,,,,,,,,,,,,,,,,,,,,,,,,,,,,,,,,,,,,,,,,,,,,,,,,,,,,,,,,,,,,,,,,,,,,,,,,,,,,,,,,,,,
Forma de Unown,1126,201,20,Psíquico,,No Eggs,No Eggs,Ningún objeto,Ningún objeto,Ningún objeto,Levitación,Levitación,Levitación,54,108,54,108,54,54,1,Poder Oculto,1,Adaptación,1,Masa Cósmica,1,Tierra Viva,1,Poder Pasado,,,,,,,,,,,,,,,,,,,,,,,,,,,,,,,,,,,,,,,,,,,,,,,,,,,,,,,,,,,,,,,,,,,,,,,,,,,,,,,,,,,,,,,,,,,,,,,,,,,,,,,,,,,,,,,,,,,,,,,,,,,,,,,,,,,,,,,,,,,,,,,,,,,,,,,,,,,,,,,,,,,,,,,,,,,,,,,,,,,,,,,,,,,,,,,,,,,,,,,,,,,,,,,,,,,,,,,,,,,,,,,,,,,,,,,,,,,,,,,,,,,,,,,,,,,,,,,,,,,,,,,,,,,,,,,,,,,,,,,,,,,,,,,,,,,,,,,,,,,,,,,,,,,,,,,,,,,,,,,,,,,,,,,,,,,,,,,,,,,,,,,,,,,,,,,,,,,,,,,,,,,,,,,,,,,,,,,,,,,,,,,,,,,,,,,,,,,,,,,,,,,,,,,,,,,,,,,,,,,,,,,,,,,,,,,,,,,,,,,,,,,,,
Forma de Unown,1127,201,21,Psíquico,,No Eggs,No Eggs,Ningún objeto,Ningún objeto,Ningún objeto,Levitación,Levitación,Levitación,54,108,54,108,54,54,1,Poder Oculto,1,Adaptación,1,Masa Cósmica,1,Tierra Viva,1,Poder Pasado,,,,,,,,,,,,,,,,,,,,,,,,,,,,,,,,,,,,,,,,,,,,,,,,,,,,,,,,,,,,,,,,,,,,,,,,,,,,,,,,,,,,,,,,,,,,,,,,,,,,,,,,,,,,,,,,,,,,,,,,,,,,,,,,,,,,,,,,,,,,,,,,,,,,,,,,,,,,,,,,,,,,,,,,,,,,,,,,,,,,,,,,,,,,,,,,,,,,,,,,,,,,,,,,,,,,,,,,,,,,,,,,,,,,,,,,,,,,,,,,,,,,,,,,,,,,,,,,,,,,,,,,,,,,,,,,,,,,,,,,,,,,,,,,,,,,,,,,,,,,,,,,,,,,,,,,,,,,,,,,,,,,,,,,,,,,,,,,,,,,,,,,,,,,,,,,,,,,,,,,,,,,,,,,,,,,,,,,,,,,,,,,,,,,,,,,,,,,,,,,,,,,,,,,,,,,,,,,,,,,,,,,,,,,,,,,,,,,,,,,,,,,,
Forma de Unown,1128,201,22,Psíquico,,No Eggs,No Eggs,Ningún objeto,Ningún objeto,Ningún objeto,Levitación,Levitación,Levitación,54,108,54,108,54,54,1,Poder Oculto,1,Adaptación,1,Masa Cósmica,1,Tierra Viva,1,Poder Pasado,,,,,,,,,,,,,,,,,,,,,,,,,,,,,,,,,,,,,,,,,,,,,,,,,,,,,,,,,,,,,,,,,,,,,,,,,,,,,,,,,,,,,,,,,,,,,,,,,,,,,,,,,,,,,,,,,,,,,,,,,,,,,,,,,,,,,,,,,,,,,,,,,,,,,,,,,,,,,,,,,,,,,,,,,,,,,,,,,,,,,,,,,,,,,,,,,,,,,,,,,,,,,,,,,,,,,,,,,,,,,,,,,,,,,,,,,,,,,,,,,,,,,,,,,,,,,,,,,,,,,,,,,,,,,,,,,,,,,,,,,,,,,,,,,,,,,,,,,,,,,,,,,,,,,,,,,,,,,,,,,,,,,,,,,,,,,,,,,,,,,,,,,,,,,,,,,,,,,,,,,,,,,,,,,,,,,,,,,,,,,,,,,,,,,,,,,,,,,,,,,,,,,,,,,,,,,,,,,,,,,,,,,,,,,,,,,,,,,,,,,,,,,
Forma de Unown,1129,201,23,Psíquico,,No Eggs,No Eggs,Ningún objeto,Ningún objeto,Ningún objeto,Levitación,Levitación,Levitación,54,108,54,108,54,54,1,Poder Oculto,1,Adaptación,1,Masa Cósmica,1,Tierra Viva,1,Poder Pasado,,,,,,,,,,,,,,,,,,,,,,,,,,,,,,,,,,,,,,,,,,,,,,,,,,,,,,,,,,,,,,,,,,,,,,,,,,,,,,,,,,,,,,,,,,,,,,,,,,,,,,,,,,,,,,,,,,,,,,,,,,,,,,,,,,,,,,,,,,,,,,,,,,,,,,,,,,,,,,,,,,,,,,,,,,,,,,,,,,,,,,,,,,,,,,,,,,,,,,,,,,,,,,,,,,,,,,,,,,,,,,,,,,,,,,,,,,,,,,,,,,,,,,,,,,,,,,,,,,,,,,,,,,,,,,,,,,,,,,,,,,,,,,,,,,,,,,,,,,,,,,,,,,,,,,,,,,,,,,,,,,,,,,,,,,,,,,,,,,,,,,,,,,,,,,,,,,,,,,,,,,,,,,,,,,,,,,,,,,,,,,,,,,,,,,,,,,,,,,,,,,,,,,,,,,,,,,,,,,,,,,,,,,,,,,,,,,,,,,,,,,,,,
Forma de Unown,1130,201,24,Psíquico,,No Eggs,No Eggs,Ningún objeto,Ningún objeto,Ningún objeto,Levitación,Levitación,Levitación,54,108,54,108,54,54,1,Poder Oculto,1,Adaptación,1,Masa Cósmica,1,Tierra Viva,1,Poder Pasado,,,,,,,,,,,,,,,,,,,,,,,,,,,,,,,,,,,,,,,,,,,,,,,,,,,,,,,,,,,,,,,,,,,,,,,,,,,,,,,,,,,,,,,,,,,,,,,,,,,,,,,,,,,,,,,,,,,,,,,,,,,,,,,,,,,,,,,,,,,,,,,,,,,,,,,,,,,,,,,,,,,,,,,,,,,,,,,,,,,,,,,,,,,,,,,,,,,,,,,,,,,,,,,,,,,,,,,,,,,,,,,,,,,,,,,,,,,,,,,,,,,,,,,,,,,,,,,,,,,,,,,,,,,,,,,,,,,,,,,,,,,,,,,,,,,,,,,,,,,,,,,,,,,,,,,,,,,,,,,,,,,,,,,,,,,,,,,,,,,,,,,,,,,,,,,,,,,,,,,,,,,,,,,,,,,,,,,,,,,,,,,,,,,,,,,,,,,,,,,,,,,,,,,,,,,,,,,,,,,,,,,,,,,,,,,,,,,,,,,,,,,,,
Forma de Unown,1131,201,25,Psíquico,,No Eggs,No Eggs,Ningún objeto,Ningún objeto,Ningún objeto,Levitación,Levitación,Levitación,54,108,54,108,54,54,1,Poder Oculto,1,Adaptación,1,Masa Cósmica,1,Tierra Viva,1,Poder Pasado,,,,,,,,,,,,,,,,,,,,,,,,,,,,,,,,,,,,,,,,,,,,,,,,,,,,,,,,,,,,,,,,,,,,,,,,,,,,,,,,,,,,,,,,,,,,,,,,,,,,,,,,,,,,,,,,,,,,,,,,,,,,,,,,,,,,,,,,,,,,,,,,,,,,,,,,,,,,,,,,,,,,,,,,,,,,,,,,,,,,,,,,,,,,,,,,,,,,,,,,,,,,,,,,,,,,,,,,,,,,,,,,,,,,,,,,,,,,,,,,,,,,,,,,,,,,,,,,,,,,,,,,,,,,,,,,,,,,,,,,,,,,,,,,,,,,,,,,,,,,,,,,,,,,,,,,,,,,,,,,,,,,,,,,,,,,,,,,,,,,,,,,,,,,,,,,,,,,,,,,,,,,,,,,,,,,,,,,,,,,,,,,,,,,,,,,,,,,,,,,,,,,,,,,,,,,,,,,,,,,,,,,,,,,,,,,,,,,,,,,,,,,,
Forma de Unown,1132,201,26,Psíquico,,No Eggs,No Eggs,Ningún objeto,Ningún objeto,Ningún objeto,Levitación,Levitación,Levitación,54,108,54,108,54,54,1,Poder Oculto,1,Adaptación,1,Masa Cósmica,1,Tierra Viva,1,Poder Pasado,,,,,,,,,,,,,,,,,,,,,,,,,,,,,,,,,,,,,,,,,,,,,,,,,,,,,,,,,,,,,,,,,,,,,,,,,,,,,,,,,,,,,,,,,,,,,,,,,,,,,,,,,,,,,,,,,,,,,,,,,,,,,,,,,,,,,,,,,,,,,,,,,,,,,,,,,,,,,,,,,,,,,,,,,,,,,,,,,,,,,,,,,,,,,,,,,,,,,,,,,,,,,,,,,,,,,,,,,,,,,,,,,,,,,,,,,,,,,,,,,,,,,,,,,,,,,,,,,,,,,,,,,,,,,,,,,,,,,,,,,,,,,,,,,,,,,,,,,,,,,,,,,,,,,,,,,,,,,,,,,,,,,,,,,,,,,,,,,,,,,,,,,,,,,,,,,,,,,,,,,,,,,,,,,,,,,,,,,,,,,,,,,,,,,,,,,,,,,,,,,,,,,,,,,,,,,,,,,,,,,,,,,,,,,,,,,,,,,,,,,,,,,
Forma de Unown,1133,201,27,Psíquico,,No Eggs,No Eggs,Ningún objeto,Ningún objeto,Ningún objeto,Levitación,Levitación,Levitación,54,108,54,108,54,54,1,Poder Oculto,1,Adaptación,1,Masa Cósmica,1,Tierra Viva,1,Poder Pasado,,,,,,,,,,,,,,,,,,,,,,,,,,,,,,,,,,,,,,,,,,,,,,,,,,,,,,,,,,,,,,,,,,,,,,,,,,,,,,,,,,,,,,,,,,,,,,,,,,,,,,,,,,,,,,,,,,,,,,,,,,,,,,,,,,,,,,,,,,,,,,,,,,,,,,,,,,,,,,,,,,,,,,,,,,,,,,,,,,,,,,,,,,,,,,,,,,,,,,,,,,,,,,,,,,,,,,,,,,,,,,,,,,,,,,,,,,,,,,,,,,,,,,,,,,,,,,,,,,,,,,,,,,,,,,,,,,,,,,,,,,,,,,,,,,,,,,,,,,,,,,,,,,,,,,,,,,,,,,,,,,,,,,,,,,,,,,,,,,,,,,,,,,,,,,,,,,,,,,,,,,,,,,,,,,,,,,,,,,,,,,,,,,,,,,,,,,,,,,,,,,,,,,,,,,,,,,,,,,,,,,,,,,,,,,,,,,,,,,,,,,,,,
Qwilfish de Hisui,1135,211,1,Siniestro,Veneno,Water 2,Water 2,Ningún objeto,Ningún objeto,Flecha Venenosa,Punto Tóxico,Nado Rápido,Intimidación,65,95,85,55,75,85,1,Picotazo Veneno,1,Rodar,5,Púas,9,Pin Misil,12,Alarido,16,Cola Veneno,19,Púas Tóxicas,21,Giro Vil,24,Salmuera,26,Tajo Umbrío,27,Carga Tóxica,34,Puya Nociva,37,Acua Cola,41,Mismo Destino,44,Desquite,47,Doble Filo,51,Lanzamugre,54,Juego Sucio,57,Explosión,,,,,,,,,,,,,,,,,,,,,,,,,,,,,,,,,,,,,,,,,,,,,,,,,,,,,,,,,,,,,,,Hidropulso,Tóxico,Granizo,Mofa,Rayo Hielo,Ventisca,Protección,Danza Lluvia,Bola Sombra,Doble Equipo,Onda Voltio,Bomba Lodo,Atracción,Salmuera,Escaldar,Explosión,Vendetta,Onda Trueno,Giro Bola,Danza Espada,Pulso Umbrío,Puya Nociva,Surf,Cascada,,,,,,,,,,,,,,,,,,,,,,,,,,,,,,,,,,,,,,,,,,,,,,,,,,,,,,,,,,,,,,,,,,,,,,,,,,,,,,,,,,,,,,,,,,,,,,,,,,,,,,,,,,,,,,,,,,,,,,,,,,,,,,,,,,,,Azote,Niebla,Rayo Burbuja,Supersónico,Impresionar,Acua Jet,Bomba Ácida,Hidroariete,Rayo Señal,Bola Hielo,Viento Hielo,Púas,Meteoros,,,,,,,,,,,,,,,,,,,,,,,,,,,,,,,,,,,,,,,,,,,,,,,,,,,,,,,,,,,,,,,,,,,,,,,,,,,,,,,,,,,,,,,,Ronquido,Rodar,Púas,Autodestrucción,Rayo Señal,Buceo,Bote,Divide Dolor,Meteoros,Acua Cola,Viento Hielo,Hidroariete,Juego Sucio,Lanzamugre,,,,,,,,,,,,,,,,,,,,,,,,,,,,,,,,,,,,,,,,,,,,,,,,,,,,,,,,,,,,,,,,,,,,,,,,,,,,,,,,,,,,,,
Sneasel de Hisui,1138,215,1,Lucha,Veneno,Field,Field,Ningún objeto,Ningún objeto,Garra Rápida,Foco Interno,Toque Tóxico,Experto,55,95,55,35,75,115,1,Ataque Rápido,1,Malicioso,3,Foco Energía,6,Golpe Roca,9,Golpes Furia,11,Meteoros,14,Ultrapuño,16,Colmillo Veneno,18,Cuchillada,22,Garra Metal,25,Puya Nociva,29,Puño Drenaje,32,Chirrido,34,Danza Espada,37,Tijera X,41,Doble Equipo,43,A Bocajarro,47,Contraataque,,,,,,,,,,,,,,,,,,,,,,,,,,,,,,,,,,,,,,,,,,,,,,,,,,,,,,,,,,,,,,,,,Puño Certero,Paz Mental,Tóxico,Granizo,Corpulencia,Día Soleado,Mofa,Protección,Danza Lluvia,Cola Férrea,Puntapié,Excavar,Bola Sombra,Demolición,Doble Equipo,Golpe Aéreo,Tormento,Atracción,Onda Certera,Falso Tortazo,Lanzamiento,Puño Drenaje,Maquinación,Garra Umbría,Gigaimpacto,Danza Espada,Autosugestión,Alarido,Pulso Umbrío,Tijera X,Puya Nociva,Corte,Fuerza,Golpe Roca,,,,,,,,,,,,,,,,,,,,,,,,,,,,,,,,,,,,,,,,,,,,,,,,,,,,,,,,,,,,,,,,,,,,,,,,,,,,,,,,,,,,,,,,,,,,,,,,,,,,,,,,,,,,,,,,,,,,,,,,,,Contraataque,Rencor,Sorpresa,Doble Golpe,Garra Brutal,Puño Hielo,Golpe Mordaza,Golpe Bajo,Carámbano,,,,,,,,,,,,,,,,,,,,,,,,,,,,,,,,,,,,,,,,,,,,,,,,,,,,,,,,,,,,,,,,,,,,,,,,,,,,,,,,,,,,,,,,,,,,Ronquido,Terratemblor,Bofetón Lodo,Aguzar,Corte Furia,Rencor,Puño Trueno,Sísmico,Meteoros,Patada Baja,Onda Vacío,Puño Incremento,Fuerza Bruta,Desarme,Juego Sucio,,,,,,,,,,,,,,,,,,,,,,,,,,,,,,,,,,,,,,,,,,,,,,,,,,,,,,,,,,,,,,,,,,,,,,,,,,,,,,,,,,,,,
Corsola de Galar,1139,222,1,Fantasma,,Water 1,Water 3,Ningún objeto,Ningún objeto,Ningún objeto,Armadura Frágil,Armadura Frágil,Cuerpo Maldito,60,55,100,65,100,30,1,Fortaleza,1,Placaje,5,Impresionar,7,Recuperación,10,Anulación,13,Poder Pasado,16,Infortunio,19,Rabia,22,Clavo Cañón,25,Maldición,28,Defensa Férrea,28,Amnesia,31,Joya de Luz,34,Tierra Viva,35,Bola Sombra,37,Aguante,40,Absorbefuerza,41,Joya de Luz,43,Torbellino,46,Manto Espejo,49,Azote,52,Fuego Fatuo,56,Mismo Destino,,,,,,,,,,,,,,,,,,,,,,,,,,,,,,,,,,,,,,,,,,,,,,,,,,,,,,,Hidropulso,Paz Mental,Tóxico,Granizo,Día Soleado,Rayo Hielo,Ventisca,Pantalla de Luz,Protección,Danza Lluvia,Gigadrenado,Velo Sagrado,Terremoto,Excavar,Psíquico,Bola Sombra,Doble Equipo,Tumba Rocas,Atracción,Salmuera,Escaldar,Fuego Fatuo,Explosión,Pulimento,Trampa Rocas,Avalancha,Surf,Fuerza,Golpe Roca,,,,,,,,,,,,,,,,,,,,,,,,,,,,,,,,,,,,,,,,,,,,,,,,,,,,,,,,,,,,,,,,,,,,,,,,,,,,,,,,,,,,,,,,,,,,,,,,,,,,,,,,,,,,,,,,,,,,,,,,,,,,,,,Neblina,Rayo Confuso,Adaptación,Maldición,Testarazo,Chirrido,Amnesia,Arraigo,Carámbano,Acua Aro,Hidroariete,Cascabel Cura,,,,,,,,,,,,,,,,,,,,,,,,,,,,,,,,,,,,,,,,,,,,,,,,,,,,,,,,,,,,,,,,,,,,,,,,,,,,,,,,,,,,,,,,,Ronquido,Rodar,Bofetón Lodo,Autodestrucción,Rencor,Poder Pasado,Viento Aciago,Divide Dolor,Viento Hielo,Esfuerzo,Hidroariete,Tierra Viva,,,,,,,,,,,,,,,,,,,,,,,,,,,,,,,,,,,,,,,,,,,,,,,,,,,,,,,,,,,,,,,,,,,,,,,,,,,,,,,,,,,,,,,,
Zigzagoon de Galar,1145,263,1,Normal,Siniestro,Field,Field,Ningún objeto,Ningún objeto,Ningún objeto,Recogida,Gula,Pies Rápidos,38,30,41,30,41,60,1,Malicioso,1,Placaje,1,Látigo,1,Ataque Arena,7,Lengüetazo,9,Alarido,13,Golpe Cabeza,15,Ojitos Tiernos,16,Pin Misil,22,Cara Susto,25,Derribo,28,Descanso,31,Doble Bofetón,32,Contraataque,34,Mofa,37,Lanzamiento,40,Superdiente,,,,,,,,,,,,,,,,,,,,,,,,,,,,,,,,,,,,,,,,,,,,,,,,,,,,,,,,,,,,,,,,,,,Hidropulso,Día Soleado,Mofa,Rayo Hielo,Ventisca,Protección,Danza Lluvia,Cola Férrea,Rayo,Trueno,Excavar,Bola Sombra,Doble Equipo,Onda Voltio,Tormento,Atracción,Ladrón,Lanzamiento,Voltio Cruel,Maquinación,Vendetta,Onda Trueno,Alarido,Pulso Umbrío,Hierba Lazo,Corte,Surf,Golpe Roca,,,,,,,,,,,,,,,,,,,,,,,,,,,,,,,,,,,,,,,,,,,,,,,,,,,,,,,,,,,,,,,,,,,,,,,,,,,,,,,,,,,,,,,,,,,,,,,,,,,,,,,,,,,,,,,,,,,,,,,,,,,,,,,,Desarme,Última Palabra,Anticipo,,,,,,,,,,,,,,,,,,,,,,,,,,,,,,,,,,,,,,,,,,,,,,,,,,,,,,,,,,,,,,,,,,,,,,,,,,,,,,,,,,,,,,,,,,,,,,,,,,Ronquido,Refuerzo,Antojo,Rodar,Bofetón Lodo,Corte Furia,Bomba Germen,Meteoros,Truco,Viento Hielo,Desarme,Última Baza,Juego Sucio,Superdiente,Lanzamugre,,,,,,,,,,,,,,,,,,,,,,,,,,,,,,,,,,,,,,,,,,,,,,,,,,,,,,,,,,,,,,,,,,,,,,,,,,,,,,,,,,,,,
Linoone de Galar,1146,264,1,Normal,Siniestro,Field,Field,Ningún objeto,Ningún objeto,Ningún objeto,Recogida,Gula,Pies Rápidos,78,70,61,50,61,100,1,Malicioso,1,Placaje,1,Látigo,1,Ataque Arena,1,Afilagarras,7,Lengüetazo,9,Alarido,13,Golpe Cabeza,15,Ojitos Tiernos,16,Pin Misil,22,Tajo Umbrío,23,Cara Susto,26,Derribo,29,Descanso,33,Doble Filo,35,Contraataque,38,Mofa,42,Lanzamiento,47,Superdiente,,,,,,,,,,,,,,,,,,,,,,,,,,,,,,,,,,,,,,,,,,,,,,,,,,,,,,,,,,,,,,,Hidropulso,Día Soleado,Mofa,Rayo Hielo,Ventisca,Protección,Danza Lluvia,Cola Férrea,Rayo,Trueno,Excavar,Bola Sombra,Doble Equipo,Onda Voltio,Tormento,Atracción,Ladrón,Lanzamiento,Voltio Cruel,Maquinación,Vendetta,Onda Trueno,Alarido,Pulso Umbrío,Hierba Lazo,Corte,Surf,Golpe Roca,,,,,,,,,,,,,,,,,,,,,,,,,,,,,,,,,,,,,,,,,,,,,,,,,,,,,,,,,,,,,,,,,,,,,,,,,,,,,,,,,,,,,,,,,,,,,,,,,,,,,,,,,,,,,,,,,,,,,,,,,,,,,,,,Desarme,Última Palabra,Anticipo,,,,,,,,,,,,,,,,,,,,,,,,,,,,,,,,,,,,,,,,,,,,,,,,,,,,,,,,,,,,,,,,,,,,,,,,,,,,,,,,,,,,,,,,,,,,,,,,,,Ronquido,Refuerzo,Antojo,Rodar,Bofetón Lodo,Corte Furia,Pataleta,Bomba Germen,Meteoros,Truco,Viento Hielo,Última Baza,Superdiente,Lanzamugre,,,,,,,,,,,,,,,,,,,,,,,,,,,,,,,,,,,,,,,,,,,,,,,,,,,,,,,,,,,,,,,,,,,,,,,,,,,,,,,,,,,,,,
Castform Forma Sol,1156,351,1,Fuego,,Fairy,Amorphous,Agua Mística,Agua Mística,Agua Mística,Predicción,Predicción,Predicción,60,60,60,105,70,95,1,Placaje,10,Ascuas,10,Nieve Polvo,10,Pistola Agua,15,Golpe Cabeza,20,Granizo,20,Danza Lluvia,20,Día Soleado,25,Meteorobola,35,Ventisca,35,Llamarada,35,Hidrobomba,45,Vendaval,,,,,,,,,,,,,,,,,,,,,,,,,,,,,,,,,,,,,,,,,,,,,,,,,,,,,,,,,,,,,,,,,,,,,,,,,,,Hidropulso,Granizo,Poder Oculto,Día Soleado,Rayo Hielo,Ventisca,Protección,Danza Lluvia,Rayo Solar,Rayo,Trueno,Bola Sombra,Doble Equipo,Onda Voltio,Lanzallamas,Tormenta Arena,Llamarada,Imagen,Descanso,Atracción,Ladrón,Salmuera,Energibola,Aguante,Destello,Alud,Onda Trueno,Autosugestión,,,,,,,,,,,,,,,,,,,,,,,,,,,,,,,,,,,,,,,,,,,,,,,,,,,,,,,,,,,,,,,,,,,,,,,,,,,,,,,,,,,,,,,,,,,,,,,,,,,,,,,,,,,,,,,,,,,,,,,,,,,,,,,,Premonición,Anulación,Amnesia,Infortunio,Niebla Clara,Clonatipo,Cambiadefensa,Masa Cósmica,Viento Aciago,,,,,,,,,,,,,,,,,,,,,,,,,,,,,,,,,,,,,,,,,,,,,,,,,,,,,,,,,,,,,,,,,,,,,,,,,,,,,,,,,,,,,,,,,,,,,,,,,,,,,,,,,,,,,,,,,,,,,,,,,,,,,,,,,,,,,,,,,,,,,,,,,,,,,,,,,,,,,,,,,,,,,,,,,,,,,,,,,,,,,,,,,,,,,,,
Castform Forma Lluvia,1157,351,2,Agua,,Fairy,Amorphous,Agua Mística,Agua Mística,Agua Mística,Predicción,Predicción,Predicción,60,60,60,105,70,95,1,Placaje,10,Ascuas,10,Nieve Polvo,10,Pistola Agua,15,Golpe Cabeza,20,Granizo,20,Danza Lluvia,20,Día Soleado,25,Meteorobola,35,Ventisca,35,Llamarada,35,Hidrobomba,45,Vendaval,,,,,,,,,,,,,,,,,,,,,,,,,,,,,,,,,,,,,,,,,,,,,,,,,,,,,,,,,,,,,,,,,,,,,,,,,,,Hidropulso,Granizo,Poder Oculto,Día Soleado,Rayo Hielo,Ventisca,Protección,Danza Lluvia,Rayo Solar,Rayo,Trueno,Bola Sombra,Doble Equipo,Onda Voltio,Lanzallamas,Tormenta Arena,Llamarada,Imagen,Descanso,Atracción,Ladrón,Salmuera,Energibola,Aguante,Destello,Alud,Onda Trueno,Autosugestión,,,,,,,,,,,,,,,,,,,,,,,,,,,,,,,,,,,,,,,,,,,,,,,,,,,,,,,,,,,,,,,,,,,,,,,,,,,,,,,,,,,,,,,,,,,,,,,,,,,,,,,,,,,,,,,,,,,,,,,,,,,,,,,,Premonición,Anulación,Amnesia,Infortunio,Niebla Clara,Clonatipo,Cambiadefensa,Masa Cósmica,Viento Aciago,,,,,,,,,,,,,,,,,,,,,,,,,,,,,,,,,,,,,,,,,,,,,,,,,,,,,,,,,,,,,,,,,,,,,,,,,,,,,,,,,,,,,,,,,,,,,,,,,,,,,,,,,,,,,,,,,,,,,,,,,,,,,,,,,,,,,,,,,,,,,,,,,,,,,,,,,,,,,,,,,,,,,,,,,,,,,,,,,,,,,,,,,,,,,,,
Castform Forma Nieve,1158,351,3,Hielo,,Fairy,Amorphous,Agua Mística,Agua Mística,Agua Mística,Predicción,Predicción,Predicción,60,60,60,105,70,95,1,Placaje,10,Ascuas,10,Nieve Polvo,10,Pistola Agua,15,Golpe Cabeza,20,Granizo,20,Danza Lluvia,20,Día Soleado,25,Meteorobola,35,Ventisca,35,Llamarada,35,Hidrobomba,45,Vendaval,,,,,,,,,,,,,,,,,,,,,,,,,,,,,,,,,,,,,,,,,,,,,,,,,,,,,,,,,,,,,,,,,,,,,,,,,,,Hidropulso,Granizo,Poder Oculto,Día Soleado,Rayo Hielo,Ventisca,Protección,Danza Lluvia,Rayo Solar,Rayo,Trueno,Bola Sombra,Doble Equipo,Onda Voltio,Lanzallamas,Tormenta Arena,Llamarada,Imagen,Descanso,Atracción,Ladrón,Salmuera,Energibola,Aguante,Destello,Alud,Onda Trueno,Autosugestión,,,,,,,,,,,,,,,,,,,,,,,,,,,,,,,,,,,,,,,,,,,,,,,,,,,,,,,,,,,,,,,,,,,,,,,,,,,,,,,,,,,,,,,,,,,,,,,,,,,,,,,,,,,,,,,,,,,,,,,,,,,,,,,,Premonición,Anulación,Amnesia,Infortunio,Niebla Clara,Clonatipo,Cambiadefensa,Masa Cósmica,Viento Aciago,,,,,,,,,,,,,,,,,,,,,,,,,,,,,,,,,,,,,,,,,,,,,,,,,,,,,,,,,,,,,,,,,,,,,,,,,,,,,,,,,,,,,,,,,,,,,,,,,,,,,,,,,,,,,,,,,,,,,,,,,,,,,,,,,,,,,,,,,,,,,,,,,,,,,,,,,,,,,,,,,,,,,,,,,,,,,,,,,,,,,,,,,,,,,,,
Deoxys Forma Ataque,1169,386,1,Psíquico,,No Eggs,No Eggs,Ningún objeto,Ningún objeto,Ningún objeto,Presión,Presión,Presión,50,180,20,180,20,150,1,Malicioso,1,Constricción,7,Tinieblas,13,Teletransporte,19,Mofa,25,Púas Tóxicas,31,Psíquico,37,Fuerza Bruta,43,Psicocambio,49,Cabezazo Zen,55,Masa Cósmica,61,Electrocañón,67,Psicoataque,73,Hiperrayo,,,,,,,,,,,,,,,,,,,,,,,,,,,,,,,,,,,,,,,,,,,,,,,,,,,,,,,,,,,,,,,,,,,,,,,,,Puño Certero,Hidropulso,Paz Mental,Día Soleado,Mofa,Rayo Hielo,Hiperrayo,Pantalla de Luz,Protección,Danza Lluvia,Velo Sagrado,Rayo Solar,Rayo,Trueno,Puntapié,Psíquico,Bola Sombra,Demolición,Doble Equipo,Reflejo,Onda Voltio,Tumba Rocas,Golpe Aéreo,Tormento,Imagen,Descanso,Intercambio,Onda Certera,Energibola,Lanzamiento,Voltio Cruel,Aguante,Puño Drenaje,Maquinación,Reciclaje,Gigaimpacto,Destello,Alud,Onda Trueno,Trampa Rocas,Autosugestión,Pulso Umbrío,Avalancha,Puya Nociva,Brillo Mágico,Hierba Lazo,Foco Resplandor,Espacio Raro,Corte,Fuerza,Golpe Roca,,,,,,,,,,,,,,,,,,,,,,,,,,,,,,,,,,,,,,,,,,,,,,,,,,,,,,,,,,,,,,,,,,,,,,,,,,,,,,,,,,,,,,,,,,,,,,,,,,,,,,,,,,,,,,,,,,,,,,,,,,,,,,,,,,,,,,,,,,,,,,,,,,,,,,,,,,,,,,,,,,,,,,,,,,,,,,,,,,,,,,,,,,,,,,,,,,,,,,,,,,,,,,,,,,,,,,,,,,,,,,,,,,,,,,,,,,,,,,,,,,,,,,,,,,,,,,,,,,,,,,,,,,,,,,,,,,,,,,,,,,,,,,,,,,,,,,,,,,,,,,,,
Deoxys Forma Defensa,1170,386,2,Psíquico,,No Eggs,No Eggs,Ningún objeto,Ningún objeto,Ningún objeto,Presión,Presión,Presión,50,70,160,70,160,90,1,Malicioso,1,Constricción,7,Tinieblas,13,Teletransporte,19,Desarme,25,Púas,31,Psíquico,37,Trapicheo,43,Psicocambio,49,Cabezazo Zen,55,Amnesia,55,Defensa Férrea,61,Recuperación,67,Psicoataque,73,Contraataque,73,Manto Espejo,,,,,,,,,,,,,,,,,,,,,,,,,,,,,,,,,,,,,,,,,,,,,,,,,,,,,,,,,,,,,,,,,,,,,Puño Certero,Hidropulso,Paz Mental,Día Soleado,Mofa,Rayo Hielo,Hiperrayo,Pantalla de Luz,Protección,Danza Lluvia,Velo Sagrado,Rayo Solar,Rayo,Trueno,Puntapié,Psíquico,Bola Sombra,Demolición,Doble Equipo,Reflejo,Onda Voltio,Tumba Rocas,Golpe Aéreo,Tormento,Imagen,Descanso,Intercambio,Onda Certera,Energibola,Lanzamiento,Voltio Cruel,Aguante,Puño Drenaje,Maquinación,Reciclaje,Gigaimpacto,Destello,Alud,Onda Trueno,Trampa Rocas,Autosugestión,Pulso Umbrío,Avalancha,Puya Nociva,Brillo Mágico,Hierba Lazo,Foco Resplandor,Espacio Raro,Corte,Fuerza,Golpe Roca,,,,,,,,,,,,,,,,,,,,,,,,,,,,,,,,,,,,,,,,,,,,,,,,,,,,,,,,,,,,,,,,,,,,,,,,,,,,,,,,,,,,,,,,,,,,,,,,,,,,,,,,,,,,,,,,,,,,,,,,,,,,,,,,,,,,,,,,,,,,,,,,,,,,,,,,,,,,,,,,,,,,,,,,,,,,,,,,,,,,,,,,,,,,,,,,,,,,,,,,,,,,,,,,,,,,,,,,,,,,,,,,,,,,,,,,,,,,,,,,,,,,,,,,,,,,,,,,,,,,,,,,,,,,,,,,,,,,,,,,,,,,,,,,,,,,,,,,,,,,,,,,
Deoxys Forma Velocidad,1171,386,3,Psíquico,,No Eggs,No Eggs,Ningún objeto,Ningún objeto,Ningún objeto,Presión,Presión,Presión,50,95,90,95,90,180,1,Malicioso,1,Constricción,7,Tinieblas,13,Doble Equipo,19,Desarme,25,Púas Tóxicas,31,Psíquico,37,Meteoros,43,Psicocambio,49,Cabezazo Zen,55,Agilidad,61,Recuperación,67,Psicoataque,73,Veloc. Extrema,,,,,,,,,,,,,,,,,,,,,,,,,,,,,,,,,,,,,,,,,,,,,,,,,,,,,,,,,,,,,,,,,,,,,,,,,Puño Certero,Hidropulso,Paz Mental,Día Soleado,Mofa,Rayo Hielo,Hiperrayo,Pantalla de Luz,Protección,Danza Lluvia,Velo Sagrado,Rayo Solar,Rayo,Trueno,Puntapié,Psíquico,Bola Sombra,Demolición,Doble Equipo,Reflejo,Onda Voltio,Tumba Rocas,Golpe Aéreo,Tormento,Imagen,Descanso,Intercambio,Onda Certera,Energibola,Lanzamiento,Voltio Cruel,Aguante,Puño Drenaje,Maquinación,Reciclaje,Gigaimpacto,Destello,Alud,Onda Trueno,Trampa Rocas,Autosugestión,Pulso Umbrío,Avalancha,Puya Nociva,Brillo Mágico,Hierba Lazo,Foco Resplandor,Espacio Raro,Corte,Fuerza,Golpe Roca,,,,,,,,,,,,,,,,,,,,,,,,,,,,,,,,,,,,,,,,,,,,,,,,,,,,,,,,,,,,,,,,,,,,,,,,,,,,,,,,,,,,,,,,,,,,,,,,,,,,,,,,,,,,,,,,,,,,,,,,,,,,,,,,,,,,,,,,,,,,,,,,,,,,,,,,,,,,,,,,,,,,,,,,,,,,,,,,,,,,,,,,,,,,,,,,,,,,,,,,,,,,,,,,,,,,,,,,,,,,,,,,,,,,,,,,,,,,,,,,,,,,,,,,,,,,,,,,,,,,,,,,,,,,,,,,,,,,,,,,,,,,,,,,,,,,,,,,,,,,,,,,
Burmy Tronco Arena,1172,412,1,Bicho,,Bug,Bug,Ningún objeto,Ningún objeto,Ningún objeto,Armadura Batalla,Mudar,Funda,40,20,45,45,45,30,1,Placaje,1,Picadura,1,Poder Oculto,1,Protección,20,Disparo Demora,,,,,,,,,,,,,,,,,,,,,,,,,,,,,,,,,,,,,,,,,,,,,,,,,,,,,,,,,,,,,,,,,,,,,,,,,,,,,,,,,,,,,,,,,,,Protección,,,,,,,,,,,,,,,,,,,,,,,,,,,,,,,,,,,,,,,,,,,,,,,,,,,,,,,,,,,,,,,,,,,,,,,,,,,,,,,,,,,,,,,,,,,,,,,,,,,,,,,,,,,,,,,,,,,,,,,,,,,,,,,,,,,,,,,,,,,,,,,,,,,,,,,,,,,,,,,,,,,,,,,,,,,,,,,,,,,,,,,,,,,,,,,,,,,,,,,,,,,,,,,,,,,,,,,,,,,,,,,,,,,,,,,,,,,,,,,,,,,,,,,,,,,,,,,,,,,,,,,,,,,,,,,,,,,,,,,,,,,,,,,,,,,,,,,,,,,,,,,,,,,,,,,,,,,,,,,,,,,,,,,,,,,,,,,,,,,,,,,,,,,,,,,,,,
Burmy Tronco Basura,1173,412,2,Bicho,,Bug,Bug,Ningún objeto,Ningún objeto,Ningún objeto,Armadura Batalla,Mudar,Funda,40,20,45,45,45,30,1,Placaje,1,Picadura,1,Poder Oculto,1,Protección,20,Disparo Demora,,,,,,,,,,,,,,,,,,,,,,,,,,,,,,,,,,,,,,,,,,,,,,,,,,,,,,,,,,,,,,,,,,,,,,,,,,,,,,,,,,,,,,,,,,,Protección,,,,,,,,,,,,,,,,,,,,,,,,,,,,,,,,,,,,,,,,,,,,,,,,,,,,,,,,,,,,,,,,,,,,,,,,,,,,,,,,,,,,,,,,,,,,,,,,,,,,,,,,,,,,,,,,,,,,,,,,,,,,,,,,,,,,,,,,,,,,,,,,,,,,,,,,,,,,,,,,,,,,,,,,,,,,,,,,,,,,,,,,,,,,,,,,,,,,,,,,,,,,,,,,,,,,,,,,,,,,,,,,,,,,,,,,,,,,,,,,,,,,,,,,,,,,,,,,,,,,,,,,,,,,,,,,,,,,,,,,,,,,,,,,,,,,,,,,,,,,,,,,,,,,,,,,,,,,,,,,,,,,,,,,,,,,,,,,,,,,,,,,,,,,,,,,,,
Wormadam Tronco Arena,1174,413,1,Bicho,Tierra,Bug,Bug,Ningún objeto,Ningún objeto,Polvo Plata,Armadura Batalla,Anticipación,Funda,60,79,105,59,85,36,0,Danza Aleteo,1,Picadura,1,Protección,1,Danza Aleteo,1,Golpe Bajo,1,Placaje,10,Protección,15,Picadura,20,Disparo Demora,23,Confusión,26,Pedrada,29,Fortaleza,32,Psicorrayo,35,Acoso,38,Azote,41,Atracción,44,Psíquico,47,Fisura,50,Zumbido,,,,,,,,,,,,,,,,,,,,,,,,,,,,,,,,,,,,,,,,,,,,,,,,,,,,,,,,,,,,,,,Día Soleado,Hiperrayo,Protección,Danza Lluvia,Gigadrenado,Velo Sagrado,Rayo Solar,Terremoto,Excavar,Psíquico,Bola Sombra,Doble Equipo,Tormenta Arena,Tumba Rocas,Imagen,Descanso,Atracción,Ladrón,Intercambio,Aguante,Zumbido,Gigaimpacto,Destello,Trampa Rocas,Autosugestión,Vozarrón,Brillo Mágico,,,,,,,,,,,,,,,,,,,,,,,,,,,,,,,,,,,,,,,,,,,,,,,,,,,,,,,,,,,,,,,,,,,,,,,,,,,,,,,,,,,,,,,,,,,,,,,,,,,,,,,,,,,,,,,,,,,,,,,,,,,,,,,,,,,,,,,,,,,,,,,,,,,,,,,,,,,,,,,,,,,,,,,,,,,,,,,,,,,,,,,,,,,,,,,,,,,,,,,,,,,,,,,,,,,,,,,,,,,,,,,,,,,,,,,,,,,,,,,,,,,,,,,,,,,,,,,,,,,,,,,,,,,,,,,,,,,,,,,,,,,,,,,,,,,,,,,,,,,,,,,,,,,,,,,,,,,,,,,,,,,,,,,,
Wormadam Tronco Basura,1175,413,2,Bicho,Acero,Bug,Bug,Ningún objeto,Ningún objeto,Polvo Plata,Armadura Batalla,Anticipación,Funda,60,69,95,69,95,36,0,Danza Aleteo,1,Picadura,1,Represión Metal,1,Protección,1,Danza Aleteo,1,Golpe Bajo,1,Placaje,10,Protección,15,Picadura,20,Disparo Demora,23,Confusión,26,Represión Metal,29,Eco Metálico,32,Psicorrayo,35,Acoso,38,Azote,41,Atracción,44,Psíquico,47,Cabeza de Hierro,50,Zumbido,,,,,,,,,,,,,,,,,,,,,,,,,,,,,,,,,,,,,,,,,,,,,,,,,,,,,,,,,,,,,Día Soleado,Hiperrayo,Protección,Danza Lluvia,Gigadrenado,Velo Sagrado,Rayo Solar,Excavar,Psíquico,Bola Sombra,Doble Equipo,Imagen,Descanso,Atracción,Ladrón,Intercambio,Aguante,Zumbido,Gigaimpacto,Destello,Giro Bola,Trampa Rocas,Autosugestión,Brillo Mágico,Foco Resplandor,,,,,,,,,,,,,,,,,,,,,,,,,,,,,,,,,,,,,,,,,,,,,,,,,,,,,,,,,,,,,,,,,,,,,,,,,,,,,,,,,,,,,,,,,,,,,,,,,,,,,,,,,,,,,,,,,,,,,,,,,,,,,,,,,,,,,,,,,,,,,,,,,,,,,,,,,,,,,,,,,,,,,,,,,,,,,,,,,,,,,,,,,,,,,,,,,,,,,,,,,,,,,,,,,,,,,,,,,,,,,,,,,,,,,,,,,,,,,,,,,,,,,,,,,,,,,,,,,,,,,,,,,,,,,,,,,,,,,,,,,,,,,,,,,,,,,,,,,,,,,,,,,,,,,,,,,,,,,,,,,,,,,,,,,,
Cherrim Forma Soleado,1176,421,1,Planta,Fuego,Fairy,Grass,Ningún objeto,Ningún objeto,Semilla Milagro,Don Floral,Don Floral,Don Floral,70,45,70,107,83,90,0,Día Soleado,1,Follaje,1,Placaje,1,Sol Matinal,1,Defensa Floral,1,Meteorobola,7,Desarrollo,10,Drenadoras,13,Refuerzo,16,Hoja Mágica,19,Abatidoras,22,Día Soleado,25,Danza Pétalo,26,Gigadrenado,30,Derribo,38,Tormenta Floral,41,Energibola,46,Deseo Cura,50,Rayo Solar,,,,,,,,,,,,,,,,,,,,,,,,,,,,,,,,,,,,,,,,,,,,,,,,,,,,,,,,,,,,,,,Semilladora,Día Soleado,Hiperrayo,Protección,Gigadrenado,Velo Sagrado,Comesueños,Rayo Solar,Doble Equipo,Imagen,Descanso,Atracción,Energibola,Aguante,Gigaimpacto,Destello,Danza Espada,Hierba Lazo,,,,,,,,,,,,,,,,,,,,,,,,,,,,,,,,,,,,,,,,,,,,,,,,,,,,,,,,,,,,,,,,,,,,,,,,,,,,,,,,,,,,,,,,,,,,,,,,,,,,,,,,,,,,,,,,,,,,,,,,,,,,,,,,,,,,,,,,,,,,,,,,,,,,,,,,,,,,,,,,,,,,,,,,,,,,,,,,,,,,,,,,,,,,,,,,,,,,,,,,,,,,,,,,,,,,,,,,,,,,,,,,,,,,,,,,,,,,,,,,,,,,,,,,,,,,,,,,,,,,,,,,,,,,,,,,,,,,,,,,,,,,,,,,,,,,,,,,,,,,,,,,,,,,,,,,,,,,,,,,,,,,,,,,,,,,,,,,,
Shellos Mar Este,1177,422,1,Agua,,Water 1,Amorphous,Ningún objeto,Ningún objeto,Ningún objeto,Viscosidad,Colector,Poder Arena,76,48,48,57,62,34,1,Bofetón Lodo,1,Pistola Agua,7,Fortaleza,10,Hidropulso,13,Bomba Fango,16,Poder Oculto,20,Residuos,20,Poder Pasado,22,Torbellino,25,Danza Lluvia,28,Tierra Viva,31,Agua Lodosa,34,Golpe Cuerpo,37,Contraataque,37,Manto Espejo,40,Amnesia,40,Armadura Ácida,43,Recuperación,45,Legado,,,,,,,,,,,,,,,,,,,,,,,,,,,,,,,,,,,,,,,,,,,,,,,,,,,,,,,,,,,,,,,Hidropulso,Granizo,Rayo Hielo,Ventisca,Protección,Danza Lluvia,Doble Equipo,Imagen,Descanso,Atracción,Salmuera,Escaldar,Aguante,Surf,,,,,,,,,,,,,,,,,,,,,,,,,,,,,,,,,,,,,,,,,,,,,,,,,,,,,,,,,,,,,,,,,,,,,,,,,,,,,,,,,,,,,,,,,,,,,,,,,,,,,,,,,,,,,,,,,,,,,,,,,,,,,,,,,,,,,,,,,,,,,,Armadura Ácida,Amnesia,Niebla Clara,Contraataque,Maldición,Fisura,Legado,Manto Espejo,Neblina,Residuos,Escupir,Reserva,Tragar,Bostezo,,,,,,,,,,,,,,,,,,,,,,,,,,,,,,,,,,,,,,,,,,,,,,,,,,,,,,,,,,,,,,,,,,,,,,,,,,,,,,,,,,,,,,,,,,,,,,,,,,,,,,,,,,,,,,,,,,,,,,,,,,,,,,,,,,,,,,,,,,,,,,,,,,,,,,,,,,,,,,,,,,,,,,,,,,,,,,,,,,,,,,,,,,
Gastrodon Mar Este,1178,423,1,Agua,Tierra,Water 1,Amorphous,Ningún objeto,Ningún objeto,Ningún objeto,Viscosidad,Colector,Poder Arena,111,83,68,92,82,39,1,Recuperación,1,Fortaleza,1,Bofetón Lodo,1,Pistola Agua,7,Fortaleza,10,Hidropulso,13,Bomba Fango,16,Poder Oculto,19,Residuos,20,Poder Pasado,22,Torbellino,25,Danza Lluvia,28,Tierra Viva,30,Bomba Lodo,32,Agua Lodosa,36,Golpe Cuerpo,40,Contraataque,40,Manto Espejo,44,Amnesia,44,Armadura Ácida,48,Recuperación,53,Legado,,,,,,,,,,,,,,,,,,,,,,,,,,,,,,,,,,,,,,,,,,,,,,,,,,,,,,,,,Hidropulso,Granizo,Rayo Hielo,Ventisca,Hiperrayo,Protección,Danza Lluvia,Terremoto,Excavar,Doble Equipo,Bomba Lodo,Tormenta Arena,Tumba Rocas,Imagen,Descanso,Atracción,Salmuera,Escaldar,Aguante,Gigaimpacto,Destello,Roca Afilada,Avalancha,Vozarrón,Surf,Fuerza,Golpe Roca,Cascada,,,,,,,,,,,,,,,,,,,,,,,,,,,,,,,,,,,,,,,,,,,,,,,,,,,,,,,,,,,,,,,,,,,,,,,,,,,,,,,,,,,,,,,,,,,,,,,,,,,,,,,,,,,,,,,,,,,,,,,,,,,,,,,,Armadura Ácida,Amnesia,Niebla Clara,Contraataque,Maldición,Fisura,Legado,Manto Espejo,Neblina,Residuos,Escupir,Reserva,Tragar,Bostezo,,,,,,,,,,,,,,,,,,,,,,,,,,,,,,,,,,,,,,,,,,,,,,,,,,,,,,,,,,,,,,,,,,,,,,,,,,,,,,,,,,,,,,,,,,,,,,,,,,,,,,,,,,,,,,,,,,,,,,,,,,,,,,,,,,,,,,,,,,,,,,,,,,,,,,,,,,,,,,,,,,,,,,,,,,,,,,,,,,,,,,,,,,
Rotom Calor,1184,479,1,Eléctrico,Fuego,Amorphous,Amorphous,Ningún objeto,Ningún objeto,Ningún objeto,Levitación,Levitación,Levitación,50,65,107,105,107,86,1,Impresionar,1,Doble Equipo,5,Impactrueno,10,Rayo Confuso,15,Carga,20,Bola Voltio,25,Onda Trueno,30,Onda Voltio,35,Infortunio,40,Sustituto,45,Truco,50,Chispazo,55,Alboroto,,,,,,,,,,,,,,,,,,,,,,,,,,,,,,,,,,,,,,,,,,,,,,,,,,,,,,,,,,,,,,,,,,,,,,,,,,,Día Soleado,Pantalla de Luz,Protección,Danza Lluvia,Rayo,Trueno,Bola Sombra,Doble Equipo,Reflejo,Onda Voltio,Imagen,Voltiocambio,Descanso,Ladrón,Voltio Cruel,Aguante,Fuego Fatuo,Maquinación,Destello,Onda Trueno,Autosugestión,Pulso Umbrío,Brillo Mágico,,,,,,,,,,,,,,,,,,,,,,,,,,,,,,,,,,,,,,,,,,,,,,,,,,,,,,,,,,,,,,,,,,,,,,,,,,,,,,,,,,,,,,,,,,,,,,,,,,,,,,,,,,,,,,,,,,,,,,,,,,,,,,,,,,,,,,,,,,,,,,,,,,,,,,,,,,,,,,,,,,,,,,,,,,,,,,,,,,,,,,,,,,,,,,,,,,,,,,,,,,,,,,,,,,,,,,,,,,,,,,,,,,,,,,,,,,,,,,,,,,,,,,,,,,,,,,,,,,,,,,,,,,,,,,,,,,,,,,,,,,,,,,,,,,,,,,,,,,,,,,,,,,,,,,,,,,,,,,,,,,,,,,,,,,,,
Rotom Lavado,1185,479,2,Eléctrico,Agua,Amorphous,Amorphous,Ningún objeto,Ningún objeto,Ningún objeto,Levitación,Levitación,Levitación,50,65,107,105,107,86,1,Impresionar,1,Doble Equipo,5,Impactrueno,10,Rayo Confuso,15,Carga,20,Bola Voltio,25,Onda Trueno,30,Onda Voltio,35,Infortunio,40,Sustituto,45,Truco,50,Chispazo,55,Alboroto,,,,,,,,,,,,,,,,,,,,,,,,,,,,,,,,,,,,,,,,,,,,,,,,,,,,,,,,,,,,,,,,,,,,,,,,,,,Día Soleado,Pantalla de Luz,Protección,Danza Lluvia,Rayo,Trueno,Bola Sombra,Doble Equipo,Reflejo,Onda Voltio,Imagen,Voltiocambio,Descanso,Ladrón,Voltio Cruel,Aguante,Fuego Fatuo,Maquinación,Destello,Onda Trueno,Autosugestión,Pulso Umbrío,Brillo Mágico,,,,,,,,,,,,,,,,,,,,,,,,,,,,,,,,,,,,,,,,,,,,,,,,,,,,,,,,,,,,,,,,,,,,,,,,,,,,,,,,,,,,,,,,,,,,,,,,,,,,,,,,,,,,,,,,,,,,,,,,,,,,,,,,,,,,,,,,,,,,,,,,,,,,,,,,,,,,,,,,,,,,,,,,,,,,,,,,,,,,,,,,,,,,,,,,,,,,,,,,,,,,,,,,,,,,,,,,,,,,,,,,,,,,,,,,,,,,,,,,,,,,,,,,,,,,,,,,,,,,,,,,,,,,,,,,,,,,,,,,,,,,,,,,,,,,,,,,,,,,,,,,,,,,,,,,,,,,,,,,,,,,,,,,,,,,
Rotom Frío,1186,479,3,Eléctrico,Hielo,Amorphous,Amorphous,Ningún objeto,Ningún objeto,Ningún objeto,Levitación,Levitación,Levitación,50,65,107,105,107,86,1,Impresionar,1,Doble Equipo,5,Impactrueno,10,Rayo Confuso,15,Carga,20,Bola Voltio,25,Onda Trueno,30,Onda Voltio,35,Infortunio,40,Sustituto,45,Truco,50,Chispazo,55,Alboroto,,,,,,,,,,,,,,,,,,,,,,,,,,,,,,,,,,,,,,,,,,,,,,,,,,,,,,,,,,,,,,,,,,,,,,,,,,,Día Soleado,Pantalla de Luz,Protección,Danza Lluvia,Rayo,Trueno,Bola Sombra,Doble Equipo,Reflejo,Onda Voltio,Imagen,Voltiocambio,Descanso,Ladrón,Voltio Cruel,Aguante,Fuego Fatuo,Maquinación,Destello,Onda Trueno,Autosugestión,Pulso Umbrío,Brillo Mágico,,,,,,,,,,,,,,,,,,,,,,,,,,,,,,,,,,,,,,,,,,,,,,,,,,,,,,,,,,,,,,,,,,,,,,,,,,,,,,,,,,,,,,,,,,,,,,,,,,,,,,,,,,,,,,,,,,,,,,,,,,,,,,,,,,,,,,,,,,,,,,,,,,,,,,,,,,,,,,,,,,,,,,,,,,,,,,,,,,,,,,,,,,,,,,,,,,,,,,,,,,,,,,,,,,,,,,,,,,,,,,,,,,,,,,,,,,,,,,,,,,,,,,,,,,,,,,,,,,,,,,,,,,,,,,,,,,,,,,,,,,,,,,,,,,,,,,,,,,,,,,,,,,,,,,,,,,,,,,,,,,,,,,,,,,,,
Rotom Ventilador,1187,479,4,Eléctrico,Volador,Amorphous,Amorphous,Ningún objeto,Ningún objeto,Ningún objeto,Electromotor,Electromotor,Electromotor,50,65,107,105,107,86,1,Impresionar,1,Doble Equipo,5,Impactrueno,10,Rayo Confuso,15,Carga,20,Bola Voltio,25,Onda Trueno,30,Onda Voltio,35,Infortunio,40,Sustituto,45,Truco,50,Chispazo,55,Alboroto,,,,,,,,,,,,,,,,,,,,,,,,,,,,,,,,,,,,,,,,,,,,,,,,,,,,,,,,,,,,,,,,,,,,,,,,,,,Día Soleado,Pantalla de Luz,Protección,Danza Lluvia,Rayo,Trueno,Bola Sombra,Doble Equipo,Reflejo,Onda Voltio,Imagen,Voltiocambio,Descanso,Ladrón,Voltio Cruel,Aguante,Fuego Fatuo,Maquinación,Destello,Onda Trueno,Autosugestión,Pulso Umbrío,Brillo Mágico,,,,,,,,,,,,,,,,,,,,,,,,,,,,,,,,,,,,,,,,,,,,,,,,,,,,,,,,,,,,,,,,,,,,,,,,,,,,,,,,,,,,,,,,,,,,,,,,,,,,,,,,,,,,,,,,,,,,,,,,,,,,,,,,,,,,,,,,,,,,,,,,,,,,,,,,,,,,,,,,,,,,,,,,,,,,,,,,,,,,,,,,,,,,,,,,,,,,,,,,,,,,,,,,,,,,,,,,,,,,,,,,,,,,,,,,,,,,,,,,,,,,,,,,,,,,,,,,,,,,,,,,,,,,,,,,,,,,,,,,,,,,,,,,,,,,,,,,,,,,,,,,,,,,,,,,,,,,,,,,,,,,,,,,,,,,
Rotom Corte,1188,479,5,Eléctrico,Planta,Amorphous,Amorphous,Ningún objeto,Ningún objeto,Ningún objeto,Levitación,Levitación,Levitación,50,65,107,105,107,86,1,Impresionar,1,Doble Equipo,5,Impactrueno,10,Rayo Confuso,15,Carga,20,Bola Voltio,25,Onda Trueno,30,Onda Voltio,35,Infortunio,40,Sustituto,45,Truco,50,Chispazo,55,Alboroto,,,,,,,,,,,,,,,,,,,,,,,,,,,,,,,,,,,,,,,,,,,,,,,,,,,,,,,,,,,,,,,,,,,,,,,,,,,Día Soleado,Pantalla de Luz,Protección,Danza Lluvia,Rayo,Trueno,Bola Sombra,Doble Equipo,Reflejo,Onda Voltio,Imagen,Voltiocambio,Descanso,Ladrón,Voltio Cruel,Aguante,Fuego Fatuo,Maquinación,Destello,Onda Trueno,Autosugestión,Pulso Umbrío,Brillo Mágico,,,,,,,,,,,,,,,,,,,,,,,,,,,,,,,,,,,,,,,,,,,,,,,,,,,,,,,,,,,,,,,,,,,,,,,,,,,,,,,,,,,,,,,,,,,,,,,,,,,,,,,,,,,,,,,,,,,,,,,,,,,,,,,,,,,,,,,,,,,,,,,,,,,,,,,,,,,,,,,,,,,,,,,,,,,,,,,,,,,,,,,,,,,,,,,,,,,,,,,,,,,,,,,,,,,,,,,,,,,,,,,,,,,,,,,,,,,,,,,,,,,,,,,,,,,,,,,,,,,,,,,,,,,,,,,,,,,,,,,,,,,,,,,,,,,,,,,,,,,,,,,,,,,,,,,,,,,,,,,,,,,,,,,,,,,,
Giratina Forma Origen,1191,487,1,Fantasma,Dragón,No Eggs,No Eggs,Ningún objeto,Ningún objeto,Ningún objeto,Levitación,Levitación,Levitación,150,120,100,120,100,90,1,Despejar,1,Sombra Vil,7,Dragoaliento,14,Poder Pasado,21,Infortunio,28,Cuchillada,35,Cara Susto,42,Garra Umbría,49,Golpe Umbrío,56,Divide Dolor,63,Esfera Aural,70,Garra Dragón,77,Tierra Viva,84,Mismo Destino,,,,,,,,,,,,,,,,,,,,,,,,,,,,,,,,,,,,,,,,,,,,,,,,,,,,,,,,,,,,,,,,,,,,,,,,,Garra Dragón,Paz Mental,Rugido,Día Soleado,Hiperrayo,Protección,Danza Lluvia,Velo Sagrado,Cola Férrea,Rayo,Trueno,Terremoto,Psíquico,Bola Sombra,Doble Equipo,Onda Voltio,Golpe Aéreo,Imagen,Descanso,Ala de Acero,Energibola,Voltio Cruel,Aguante,Pulso Dragón,Fuego Fatuo,Garra Umbría,Vendetta,Gigaimpacto,Roca Afilada,Onda Trueno,Autosugestión,Pulso Umbrío,Vozarrón,Brillo Mágico,Corte,Vuelo,Fuerza,Despejar,Golpe Roca,Treparrocas,,,,,,,,,,,,,,,,,,,,,,,,,,,,,,,,,,,,,,,,,,,,,,,,,,,,,,,,,,,,,,,,,,,,,,,,,,,,,,,,,,,,,,,,,,,,,,,,,,,,,,,,,,,,,,,,,,,,,,,,,,,,,,,,,,,,,,,,,,,,,,,,,,,,,,,,,,,,,,,,,,,,,,,,,,,,,,,,,,,,,,,,,,,,,,,,,,,,,,,,,,,,,,,,,,,,,,,,,,,,,,,,,,,,,,,,,,,,,,,,,,,,,,,,,,,,,,,,,,,,,,,,,,,,,,,,,,,,,,,,,,,,,,,,,,,,,,,,,,,,,,,,,,,,,,,,,,,
Shaymin Forma Cielo,1192,492,1,Planta,Volador,No Eggs,No Eggs,Baya Ziuela,Ningún objeto,Baya Ziuela,Dicha,Dicha,Dicha,100,103,75,120,75,127,1,Desarrollo,10,Hoja Mágica,19,Drenadoras,28,Ataque Rápido,37,Dulce Aroma,46,Deseo Cura,55,Abatidoras,64,Tajo Aéreo,73,Energibola,82,Beso Dulce,91,Lluevehojas,100,Fulgor Semilla,,,,,,,,,,,,,,,,,,,,,,,,,,,,,,,,,,,,,,,,,,,,,,,,,,,,,,,,,,,,,,,,,,,,,,,,,,,,,Semilladora,Día Soleado,Hiperrayo,Protección,Gigadrenado,Velo Sagrado,Comesueños,Rayo Solar,Psíquico,Doble Equipo,Imagen,Descanso,Energibola,Aguante,Gigaimpacto,Destello,Danza Espada,Autosugestión,Hierba Lazo,,,,,,,,,,,,,,,,,,,,,,,,,,,,,,,,,,,,,,,,,,,,,,,,,,,,,,,,,,,,,,,,,,,,,,,,,,,,,,,,,,,,,,,,,,,,,,,,,,,,,,,,,,,,,,,,,,,,,,,,,,,,,,,,,,,,,,,,,,,,,,,,,,,,,,,,,,,,,,,,,,,,,,,,,,,,,,,,,,,,,,,,,,,,,,,,,,,,,,,,,,,,,,,,,,,,,,,,,,,,,,,,,,,,,,,,,,,,,,,,,,,,,,,,,,,,,,,,,,,,,,,,,,,,,,,,,,,,,,,,,,,,,,,,,,,,,,,,,,,,,,,,,,,,,,,,,,,,,,,,,,,,,,,,,,,,,,,,
Forma de Arceus,1193,493,1,Lucha,,No Eggs,No Eggs,Ningún objeto,Ningún objeto,Ningún objeto,Multitipo,Multitipo,Multitipo,120,120,120,120,120,120,1,Masa Cósmica,1,Sísmico,1,Distorsión,1,Corte Vacío,1,Golpe Umbrío,6,Gravedad,10,Tierra Viva,14,Vozarrón,18,Veloc. Extrema,26,Premonición,30,Hiperrayo,34,Canto Mortal,38,Enfado,42,Recuperación,46,Hidrocañón,46,Anillo Ígneo,50,Deseo Cura,50,Sentencia,,,,,,,,,,,,,,,,,,,,,,,,,,,,,,,,,,,,,,,,,,,,,,,,,,,,,,,,,,,,,,,,,Garra Dragón,Hidropulso,Paz Mental,Rugido,Tóxico,Granizo,Semilladora,Poder Oculto,Día Soleado,Rayo Hielo,Ventisca,Hiperrayo,Pantalla de Luz,Protección,Danza Lluvia,Gigadrenado,Velo Sagrado,Rayo Solar,Cola Férrea,Rayo,Trueno,Terremoto,Psíquico,Bola Sombra,Demolición,Doble Equipo,Reflejo,Onda Voltio,Lanzallamas,Bomba Lodo,Tormenta Arena,Llamarada,Tumba Rocas,Golpe Aéreo,Sofoco,Onda Certera,Energibola,Escaldar,Voltio Cruel,Aguante,Pulso Dragón,Fuego Fatuo,Garra Umbría,Vendetta,Reciclaje,Gigaimpacto,Destello,Roca Afilada,Alud,Onda Trueno,Danza Espada,Trampa Rocas,Autosugestión,Alarido,Pulso Umbrío,Avalancha,Tijera X,Vozarrón,Puya Nociva,Brillo Mágico,Hierba Lazo,Vendaval,Foco Resplandor,Espacio Raro,Corte,Vuelo,Surf,Fuerza,Despejar,Golpe Roca,Cascada,Treparrocas,,,,,,,,,,,,,,,,,,,,,,,,,,,,,,,,,,,,,,,,,,,,,,,,,,,,,,,,,,,,,,,,,,,,,,,,,,,,,,,,,,,,,,,,,,,,,,,,,,,,,,,,,,,,,,,,,,,,,,,,,,,,,,,,,,,,,,,,,,,,,,,,,,,,,,,,,,,,,,,,,,,,,,,,,,,,,,,,,,,,,,,,,,,,,,,,,,,,,,,,,,,,,,,,,,,,,,,,,,,,,,,,,,,,,,,,,,,,,,,,,,,,,,,,,,,,,,,,,,,,,,,,,,,,,,,,,,,,,,,,,,,
Forma de Arceus,1194,493,2,Volador,,No Eggs,No Eggs,Ningún objeto,Ningún objeto,Ningún objeto,Multitipo,Multitipo,Multitipo,120,120,120,120,120,120,1,Masa Cósmica,1,Sísmico,1,Distorsión,1,Corte Vacío,1,Golpe Umbrío,6,Gravedad,10,Tierra Viva,14,Vozarrón,18,Veloc. Extrema,26,Premonición,30,Hiperrayo,34,Canto Mortal,38,Enfado,42,Recuperación,46,Hidrocañón,46,Anillo Ígneo,50,Deseo Cura,50,Sentencia,,,,,,,,,,,,,,,,,,,,,,,,,,,,,,,,,,,,,,,,,,,,,,,,,,,,,,,,,,,,,,,,,Garra Dragón,Hidropulso,Paz Mental,Rugido,Tóxico,Granizo,Semilladora,Poder Oculto,Día Soleado,Rayo Hielo,Ventisca,Hiperrayo,Pantalla de Luz,Protección,Danza Lluvia,Gigadrenado,Velo Sagrado,Rayo Solar,Cola Férrea,Rayo,Trueno,Terremoto,Psíquico,Bola Sombra,Demolición,Doble Equipo,Reflejo,Onda Voltio,Lanzallamas,Bomba Lodo,Tormenta Arena,Llamarada,Tumba Rocas,Golpe Aéreo,Sofoco,Onda Certera,Energibola,Escaldar,Voltio Cruel,Aguante,Pulso Dragón,Fuego Fatuo,Garra Umbría,Vendetta,Reciclaje,Gigaimpacto,Destello,Roca Afilada,Alud,Onda Trueno,Danza Espada,Trampa Rocas,Autosugestión,Alarido,Pulso Umbrío,Avalancha,Tijera X,Vozarrón,Puya Nociva,Brillo Mágico,Hierba Lazo,Vendaval,Foco Resplandor,Espacio Raro,Corte,Vuelo,Surf,Fuerza,Despejar,Golpe Roca,Cascada,Treparrocas,,,,,,,,,,,,,,,,,,,,,,,,,,,,,,,,,,,,,,,,,,,,,,,,,,,,,,,,,,,,,,,,,,,,,,,,,,,,,,,,,,,,,,,,,,,,,,,,,,,,,,,,,,,,,,,,,,,,,,,,,,,,,,,,,,,,,,,,,,,,,,,,,,,,,,,,,,,,,,,,,,,,,,,,,,,,,,,,,,,,,,,,,,,,,,,,,,,,,,,,,,,,,,,,,,,,,,,,,,,,,,,,,,,,,,,,,,,,,,,,,,,,,,,,,,,,,,,,,,,,,,,,,,,,,,,,,,,,,,,,,,,
Forma de Arceus,1195,493,3,Veneno,,No Eggs,No Eggs,Ningún objeto,Ningún objeto,Ningún objeto,Multitipo,Multitipo,Multitipo,120,120,120,120,120,120,1,Masa Cósmica,1,Sísmico,1,Distorsión,1,Corte Vacío,1,Golpe Umbrío,6,Gravedad,10,Tierra Viva,14,Vozarrón,18,Veloc. Extrema,26,Premonición,30,Hiperrayo,34,Canto Mortal,38,Enfado,42,Recuperación,46,Hidrocañón,46,Anillo Ígneo,50,Deseo Cura,50,Sentencia,,,,,,,,,,,,,,,,,,,,,,,,,,,,,,,,,,,,,,,,,,,,,,,,,,,,,,,,,,,,,,,,,Garra Dragón,Hidropulso,Paz Mental,Rugido,Tóxico,Granizo,Semilladora,Poder Oculto,Día Soleado,Rayo Hielo,Ventisca,Hiperrayo,Pantalla de Luz,Protección,Danza Lluvia,Gigadrenado,Velo Sagrado,Rayo Solar,Cola Férrea,Rayo,Trueno,Terremoto,Psíquico,Bola Sombra,Demolición,Doble Equipo,Reflejo,Onda Voltio,Lanzallamas,Bomba Lodo,Tormenta Arena,Llamarada,Tumba Rocas,Golpe Aéreo,Sofoco,Onda Certera,Energibola,Escaldar,Voltio Cruel,Aguante,Pulso Dragón,Fuego Fatuo,Garra Umbría,Vendetta,Reciclaje,Gigaimpacto,Destello,Roca Afilada,Alud,Onda Trueno,Danza Espada,Trampa Rocas,Autosugestión,Alarido,Pulso Umbrío,Avalancha,Tijera X,Vozarrón,Puya Nociva,Brillo Mágico,Hierba Lazo,Vendaval,Foco Resplandor,Espacio Raro,Corte,Vuelo,Surf,Fuerza,Despejar,Golpe Roca,Cascada,Treparrocas,,,,,,,,,,,,,,,,,,,,,,,,,,,,,,,,,,,,,,,,,,,,,,,,,,,,,,,,,,,,,,,,,,,,,,,,,,,,,,,,,,,,,,,,,,,,,,,,,,,,,,,,,,,,,,,,,,,,,,,,,,,,,,,,,,,,,,,,,,,,,,,,,,,,,,,,,,,,,,,,,,,,,,,,,,,,,,,,,,,,,,,,,,,,,,,,,,,,,,,,,,,,,,,,,,,,,,,,,,,,,,,,,,,,,,,,,,,,,,,,,,,,,,,,,,,,,,,,,,,,,,,,,,,,,,,,,,,,,,,,,,,
Forma de Arceus,1196,493,4,Tierra,,No Eggs,No Eggs,Ningún objeto,Ningún objeto,Ningún objeto,Multitipo,Multitipo,Multitipo,120,120,120,120,120,120,1,Masa Cósmica,1,Sísmico,1,Distorsión,1,Corte Vacío,1,Golpe Umbrío,6,Gravedad,10,Tierra Viva,14,Vozarrón,18,Veloc. Extrema,26,Premonición,30,Hiperrayo,34,Canto Mortal,38,Enfado,42,Recuperación,46,Hidrocañón,46,Anillo Ígneo,50,Deseo Cura,50,Sentencia,,,,,,,,,,,,,,,,,,,,,,,,,,,,,,,,,,,,,,,,,,,,,,,,,,,,,,,,,,,,,,,,,Garra Dragón,Hidropulso,Paz Mental,Rugido,Tóxico,Granizo,Semilladora,Poder Oculto,Día Soleado,Rayo Hielo,Ventisca,Hiperrayo,Pantalla de Luz,Protección,Danza Lluvia,Gigadrenado,Velo Sagrado,Rayo Solar,Cola Férrea,Rayo,Trueno,Terremoto,Psíquico,Bola Sombra,Demolición,Doble Equipo,Reflejo,Onda Voltio,Lanzallamas,Bomba Lodo,Tormenta Arena,Llamarada,Tumba Rocas,Golpe Aéreo,Sofoco,Onda Certera,Energibola,Escaldar,Voltio Cruel,Aguante,Pulso Dragón,Fuego Fatuo,Garra Umbría,Vendetta,Reciclaje,Gigaimpacto,Destello,Roca Afilada,Alud,Onda Trueno,Danza Espada,Trampa Rocas,Autosugestión,Alarido,Pulso Umbrío,Avalancha,Tijera X,Vozarrón,Puya Nociva,Brillo Mágico,Hierba Lazo,Vendaval,Foco Resplandor,Espacio Raro,Corte,Vuelo,Surf,Fuerza,Despejar,Golpe Roca,Cascada,Treparrocas,,,,,,,,,,,,,,,,,,,,,,,,,,,,,,,,,,,,,,,,,,,,,,,,,,,,,,,,,,,,,,,,,,,,,,,,,,,,,,,,,,,,,,,,,,,,,,,,,,,,,,,,,,,,,,,,,,,,,,,,,,,,,,,,,,,,,,,,,,,,,,,,,,,,,,,,,,,,,,,,,,,,,,,,,,,,,,,,,,,,,,,,,,,,,,,,,,,,,,,,,,,,,,,,,,,,,,,,,,,,,,,,,,,,,,,,,,,,,,,,,,,,,,,,,,,,,,,,,,,,,,,,,,,,,,,,,,,,,,,,,,,
Forma de Arceus,1197,493,5,Roca,,No Eggs,No Eggs,Ningún objeto,Ningún objeto,Ningún objeto,Multitipo,Multitipo,Multitipo,120,120,120,120,120,120,1,Masa Cósmica,1,Sísmico,1,Distorsión,1,Corte Vacío,1,Golpe Umbrío,6,Gravedad,10,Tierra Viva,14,Vozarrón,18,Veloc. Extrema,26,Premonición,30,Hiperrayo,34,Canto Mortal,38,Enfado,42,Recuperación,46,Hidrocañón,46,Anillo Ígneo,50,Deseo Cura,50,Sentencia,,,,,,,,,,,,,,,,,,,,,,,,,,,,,,,,,,,,,,,,,,,,,,,,,,,,,,,,,,,,,,,,,Garra Dragón,Hidropulso,Paz Mental,Rugido,Tóxico,Granizo,Semilladora,Poder Oculto,Día Soleado,Rayo Hielo,Ventisca,Hiperrayo,Pantalla de Luz,Protección,Danza Lluvia,Gigadrenado,Velo Sagrado,Rayo Solar,Cola Férrea,Rayo,Trueno,Terremoto,Psíquico,Bola Sombra,Demolición,Doble Equipo,Reflejo,Onda Voltio,Lanzallamas,Bomba Lodo,Tormenta Arena,Llamarada,Tumba Rocas,Golpe Aéreo,Sofoco,Onda Certera,Energibola,Escaldar,Voltio Cruel,Aguante,Pulso Dragón,Fuego Fatuo,Garra Umbría,Vendetta,Reciclaje,Gigaimpacto,Destello,Roca Afilada,Alud,Onda Trueno,Danza Espada,Trampa Rocas,Autosugestión,Alarido,Pulso Umbrío,Avalancha,Tijera X,Vozarrón,Puya Nociva,Brillo Mágico,Hierba Lazo,Vendaval,Foco Resplandor,Espacio Raro,Corte,Vuelo,Surf,Fuerza,Despejar,Golpe Roca,Cascada,Treparrocas,,,,,,,,,,,,,,,,,,,,,,,,,,,,,,,,,,,,,,,,,,,,,,,,,,,,,,,,,,,,,,,,,,,,,,,,,,,,,,,,,,,,,,,,,,,,,,,,,,,,,,,,,,,,,,,,,,,,,,,,,,,,,,,,,,,,,,,,,,,,,,,,,,,,,,,,,,,,,,,,,,,,,,,,,,,,,,,,,,,,,,,,,,,,,,,,,,,,,,,,,,,,,,,,,,,,,,,,,,,,,,,,,,,,,,,,,,,,,,,,,,,,,,,,,,,,,,,,,,,,,,,,,,,,,,,,,,,,,,,,,,,
Forma de Arceus,1198,493,6,Bicho,,No Eggs,No Eggs,Ningún objeto,Ningún objeto,Ningún objeto,Multitipo,Multitipo,Multitipo,120,120,120,120,120,120,1,Masa Cósmica,1,Sísmico,1,Distorsión,1,Corte Vacío,1,Golpe Umbrío,6,Gravedad,10,Tierra Viva,14,Vozarrón,18,Veloc. Extrema,26,Premonición,30,Hiperrayo,34,Canto Mortal,38,Enfado,42,Recuperación,46,Hidrocañón,46,Anillo Ígneo,50,Deseo Cura,50,Sentencia,,,,,,,,,,,,,,,,,,,,,,,,,,,,,,,,,,,,,,,,,,,,,,,,,,,,,,,,,,,,,,,,,Garra Dragón,Hidropulso,Paz Mental,Rugido,Tóxico,Granizo,Semilladora,Poder Oculto,Día Soleado,Rayo Hielo,Ventisca,Hiperrayo,Pantalla de Luz,Protección,Danza Lluvia,Gigadrenado,Velo Sagrado,Rayo Solar,Cola Férrea,Rayo,Trueno,Terremoto,Psíquico,Bola Sombra,Demolición,Doble Equipo,Reflejo,Onda Voltio,Lanzallamas,Bomba Lodo,Tormenta Arena,Llamarada,Tumba Rocas,Golpe Aéreo,Sofoco,Onda Certera,Energibola,Escaldar,Voltio Cruel,Aguante,Pulso Dragón,Fuego Fatuo,Garra Umbría,Vendetta,Reciclaje,Gigaimpacto,Destello,Roca Afilada,Alud,Onda Trueno,Danza Espada,Trampa Rocas,Autosugestión,Alarido,Pulso Umbrío,Avalancha,Tijera X,Vozarrón,Puya Nociva,Brillo Mágico,Hierba Lazo,Vendaval,Foco Resplandor,Espacio Raro,Corte,Vuelo,Surf,Fuerza,Despejar,Golpe Roca,Cascada,Treparrocas,,,,,,,,,,,,,,,,,,,,,,,,,,,,,,,,,,,,,,,,,,,,,,,,,,,,,,,,,,,,,,,,,,,,,,,,,,,,,,,,,,,,,,,,,,,,,,,,,,,,,,,,,,,,,,,,,,,,,,,,,,,,,,,,,,,,,,,,,,,,,,,,,,,,,,,,,,,,,,,,,,,,,,,,,,,,,,,,,,,,,,,,,,,,,,,,,,,,,,,,,,,,,,,,,,,,,,,,,,,,,,,,,,,,,,,,,,,,,,,,,,,,,,,,,,,,,,,,,,,,,,,,,,,,,,,,,,,,,,,,,,,
Forma de Arceus,1199,493,7,Fantasma,,No Eggs,No Eggs,Ningún objeto,Ningún objeto,Ningún objeto,Multitipo,Multitipo,Multitipo,120,120,120,120,120,120,1,Masa Cósmica,1,Sísmico,1,Distorsión,1,Corte Vacío,1,Golpe Umbrío,6,Gravedad,10,Tierra Viva,14,Vozarrón,18,Veloc. Extrema,26,Premonición,30,Hiperrayo,34,Canto Mortal,38,Enfado,42,Recuperación,46,Hidrocañón,46,Anillo Ígneo,50,Deseo Cura,50,Sentencia,,,,,,,,,,,,,,,,,,,,,,,,,,,,,,,,,,,,,,,,,,,,,,,,,,,,,,,,,,,,,,,,,Garra Dragón,Hidropulso,Paz Mental,Rugido,Tóxico,Granizo,Semilladora,Poder Oculto,Día Soleado,Rayo Hielo,Ventisca,Hiperrayo,Pantalla de Luz,Protección,Danza Lluvia,Gigadrenado,Velo Sagrado,Rayo Solar,Cola Férrea,Rayo,Trueno,Terremoto,Psíquico,Bola Sombra,Demolición,Doble Equipo,Reflejo,Onda Voltio,Lanzallamas,Bomba Lodo,Tormenta Arena,Llamarada,Tumba Rocas,Golpe Aéreo,Sofoco,Onda Certera,Energibola,Escaldar,Voltio Cruel,Aguante,Pulso Dragón,Fuego Fatuo,Garra Umbría,Vendetta,Reciclaje,Gigaimpacto,Destello,Roca Afilada,Alud,Onda Trueno,Danza Espada,Trampa Rocas,Autosugestión,Alarido,Pulso Umbrío,Avalancha,Tijera X,Vozarrón,Puya Nociva,Brillo Mágico,Hierba Lazo,Vendaval,Foco Resplandor,Espacio Raro,Corte,Vuelo,Surf,Fuerza,Despejar,Golpe Roca,Cascada,Treparrocas,,,,,,,,,,,,,,,,,,,,,,,,,,,,,,,,,,,,,,,,,,,,,,,,,,,,,,,,,,,,,,,,,,,,,,,,,,,,,,,,,,,,,,,,,,,,,,,,,,,,,,,,,,,,,,,,,,,,,,,,,,,,,,,,,,,,,,,,,,,,,,,,,,,,,,,,,,,,,,,,,,,,,,,,,,,,,,,,,,,,,,,,,,,,,,,,,,,,,,,,,,,,,,,,,,,,,,,,,,,,,,,,,,,,,,,,,,,,,,,,,,,,,,,,,,,,,,,,,,,,,,,,,,,,,,,,,,,,,,,,,,,
Forma de Arceus,1200,493,8,Acero,,No Eggs,No Eggs,Ningún objeto,Ningún objeto,Ningún objeto,Multitipo,Multitipo,Multitipo,120,120,120,120,120,120,1,Masa Cósmica,1,Sísmico,1,Distorsión,1,Corte Vacío,1,Golpe Umbrío,6,Gravedad,10,Tierra Viva,14,Vozarrón,18,Veloc. Extrema,26,Premonición,30,Hiperrayo,34,Canto Mortal,38,Enfado,42,Recuperación,46,Hidrocañón,46,Anillo Ígneo,50,Deseo Cura,50,Sentencia,,,,,,,,,,,,,,,,,,,,,,,,,,,,,,,,,,,,,,,,,,,,,,,,,,,,,,,,,,,,,,,,,Garra Dragón,Hidropulso,Paz Mental,Rugido,Tóxico,Granizo,Semilladora,Poder Oculto,Día Soleado,Rayo Hielo,Ventisca,Hiperrayo,Pantalla de Luz,Protección,Danza Lluvia,Gigadrenado,Velo Sagrado,Rayo Solar,Cola Férrea,Rayo,Trueno,Terremoto,Psíquico,Bola Sombra,Demolición,Doble Equipo,Reflejo,Onda Voltio,Lanzallamas,Bomba Lodo,Tormenta Arena,Llamarada,Tumba Rocas,Golpe Aéreo,Sofoco,Onda Certera,Energibola,Escaldar,Voltio Cruel,Aguante,Pulso Dragón,Fuego Fatuo,Garra Umbría,Vendetta,Reciclaje,Gigaimpacto,Destello,Roca Afilada,Alud,Onda Trueno,Danza Espada,Trampa Rocas,Autosugestión,Alarido,Pulso Umbrío,Avalancha,Tijera X,Vozarrón,Puya Nociva,Brillo Mágico,Hierba Lazo,Vendaval,Foco Resplandor,Espacio Raro,Corte,Vuelo,Surf,Fuerza,Despejar,Golpe Roca,Cascada,Treparrocas,,,,,,,,,,,,,,,,,,,,,,,,,,,,,,,,,,,,,,,,,,,,,,,,,,,,,,,,,,,,,,,,,,,,,,,,,,,,,,,,,,,,,,,,,,,,,,,,,,,,,,,,,,,,,,,,,,,,,,,,,,,,,,,,,,,,,,,,,,,,,,,,,,,,,,,,,,,,,,,,,,,,,,,,,,,,,,,,,,,,,,,,,,,,,,,,,,,,,,,,,,,,,,,,,,,,,,,,,,,,,,,,,,,,,,,,,,,,,,,,,,,,,,,,,,,,,,,,,,,,,,,,,,,,,,,,,,,,,,,,,,,
Forma de Arceus,1201,493,9,Fuego,,No Eggs,No Eggs,Ningún objeto,Ningún objeto,Ningún objeto,Multitipo,Multitipo,Multitipo,120,120,120,120,120,120,1,Masa Cósmica,1,Sísmico,1,Distorsión,1,Corte Vacío,1,Golpe Umbrío,6,Gravedad,10,Tierra Viva,14,Vozarrón,18,Veloc. Extrema,26,Premonición,30,Hiperrayo,34,Canto Mortal,38,Enfado,42,Recuperación,46,Hidrocañón,46,Anillo Ígneo,50,Deseo Cura,50,Sentencia,,,,,,,,,,,,,,,,,,,,,,,,,,,,,,,,,,,,,,,,,,,,,,,,,,,,,,,,,,,,,,,,,Garra Dragón,Hidropulso,Paz Mental,Rugido,Tóxico,Granizo,Semilladora,Poder Oculto,Día Soleado,Rayo Hielo,Ventisca,Hiperrayo,Pantalla de Luz,Protección,Danza Lluvia,Gigadrenado,Velo Sagrado,Rayo Solar,Cola Férrea,Rayo,Trueno,Terremoto,Psíquico,Bola Sombra,Demolición,Doble Equipo,Reflejo,Onda Voltio,Lanzallamas,Bomba Lodo,Tormenta Arena,Llamarada,Tumba Rocas,Golpe Aéreo,Sofoco,Onda Certera,Energibola,Escaldar,Voltio Cruel,Aguante,Pulso Dragón,Fuego Fatuo,Garra Umbría,Vendetta,Reciclaje,Gigaimpacto,Destello,Roca Afilada,Alud,Onda Trueno,Danza Espada,Trampa Rocas,Autosugestión,Alarido,Pulso Umbrío,Avalancha,Tijera X,Vozarrón,Puya Nociva,Brillo Mágico,Hierba Lazo,Vendaval,Foco Resplandor,Espacio Raro,Corte,Vuelo,Surf,Fuerza,Despejar,Golpe Roca,Cascada,Treparrocas,,,,,,,,,,,,,,,,,,,,,,,,,,,,,,,,,,,,,,,,,,,,,,,,,,,,,,,,,,,,,,,,,,,,,,,,,,,,,,,,,,,,,,,,,,,,,,,,,,,,,,,,,,,,,,,,,,,,,,,,,,,,,,,,,,,,,,,,,,,,,,,,,,,,,,,,,,,,,,,,,,,,,,,,,,,,,,,,,,,,,,,,,,,,,,,,,,,,,,,,,,,,,,,,,,,,,,,,,,,,,,,,,,,,,,,,,,,,,,,,,,,,,,,,,,,,,,,,,,,,,,,,,,,,,,,,,,,,,,,,,,,
Forma de Arceus,1202,493,10,Agua,,No Eggs,No Eggs,Ningún objeto,Ningún objeto,Ningún objeto,Multitipo,Multitipo,Multitipo,120,120,120,120,120,120,1,Masa Cósmica,1,Sísmico,1,Distorsión,1,Corte Vacío,1,Golpe Umbrío,6,Gravedad,10,Tierra Viva,14,Vozarrón,18,Veloc. Extrema,26,Premonición,30,Hiperrayo,34,Canto Mortal,38,Enfado,42,Recuperación,46,Hidrocañón,46,Anillo Ígneo,50,Deseo Cura,50,Sentencia,,,,,,,,,,,,,,,,,,,,,,,,,,,,,,,,,,,,,,,,,,,,,,,,,,,,,,,,,,,,,,,,,Garra Dragón,Hidropulso,Paz Mental,Rugido,Tóxico,Granizo,Semilladora,Poder Oculto,Día Soleado,Rayo Hielo,Ventisca,Hiperrayo,Pantalla de Luz,Protección,Danza Lluvia,Gigadrenado,Velo Sagrado,Rayo Solar,Cola Férrea,Rayo,Trueno,Terremoto,Psíquico,Bola Sombra,Demolición,Doble Equipo,Reflejo,Onda Voltio,Lanzallamas,Bomba Lodo,Tormenta Arena,Llamarada,Tumba Rocas,Golpe Aéreo,Sofoco,Onda Certera,Energibola,Escaldar,Voltio Cruel,Aguante,Pulso Dragón,Fuego Fatuo,Garra Umbría,Vendetta,Reciclaje,Gigaimpacto,Destello,Roca Afilada,Alud,Onda Trueno,Danza Espada,Trampa Rocas,Autosugestión,Alarido,Pulso Umbrío,Avalancha,Tijera X,Vozarrón,Puya Nociva,Brillo Mágico,Hierba Lazo,Vendaval,Foco Resplandor,Espacio Raro,Corte,Vuelo,Surf,Fuerza,Despejar,Golpe Roca,Cascada,Treparrocas,,,,,,,,,,,,,,,,,,,,,,,,,,,,,,,,,,,,,,,,,,,,,,,,,,,,,,,,,,,,,,,,,,,,,,,,,,,,,,,,,,,,,,,,,,,,,,,,,,,,,,,,,,,,,,,,,,,,,,,,,,,,,,,,,,,,,,,,,,,,,,,,,,,,,,,,,,,,,,,,,,,,,,,,,,,,,,,,,,,,,,,,,,,,,,,,,,,,,,,,,,,,,,,,,,,,,,,,,,,,,,,,,,,,,,,,,,,,,,,,,,,,,,,,,,,,,,,,,,,,,,,,,,,,,,,,,,,,,,,,,,,
Forma de Arceus,1203,493,11,Planta,,No Eggs,No Eggs,Ningún objeto,Ningún objeto,Ningún objeto,Multitipo,Multitipo,Multitipo,120,120,120,120,120,120,1,Masa Cósmica,1,Sísmico,1,Distorsión,1,Corte Vacío,1,Golpe Umbrío,6,Gravedad,10,Tierra Viva,14,Vozarrón,18,Veloc. Extrema,26,Premonición,30,Hiperrayo,34,Canto Mortal,38,Enfado,42,Recuperación,46,Hidrocañón,46,Anillo Ígneo,50,Deseo Cura,50,Sentencia,,,,,,,,,,,,,,,,,,,,,,,,,,,,,,,,,,,,,,,,,,,,,,,,,,,,,,,,,,,,,,,,,Garra Dragón,Hidropulso,Paz Mental,Rugido,Tóxico,Granizo,Semilladora,Poder Oculto,Día Soleado,Rayo Hielo,Ventisca,Hiperrayo,Pantalla de Luz,Protección,Danza Lluvia,Gigadrenado,Velo Sagrado,Rayo Solar,Cola Férrea,Rayo,Trueno,Terremoto,Psíquico,Bola Sombra,Demolición,Doble Equipo,Reflejo,Onda Voltio,Lanzallamas,Bomba Lodo,Tormenta Arena,Llamarada,Tumba Rocas,Golpe Aéreo,Sofoco,Onda Certera,Energibola,Escaldar,Voltio Cruel,Aguante,Pulso Dragón,Fuego Fatuo,Garra Umbría,Vendetta,Reciclaje,Gigaimpacto,Destello,Roca Afilada,Alud,Onda Trueno,Danza Espada,Trampa Rocas,Autosugestión,Alarido,Pulso Umbrío,Avalancha,Tijera X,Vozarrón,Puya Nociva,Brillo Mágico,Hierba Lazo,Vendaval,Foco Resplandor,Espacio Raro,Corte,Vuelo,Surf,Fuerza,Despejar,Golpe Roca,Cascada,Treparrocas,,,,,,,,,,,,,,,,,,,,,,,,,,,,,,,,,,,,,,,,,,,,,,,,,,,,,,,,,,,,,,,,,,,,,,,,,,,,,,,,,,,,,,,,,,,,,,,,,,,,,,,,,,,,,,,,,,,,,,,,,,,,,,,,,,,,,,,,,,,,,,,,,,,,,,,,,,,,,,,,,,,,,,,,,,,,,,,,,,,,,,,,,,,,,,,,,,,,,,,,,,,,,,,,,,,,,,,,,,,,,,,,,,,,,,,,,,,,,,,,,,,,,,,,,,,,,,,,,,,,,,,,,,,,,,,,,,,,,,,,,,,
Forma de Arceus,1204,493,12,Eléctrico,,No Eggs,No Eggs,Ningún objeto,Ningún objeto,Ningún objeto,Multitipo,Multitipo,Multitipo,120,120,120,120,120,120,1,Masa Cósmica,1,Sísmico,1,Distorsión,1,Corte Vacío,1,Golpe Umbrío,6,Gravedad,10,Tierra Viva,14,Vozarrón,18,Veloc. Extrema,26,Premonición,30,Hiperrayo,34,Canto Mortal,38,Enfado,42,Recuperación,46,Hidrocañón,46,Anillo Ígneo,50,Deseo Cura,50,Sentencia,,,,,,,,,,,,,,,,,,,,,,,,,,,,,,,,,,,,,,,,,,,,,,,,,,,,,,,,,,,,,,,,,Garra Dragón,Hidropulso,Paz Mental,Rugido,Tóxico,Granizo,Semilladora,Poder Oculto,Día Soleado,Rayo Hielo,Ventisca,Hiperrayo,Pantalla de Luz,Protección,Danza Lluvia,Gigadrenado,Velo Sagrado,Rayo Solar,Cola Férrea,Rayo,Trueno,Terremoto,Psíquico,Bola Sombra,Demolición,Doble Equipo,Reflejo,Onda Voltio,Lanzallamas,Bomba Lodo,Tormenta Arena,Llamarada,Tumba Rocas,Golpe Aéreo,Sofoco,Onda Certera,Energibola,Escaldar,Voltio Cruel,Aguante,Pulso Dragón,Fuego Fatuo,Garra Umbría,Vendetta,Reciclaje,Gigaimpacto,Destello,Roca Afilada,Alud,Onda Trueno,Danza Espada,Trampa Rocas,Autosugestión,Alarido,Pulso Umbrío,Avalancha,Tijera X,Vozarrón,Puya Nociva,Brillo Mágico,Hierba Lazo,Vendaval,Foco Resplandor,Espacio Raro,Corte,Vuelo,Surf,Fuerza,Despejar,Golpe Roca,Cascada,Treparrocas,,,,,,,,,,,,,,,,,,,,,,,,,,,,,,,,,,,,,,,,,,,,,,,,,,,,,,,,,,,,,,,,,,,,,,,,,,,,,,,,,,,,,,,,,,,,,,,,,,,,,,,,,,,,,,,,,,,,,,,,,,,,,,,,,,,,,,,,,,,,,,,,,,,,,,,,,,,,,,,,,,,,,,,,,,,,,,,,,,,,,,,,,,,,,,,,,,,,,,,,,,,,,,,,,,,,,,,,,,,,,,,,,,,,,,,,,,,,,,,,,,,,,,,,,,,,,,,,,,,,,,,,,,,,,,,,,,,,,,,,,,,
Forma de Arceus,1205,493,13,Psíquico,,No Eggs,No Eggs,Ningún objeto,Ningún objeto,Ningún objeto,Multitipo,Multitipo,Multitipo,120,120,120,120,120,120,1,Masa Cósmica,1,Sísmico,1,Distorsión,1,Corte Vacío,1,Golpe Umbrío,6,Gravedad,10,Tierra Viva,14,Vozarrón,18,Veloc. Extrema,26,Premonición,30,Hiperrayo,34,Canto Mortal,38,Enfado,42,Recuperación,46,Hidrocañón,46,Anillo Ígneo,50,Deseo Cura,50,Sentencia,,,,,,,,,,,,,,,,,,,,,,,,,,,,,,,,,,,,,,,,,,,,,,,,,,,,,,,,,,,,,,,,,Garra Dragón,Hidropulso,Paz Mental,Rugido,Tóxico,Granizo,Semilladora,Poder Oculto,Día Soleado,Rayo Hielo,Ventisca,Hiperrayo,Pantalla de Luz,Protección,Danza Lluvia,Gigadrenado,Velo Sagrado,Rayo Solar,Cola Férrea,Rayo,Trueno,Terremoto,Psíquico,Bola Sombra,Demolición,Doble Equipo,Reflejo,Onda Voltio,Lanzallamas,Bomba Lodo,Tormenta Arena,Llamarada,Tumba Rocas,Golpe Aéreo,Sofoco,Onda Certera,Energibola,Escaldar,Voltio Cruel,Aguante,Pulso Dragón,Fuego Fatuo,Garra Umbría,Vendetta,Reciclaje,Gigaimpacto,Destello,Roca Afilada,Alud,Onda Trueno,Danza Espada,Trampa Rocas,Autosugestión,Alarido,Pulso Umbrío,Avalancha,Tijera X,Vozarrón,Puya Nociva,Brillo Mágico,Hierba Lazo,Vendaval,Foco Resplandor,Espacio Raro,Corte,Vuelo,Surf,Fuerza,Despejar,Golpe Roca,Cascada,Treparrocas,,,,,,,,,,,,,,,,,,,,,,,,,,,,,,,,,,,,,,,,,,,,,,,,,,,,,,,,,,,,,,,,,,,,,,,,,,,,,,,,,,,,,,,,,,,,,,,,,,,,,,,,,,,,,,,,,,,,,,,,,,,,,,,,,,,,,,,,,,,,,,,,,,,,,,,,,,,,,,,,,,,,,,,,,,,,,,,,,,,,,,,,,,,,,,,,,,,,,,,,,,,,,,,,,,,,,,,,,,,,,,,,,,,,,,,,,,,,,,,,,,,,,,,,,,,,,,,,,,,,,,,,,,,,,,,,,,,,,,,,,,,
Forma de Arceus,1206,493,14,Hielo,,No Eggs,No Eggs,Ningún objeto,Ningún objeto,Ningún objeto,Multitipo,Multitipo,Multitipo,120,120,120,120,120,120,1,Masa Cósmica,1,Sísmico,1,Distorsión,1,Corte Vacío,1,Golpe Umbrío,6,Gravedad,10,Tierra Viva,14,Vozarrón,18,Veloc. Extrema,26,Premonición,30,Hiperrayo,34,Canto Mortal,38,Enfado,42,Recuperación,46,Hidrocañón,46,Anillo Ígneo,50,Deseo Cura,50,Sentencia,,,,,,,,,,,,,,,,,,,,,,,,,,,,,,,,,,,,,,,,,,,,,,,,,,,,,,,,,,,,,,,,,Garra Dragón,Hidropulso,Paz Mental,Rugido,Tóxico,Granizo,Semilladora,Poder Oculto,Día Soleado,Rayo Hielo,Ventisca,Hiperrayo,Pantalla de Luz,Protección,Danza Lluvia,Gigadrenado,Velo Sagrado,Rayo Solar,Cola Férrea,Rayo,Trueno,Terremoto,Psíquico,Bola Sombra,Demolición,Doble Equipo,Reflejo,Onda Voltio,Lanzallamas,Bomba Lodo,Tormenta Arena,Llamarada,Tumba Rocas,Golpe Aéreo,Sofoco,Onda Certera,Energibola,Escaldar,Voltio Cruel,Aguante,Pulso Dragón,Fuego Fatuo,Garra Umbría,Vendetta,Reciclaje,Gigaimpacto,Destello,Roca Afilada,Alud,Onda Trueno,Danza Espada,Trampa Rocas,Autosugestión,Alarido,Pulso Umbrío,Avalancha,Tijera X,Vozarrón,Puya Nociva,Brillo Mágico,Hierba Lazo,Vendaval,Foco Resplandor,Espacio Raro,Corte,Vuelo,Surf,Fuerza,Despejar,Golpe Roca,Cascada,Treparrocas,,,,,,,,,,,,,,,,,,,,,,,,,,,,,,,,,,,,,,,,,,,,,,,,,,,,,,,,,,,,,,,,,,,,,,,,,,,,,,,,,,,,,,,,,,,,,,,,,,,,,,,,,,,,,,,,,,,,,,,,,,,,,,,,,,,,,,,,,,,,,,,,,,,,,,,,,,,,,,,,,,,,,,,,,,,,,,,,,,,,,,,,,,,,,,,,,,,,,,,,,,,,,,,,,,,,,,,,,,,,,,,,,,,,,,,,,,,,,,,,,,,,,,,,,,,,,,,,,,,,,,,,,,,,,,,,,,,,,,,,,,,
Forma de Arceus,1207,493,15,Dragón,,No Eggs,No Eggs,Ningún objeto,Ningún objeto,Ningún objeto,Multitipo,Multitipo,Multitipo,120,120,120,120,120,120,1,Masa Cósmica,1,Sísmico,1,Distorsión,1,Corte Vacío,1,Golpe Umbrío,6,Gravedad,10,Tierra Viva,14,Vozarrón,18,Veloc. Extrema,26,Premonición,30,Hiperrayo,34,Canto Mortal,38,Enfado,42,Recuperación,46,Hidrocañón,46,Anillo Ígneo,50,Deseo Cura,50,Sentencia,,,,,,,,,,,,,,,,,,,,,,,,,,,,,,,,,,,,,,,,,,,,,,,,,,,,,,,,,,,,,,,,,Garra Dragón,Hidropulso,Paz Mental,Rugido,Tóxico,Granizo,Semilladora,Poder Oculto,Día Soleado,Rayo Hielo,Ventisca,Hiperrayo,Pantalla de Luz,Protección,Danza Lluvia,Gigadrenado,Velo Sagrado,Rayo Solar,Cola Férrea,Rayo,Trueno,Terremoto,Psíquico,Bola Sombra,Demolición,Doble Equipo,Reflejo,Onda Voltio,Lanzallamas,Bomba Lodo,Tormenta Arena,Llamarada,Tumba Rocas,Golpe Aéreo,Sofoco,Onda Certera,Energibola,Escaldar,Voltio Cruel,Aguante,Pulso Dragón,Fuego Fatuo,Garra Umbría,Vendetta,Reciclaje,Gigaimpacto,Destello,Roca Afilada,Alud,Onda Trueno,Danza Espada,Trampa Rocas,Autosugestión,Alarido,Pulso Umbrío,Avalancha,Tijera X,Vozarrón,Puya Nociva,Brillo Mágico,Hierba Lazo,Vendaval,Foco Resplandor,Espacio Raro,Corte,Vuelo,Surf,Fuerza,Despejar,Golpe Roca,Cascada,Treparrocas,,,,,,,,,,,,,,,,,,,,,,,,,,,,,,,,,,,,,,,,,,,,,,,,,,,,,,,,,,,,,,,,,,,,,,,,,,,,,,,,,,,,,,,,,,,,,,,,,,,,,,,,,,,,,,,,,,,,,,,,,,,,,,,,,,,,,,,,,,,,,,,,,,,,,,,,,,,,,,,,,,,,,,,,,,,,,,,,,,,,,,,,,,,,,,,,,,,,,,,,,,,,,,,,,,,,,,,,,,,,,,,,,,,,,,,,,,,,,,,,,,,,,,,,,,,,,,,,,,,,,,,,,,,,,,,,,,,,,,,,,,,
Forma de Arceus,1208,493,16,Siniestro,,No Eggs,No Eggs,Ningún objeto,Ningún objeto,Ningún objeto,Multitipo,Multitipo,Multitipo,120,120,120,120,120,120,1,Masa Cósmica,1,Sísmico,1,Distorsión,1,Corte Vacío,1,Golpe Umbrío,6,Gravedad,10,Tierra Viva,14,Vozarrón,18,Veloc. Extrema,26,Premonición,30,Hiperrayo,34,Canto Mortal,38,Enfado,42,Recuperación,46,Hidrocañón,46,Anillo Ígneo,50,Deseo Cura,50,Sentencia,,,,,,,,,,,,,,,,,,,,,,,,,,,,,,,,,,,,,,,,,,,,,,,,,,,,,,,,,,,,,,,,,Garra Dragón,Hidropulso,Paz Mental,Rugido,Tóxico,Granizo,Semilladora,Poder Oculto,Día Soleado,Rayo Hielo,Ventisca,Hiperrayo,Pantalla de Luz,Protección,Danza Lluvia,Gigadrenado,Velo Sagrado,Rayo Solar,Cola Férrea,Rayo,Trueno,Terremoto,Psíquico,Bola Sombra,Demolición,Doble Equipo,Reflejo,Onda Voltio,Lanzallamas,Bomba Lodo,Tormenta Arena,Llamarada,Tumba Rocas,Golpe Aéreo,Sofoco,Onda Certera,Energibola,Escaldar,Voltio Cruel,Aguante,Pulso Dragón,Fuego Fatuo,Garra Umbría,Vendetta,Reciclaje,Gigaimpacto,Destello,Roca Afilada,Alud,Onda Trueno,Danza Espada,Trampa Rocas,Autosugestión,Alarido,Pulso Umbrío,Avalancha,Tijera X,Vozarrón,Puya Nociva,Brillo Mágico,Hierba Lazo,Vendaval,Foco Resplandor,Espacio Raro,Corte,Vuelo,Surf,Fuerza,Despejar,Golpe Roca,Cascada,Treparrocas,,,,,,,,,,,,,,,,,,,,,,,,,,,,,,,,,,,,,,,,,,,,,,,,,,,,,,,,,,,,,,,,,,,,,,,,,,,,,,,,,,,,,,,,,,,,,,,,,,,,,,,,,,,,,,,,,,,,,,,,,,,,,,,,,,,,,,,,,,,,,,,,,,,,,,,,,,,,,,,,,,,,,,,,,,,,,,,,,,,,,,,,,,,,,,,,,,,,,,,,,,,,,,,,,,,,,,,,,,,,,,,,,,,,,,,,,,,,,,,,,,,,,,,,,,,,,,,,,,,,,,,,,,,,,,,,,,,,,,,,,,,
Forma de Arceus,1209,493,17,Hada,,No Eggs,No Eggs,Ningún objeto,Ningún objeto,Ningún objeto,Multitipo,Multitipo,Multitipo,120,120,120,120,120,120,1,Masa Cósmica,1,Sísmico,1,Distorsión,1,Corte Vacío,1,Golpe Umbrío,6,Gravedad,10,Tierra Viva,14,Vozarrón,18,Veloc. Extrema,26,Premonición,30,Hiperrayo,34,Canto Mortal,38,Enfado,42,Recuperación,46,Hidrocañón,46,Anillo Ígneo,50,Deseo Cura,50,Sentencia,,,,,,,,,,,,,,,,,,,,,,,,,,,,,,,,,,,,,,,,,,,,,,,,,,,,,,,,,,,,,,,,,Garra Dragón,Hidropulso,Paz Mental,Rugido,Tóxico,Granizo,Semilladora,Poder Oculto,Día Soleado,Rayo Hielo,Ventisca,Hiperrayo,Pantalla de Luz,Protección,Danza Lluvia,Gigadrenado,Velo Sagrado,Rayo Solar,Cola Férrea,Rayo,Trueno,Terremoto,Psíquico,Bola Sombra,Demolición,Doble Equipo,Reflejo,Onda Voltio,Lanzallamas,Bomba Lodo,Tormenta Arena,Llamarada,Tumba Rocas,Golpe Aéreo,Sofoco,Onda Certera,Energibola,Escaldar,Voltio Cruel,Aguante,Pulso Dragón,Fuego Fatuo,Garra Umbría,Vendetta,Reciclaje,Gigaimpacto,Destello,Roca Afilada,Alud,Onda Trueno,Danza Espada,Trampa Rocas,Autosugestión,Alarido,Pulso Umbrío,Avalancha,Tijera X,Vozarrón,Puya Nociva,Brillo Mágico,Hierba Lazo,Vendaval,Foco Resplandor,Espacio Raro,Corte,Vuelo,Surf,Fuerza,Despejar,Golpe Roca,Cascada,Treparrocas,,,,,,,,,,,,,,,,,,,,,,,,,,,,,,,,,,,,,,,,,,,,,,,,,,,,,,,,,,,,,,,,,,,,,,,,,,,,,,,,,,,,,,,,,,,,,,,,,,,,,,,,,,,,,,,,,,,,,,,,,,,,,,,,,,,,,,,,,,,,,,,,,,,,,,,,,,,,,,,,,,,,,,,,,,,,,,,,,,,,,,,,,,,,,,,,,,,,,,,,,,,,,,,,,,,,,,,,,,,,,,,,,,,,,,,,,,,,,,,,,,,,,,,,,,,,,,,,,,,,,,,,,,,,,,,,,,,,,,,,,,,
